ISO-10303-21;
HEADER;
/* Generated by software containing ST-Developer
 * from STEP Tools, Inc. (www.steptools.com) 
 */

FILE_DESCRIPTION(
/* description */ ('STEP AP203'),
/* implementation_level */ '2;1');

FILE_NAME(
/* name */ 'Front Main Lid.step',
/* time_stamp */ '2025-12-10T20:18:27+01:00',
/* author */ (''),
/* organization */ (''),
/* preprocessor_version */ 'ST-DEVELOPER v20.1',
/* originating_system */ 'Autodesk Translation Framework v14.21.0.0',
/* authorisation */ '');

FILE_SCHEMA (('AUTOMOTIVE_DESIGN { 1 0 10303 214 3 1 1 }'));
ENDSEC;

DATA;
#10=MECHANICAL_DESIGN_GEOMETRIC_PRESENTATION_REPRESENTATION('',(#33),#3829);
#11=ITEM_DEFINED_TRANSFORMATION($,$,#2015,#2016);
#12=ITEM_DEFINED_TRANSFORMATION($,$,#2014,#2017);
#13=ITEM_DEFINED_TRANSFORMATION($,$,#1859,#2018);
#14=ITEM_DEFINED_TRANSFORMATION($,$,#2013,#2019);
#15=ITEM_DEFINED_TRANSFORMATION($,$,#1858,#2020);
#16=(
REPRESENTATION_RELATIONSHIP($,$,#3856,#3855)
REPRESENTATION_RELATIONSHIP_WITH_TRANSFORMATION(#11)
SHAPE_REPRESENTATION_RELATIONSHIP()
);
#17=(
REPRESENTATION_RELATIONSHIP($,$,#3855,#3854)
REPRESENTATION_RELATIONSHIP_WITH_TRANSFORMATION(#12)
SHAPE_REPRESENTATION_RELATIONSHIP()
);
#18=(
REPRESENTATION_RELATIONSHIP($,$,#3853,#3852)
REPRESENTATION_RELATIONSHIP_WITH_TRANSFORMATION(#13)
SHAPE_REPRESENTATION_RELATIONSHIP()
);
#19=(
REPRESENTATION_RELATIONSHIP($,$,#3854,#3852)
REPRESENTATION_RELATIONSHIP_WITH_TRANSFORMATION(#14)
SHAPE_REPRESENTATION_RELATIONSHIP()
);
#20=(
REPRESENTATION_RELATIONSHIP($,$,#3852,#3851)
REPRESENTATION_RELATIONSHIP_WITH_TRANSFORMATION(#15)
SHAPE_REPRESENTATION_RELATIONSHIP()
);
#21=CONTEXT_DEPENDENT_SHAPE_REPRESENTATION(#16,#3846);
#22=CONTEXT_DEPENDENT_SHAPE_REPRESENTATION(#17,#3847);
#23=CONTEXT_DEPENDENT_SHAPE_REPRESENTATION(#18,#3848);
#24=CONTEXT_DEPENDENT_SHAPE_REPRESENTATION(#19,#3849);
#25=CONTEXT_DEPENDENT_SHAPE_REPRESENTATION(#20,#3850);
#26=NEXT_ASSEMBLY_USAGE_OCCURRENCE('LID v1 (1) (1):1',
'LID v1 (1) (1):1','LID v1 (1) (1):1',#3862,#3863,'LID v1 (1) (1):1');
#27=NEXT_ASSEMBLY_USAGE_OCCURRENCE('Base_Plate_v2 v9 (1) (1):1',
'Base_Plate_v2 v9 (1) (1):1','Base_Plate_v2 v9 (1) (1):1',#3861,#3862,
'Base_Plate_v2 v9 (1) (1):1');
#28=NEXT_ASSEMBLY_USAGE_OCCURRENCE('Robot Head Lid v1 (1):1',
'Robot Head Lid v1 (1):1','Robot Head Lid v1 (1):1',#3859,#3860,
'Robot Head Lid v1 (1):1');
#29=NEXT_ASSEMBLY_USAGE_OCCURRENCE('Robot Head without Dog v1:1',
'Robot Head without Dog v1:1','Robot Head without Dog v1:1',#3859,#3861,
'Robot Head without Dog v1:1');
#30=NEXT_ASSEMBLY_USAGE_OCCURRENCE('Robot Head Final v1:1',
'Robot Head Final v1:1','Robot Head Final v1:1',#3858,#3859,
'Robot Head Final v1:1');
#31=SHAPE_REPRESENTATION_RELATIONSHIP('SRR','None',#3853,#32);
#32=ADVANCED_BREP_SHAPE_REPRESENTATION('',(#34),#3825);
#33=STYLED_ITEM('',(#3886),#34);
#34=MANIFOLD_SOLID_BREP('Lid',#1833);
#35=TOROIDAL_SURFACE('',#1915,6.,2.);
#36=TOROIDAL_SURFACE('',#1920,6.00000000000001,2.);
#37=TOROIDAL_SURFACE('',#1925,6.00000000000001,2.);
#38=CYLINDRICAL_SURFACE('',#1888,1.);
#39=CYLINDRICAL_SURFACE('',#1896,2.);
#40=CYLINDRICAL_SURFACE('',#1904,1.6);
#41=CYLINDRICAL_SURFACE('',#1907,1.6);
#42=CYLINDRICAL_SURFACE('',#1918,4.);
#43=CYLINDRICAL_SURFACE('',#1923,4.00000000000001);
#44=CYLINDRICAL_SURFACE('',#1928,4.00000000000001);
#45=CYLINDRICAL_SURFACE('',#1930,1.45);
#46=CYLINDRICAL_SURFACE('',#1934,1.45);
#47=CYLINDRICAL_SURFACE('',#1938,1.45);
#48=CYLINDRICAL_SURFACE('',#1948,2.00000000000001);
#49=CYLINDRICAL_SURFACE('',#1949,2.);
#50=CYLINDRICAL_SURFACE('',#1950,2.);
#51=CYLINDRICAL_SURFACE('',#1951,1.80000000000001);
#52=CYLINDRICAL_SURFACE('',#1955,1.80000000000001);
#53=CYLINDRICAL_SURFACE('',#1959,0.950000000000006);
#54=CYLINDRICAL_SURFACE('',#1960,0.949999999999998);
#55=CYLINDRICAL_SURFACE('',#1961,0.949999999999998);
#56=CYLINDRICAL_SURFACE('',#1965,0.950000000000005);
#57=CYLINDRICAL_SURFACE('',#1969,1.8);
#58=CYLINDRICAL_SURFACE('',#1972,1.8);
#59=CYLINDRICAL_SURFACE('',#1986,13.);
#60=CYLINDRICAL_SURFACE('',#1992,59.3254552420317);
#61=CYLINDRICAL_SURFACE('',#1993,73.8056067985211);
#62=CYLINDRICAL_SURFACE('',#1994,79.5466221049645);
#63=CYLINDRICAL_SURFACE('',#1995,72.1073830471621);
#64=CYLINDRICAL_SURFACE('',#1999,79.6090637994347);
#65=FACE_BOUND('',#314,.T.);
#66=FACE_BOUND('',#315,.T.);
#67=FACE_BOUND('',#316,.T.);
#68=FACE_BOUND('',#317,.T.);
#69=FACE_BOUND('',#318,.T.);
#70=FACE_BOUND('',#319,.T.);
#71=FACE_BOUND('',#320,.T.);
#72=FACE_BOUND('',#324,.T.);
#73=FACE_BOUND('',#325,.T.);
#74=FACE_BOUND('',#326,.T.);
#75=FACE_BOUND('',#327,.T.);
#76=FACE_BOUND('',#328,.T.);
#77=FACE_BOUND('',#329,.T.);
#78=FACE_BOUND('',#330,.T.);
#79=FACE_BOUND('',#336,.T.);
#80=FACE_BOUND('',#337,.T.);
#81=FACE_BOUND('',#357,.T.);
#82=FACE_BOUND('',#360,.T.);
#83=FACE_BOUND('',#363,.T.);
#84=FACE_BOUND('',#365,.T.);
#85=FACE_BOUND('',#367,.T.);
#86=FACE_BOUND('',#369,.T.);
#87=FACE_BOUND('',#375,.T.);
#88=FACE_BOUND('',#378,.T.);
#89=FACE_BOUND('',#386,.T.);
#90=FACE_BOUND('',#389,.T.);
#91=CIRCLE('',#1861,1.8);
#92=CIRCLE('',#1862,1.8);
#93=CIRCLE('',#1863,72.1073830471621);
#94=CIRCLE('',#1864,79.5466221049645);
#95=CIRCLE('',#1865,73.8056067985211);
#96=CIRCLE('',#1866,59.3275798525584);
#97=CIRCLE('',#1867,79.6090637994347);
#98=CIRCLE('',#1868,1.45);
#99=CIRCLE('',#1869,1.45);
#100=CIRCLE('',#1870,1.45);
#101=CIRCLE('',#1871,1.80000000000001);
#102=CIRCLE('',#1872,1.80000000000001);
#103=CIRCLE('',#1873,13.);
#104=CIRCLE('',#1875,0.949999999999998);
#105=CIRCLE('',#1876,0.950000000000005);
#106=CIRCLE('',#1877,79.6090637994347);
#107=CIRCLE('',#1878,59.3275798532153);
#108=CIRCLE('',#1879,73.8056067985211);
#109=CIRCLE('',#1880,79.5466221049645);
#110=CIRCLE('',#1881,72.1073830471621);
#111=CIRCLE('',#1882,6.);
#112=CIRCLE('',#1883,6.00000000000001);
#113=CIRCLE('',#1884,0.950000000000006);
#114=CIRCLE('',#1885,0.949999999999998);
#115=CIRCLE('',#1886,13.);
#116=CIRCLE('',#1887,6.00000000000001);
#117=CIRCLE('',#1889,1.);
#118=CIRCLE('',#1890,1.);
#119=CIRCLE('',#1893,1.8);
#120=CIRCLE('',#1894,1.8);
#121=CIRCLE('',#1895,1.8);
#122=CIRCLE('',#1897,2.);
#123=CIRCLE('',#1898,2.);
#124=CIRCLE('',#1900,1.6);
#125=CIRCLE('',#1901,1.6);
#126=CIRCLE('',#1905,1.6);
#127=CIRCLE('',#1908,1.6);
#128=CIRCLE('',#1916,2.);
#129=CIRCLE('',#1917,4.);
#130=CIRCLE('',#1919,4.);
#131=CIRCLE('',#1921,2.);
#132=CIRCLE('',#1922,4.00000000000001);
#133=CIRCLE('',#1924,4.00000000000001);
#134=CIRCLE('',#1926,2.);
#135=CIRCLE('',#1927,4.00000000000001);
#136=CIRCLE('',#1929,4.00000000000001);
#137=CIRCLE('',#1931,1.45);
#138=CIRCLE('',#1933,2.00000000000001);
#139=CIRCLE('',#1935,1.45);
#140=CIRCLE('',#1937,2.);
#141=CIRCLE('',#1939,1.45);
#142=CIRCLE('',#1941,2.);
#143=CIRCLE('',#1943,2.);
#144=CIRCLE('',#1945,2.00000000000001);
#145=CIRCLE('',#1947,2.);
#146=CIRCLE('',#1952,1.80000000000001);
#147=CIRCLE('',#1954,0.949999999999998);
#148=CIRCLE('',#1956,1.80000000000001);
#149=CIRCLE('',#1958,0.950000000000006);
#150=CIRCLE('',#1962,0.949999999999998);
#151=CIRCLE('',#1963,0.949999999999998);
#152=CIRCLE('',#1964,0.949999999999998);
#153=CIRCLE('',#1966,0.950000000000002);
#154=CIRCLE('',#1967,0.950000000000005);
#155=CIRCLE('',#1968,0.950000000000005);
#156=CIRCLE('',#1970,1.8);
#157=CIRCLE('',#1973,1.8);
#158=PLANE('',#1860);
#159=PLANE('',#1874);
#160=PLANE('',#1891);
#161=PLANE('',#1892);
#162=PLANE('',#1899);
#163=PLANE('',#1902);
#164=PLANE('',#1903);
#165=PLANE('',#1906);
#166=PLANE('',#1909);
#167=PLANE('',#1910);
#168=PLANE('',#1911);
#169=PLANE('',#1912);
#170=PLANE('',#1913);
#171=PLANE('',#1914);
#172=PLANE('',#1932);
#173=PLANE('',#1936);
#174=PLANE('',#1940);
#175=PLANE('',#1942);
#176=PLANE('',#1944);
#177=PLANE('',#1946);
#178=PLANE('',#1953);
#179=PLANE('',#1957);
#180=PLANE('',#1971);
#181=PLANE('',#1974);
#182=PLANE('',#1975);
#183=PLANE('',#1976);
#184=PLANE('',#1977);
#185=PLANE('',#1978);
#186=PLANE('',#1979);
#187=PLANE('',#1980);
#188=PLANE('',#1981);
#189=PLANE('',#1982);
#190=PLANE('',#1983);
#191=PLANE('',#1984);
#192=PLANE('',#1985);
#193=PLANE('',#1987);
#194=PLANE('',#1988);
#195=PLANE('',#1989);
#196=PLANE('',#1990);
#197=PLANE('',#1991);
#198=PLANE('',#1996);
#199=PLANE('',#1997);
#200=PLANE('',#1998);
#201=PLANE('',#2000);
#202=PLANE('',#2001);
#203=PLANE('',#2002);
#204=PLANE('',#2003);
#205=PLANE('',#2004);
#206=PLANE('',#2005);
#207=PLANE('',#2006);
#208=PLANE('',#2007);
#209=PLANE('',#2008);
#210=PLANE('',#2009);
#211=PLANE('',#2010);
#212=PLANE('',#2011);
#213=PLANE('',#2012);
#214=FACE_OUTER_BOUND('',#311,.T.);
#215=FACE_OUTER_BOUND('',#312,.T.);
#216=FACE_OUTER_BOUND('',#313,.T.);
#217=FACE_OUTER_BOUND('',#321,.T.);
#218=FACE_OUTER_BOUND('',#322,.T.);
#219=FACE_OUTER_BOUND('',#323,.T.);
#220=FACE_OUTER_BOUND('',#331,.T.);
#221=FACE_OUTER_BOUND('',#332,.T.);
#222=FACE_OUTER_BOUND('',#333,.T.);
#223=FACE_OUTER_BOUND('',#334,.T.);
#224=FACE_OUTER_BOUND('',#335,.T.);
#225=FACE_OUTER_BOUND('',#338,.T.);
#226=FACE_OUTER_BOUND('',#339,.T.);
#227=FACE_OUTER_BOUND('',#340,.T.);
#228=FACE_OUTER_BOUND('',#341,.T.);
#229=FACE_OUTER_BOUND('',#342,.T.);
#230=FACE_OUTER_BOUND('',#343,.T.);
#231=FACE_OUTER_BOUND('',#344,.T.);
#232=FACE_OUTER_BOUND('',#345,.T.);
#233=FACE_OUTER_BOUND('',#346,.T.);
#234=FACE_OUTER_BOUND('',#347,.T.);
#235=FACE_OUTER_BOUND('',#348,.T.);
#236=FACE_OUTER_BOUND('',#349,.T.);
#237=FACE_OUTER_BOUND('',#350,.T.);
#238=FACE_OUTER_BOUND('',#351,.T.);
#239=FACE_OUTER_BOUND('',#352,.T.);
#240=FACE_OUTER_BOUND('',#353,.T.);
#241=FACE_OUTER_BOUND('',#354,.T.);
#242=FACE_OUTER_BOUND('',#355,.T.);
#243=FACE_OUTER_BOUND('',#356,.T.);
#244=FACE_OUTER_BOUND('',#358,.T.);
#245=FACE_OUTER_BOUND('',#359,.T.);
#246=FACE_OUTER_BOUND('',#361,.T.);
#247=FACE_OUTER_BOUND('',#362,.T.);
#248=FACE_OUTER_BOUND('',#364,.T.);
#249=FACE_OUTER_BOUND('',#366,.T.);
#250=FACE_OUTER_BOUND('',#368,.T.);
#251=FACE_OUTER_BOUND('',#370,.T.);
#252=FACE_OUTER_BOUND('',#371,.T.);
#253=FACE_OUTER_BOUND('',#372,.T.);
#254=FACE_OUTER_BOUND('',#373,.T.);
#255=FACE_OUTER_BOUND('',#374,.T.);
#256=FACE_OUTER_BOUND('',#376,.T.);
#257=FACE_OUTER_BOUND('',#377,.T.);
#258=FACE_OUTER_BOUND('',#379,.T.);
#259=FACE_OUTER_BOUND('',#380,.T.);
#260=FACE_OUTER_BOUND('',#381,.T.);
#261=FACE_OUTER_BOUND('',#382,.T.);
#262=FACE_OUTER_BOUND('',#383,.T.);
#263=FACE_OUTER_BOUND('',#384,.T.);
#264=FACE_OUTER_BOUND('',#385,.T.);
#265=FACE_OUTER_BOUND('',#387,.T.);
#266=FACE_OUTER_BOUND('',#388,.T.);
#267=FACE_OUTER_BOUND('',#390,.T.);
#268=FACE_OUTER_BOUND('',#391,.T.);
#269=FACE_OUTER_BOUND('',#392,.T.);
#270=FACE_OUTER_BOUND('',#393,.T.);
#271=FACE_OUTER_BOUND('',#394,.T.);
#272=FACE_OUTER_BOUND('',#395,.T.);
#273=FACE_OUTER_BOUND('',#396,.T.);
#274=FACE_OUTER_BOUND('',#397,.T.);
#275=FACE_OUTER_BOUND('',#398,.T.);
#276=FACE_OUTER_BOUND('',#399,.T.);
#277=FACE_OUTER_BOUND('',#400,.T.);
#278=FACE_OUTER_BOUND('',#401,.T.);
#279=FACE_OUTER_BOUND('',#402,.T.);
#280=FACE_OUTER_BOUND('',#403,.T.);
#281=FACE_OUTER_BOUND('',#404,.T.);
#282=FACE_OUTER_BOUND('',#405,.T.);
#283=FACE_OUTER_BOUND('',#406,.T.);
#284=FACE_OUTER_BOUND('',#407,.T.);
#285=FACE_OUTER_BOUND('',#408,.T.);
#286=FACE_OUTER_BOUND('',#409,.T.);
#287=FACE_OUTER_BOUND('',#410,.T.);
#288=FACE_OUTER_BOUND('',#411,.T.);
#289=FACE_OUTER_BOUND('',#412,.T.);
#290=FACE_OUTER_BOUND('',#413,.T.);
#291=FACE_OUTER_BOUND('',#414,.T.);
#292=FACE_OUTER_BOUND('',#415,.T.);
#293=FACE_OUTER_BOUND('',#416,.T.);
#294=FACE_OUTER_BOUND('',#417,.T.);
#295=FACE_OUTER_BOUND('',#418,.T.);
#296=FACE_OUTER_BOUND('',#419,.T.);
#297=FACE_OUTER_BOUND('',#420,.T.);
#298=FACE_OUTER_BOUND('',#421,.T.);
#299=FACE_OUTER_BOUND('',#422,.T.);
#300=FACE_OUTER_BOUND('',#423,.T.);
#301=FACE_OUTER_BOUND('',#424,.T.);
#302=FACE_OUTER_BOUND('',#425,.T.);
#303=FACE_OUTER_BOUND('',#426,.T.);
#304=FACE_OUTER_BOUND('',#427,.T.);
#305=FACE_OUTER_BOUND('',#428,.T.);
#306=FACE_OUTER_BOUND('',#429,.T.);
#307=FACE_OUTER_BOUND('',#430,.T.);
#308=FACE_OUTER_BOUND('',#431,.T.);
#309=FACE_OUTER_BOUND('',#432,.T.);
#310=FACE_OUTER_BOUND('',#433,.T.);
#311=EDGE_LOOP('',(#1213,#1214,#1215,#1216));
#312=EDGE_LOOP('',(#1217,#1218,#1219,#1220));
#313=EDGE_LOOP('',(#1221,#1222,#1223,#1224,#1225,#1226,#1227,#1228,#1229,
#1230,#1231,#1232,#1233,#1234,#1235,#1236,#1237,#1238,#1239,#1240,#1241,
#1242,#1243,#1244,#1245,#1246,#1247,#1248,#1249,#1250,#1251,#1252,#1253,
#1254,#1255));
#314=EDGE_LOOP('',(#1256));
#315=EDGE_LOOP('',(#1257));
#316=EDGE_LOOP('',(#1258));
#317=EDGE_LOOP('',(#1259));
#318=EDGE_LOOP('',(#1260));
#319=EDGE_LOOP('',(#1261,#1262,#1263,#1264,#1265,#1266,#1267,#1268));
#320=EDGE_LOOP('',(#1269,#1270,#1271,#1272,#1273,#1274,#1275,#1276));
#321=EDGE_LOOP('',(#1277,#1278,#1279,#1280));
#322=EDGE_LOOP('',(#1281,#1282,#1283,#1284));
#323=EDGE_LOOP('',(#1285,#1286,#1287,#1288,#1289,#1290,#1291,#1292,#1293,
#1294,#1295,#1296,#1297,#1298,#1299,#1300,#1301,#1302,#1303,#1304,#1305,
#1306,#1307,#1308,#1309,#1310,#1311,#1312,#1313,#1314,#1315,#1316,#1317,
#1318));
#324=EDGE_LOOP('',(#1319));
#325=EDGE_LOOP('',(#1320));
#326=EDGE_LOOP('',(#1321));
#327=EDGE_LOOP('',(#1322));
#328=EDGE_LOOP('',(#1323,#1324,#1325,#1326,#1327,#1328,#1329,#1330));
#329=EDGE_LOOP('',(#1331));
#330=EDGE_LOOP('',(#1332,#1333,#1334,#1335));
#331=EDGE_LOOP('',(#1336,#1337,#1338,#1339));
#332=EDGE_LOOP('',(#1340,#1341,#1342,#1343,#1344));
#333=EDGE_LOOP('',(#1345,#1346,#1347,#1348,#1349,#1350,#1351,#1352,#1353,
#1354,#1355,#1356,#1357));
#334=EDGE_LOOP('',(#1358,#1359,#1360,#1361));
#335=EDGE_LOOP('',(#1362,#1363,#1364,#1365,#1366,#1367,#1368,#1369));
#336=EDGE_LOOP('',(#1370));
#337=EDGE_LOOP('',(#1371));
#338=EDGE_LOOP('',(#1372,#1373,#1374,#1375));
#339=EDGE_LOOP('',(#1376,#1377,#1378,#1379,#1380,#1381,#1382,#1383));
#340=EDGE_LOOP('',(#1384,#1385,#1386,#1387));
#341=EDGE_LOOP('',(#1388));
#342=EDGE_LOOP('',(#1389,#1390,#1391,#1392));
#343=EDGE_LOOP('',(#1393));
#344=EDGE_LOOP('',(#1394,#1395,#1396,#1397));
#345=EDGE_LOOP('',(#1398,#1399,#1400,#1401,#1402,#1403));
#346=EDGE_LOOP('',(#1404,#1405,#1406,#1407));
#347=EDGE_LOOP('',(#1408,#1409,#1410,#1411,#1412));
#348=EDGE_LOOP('',(#1413,#1414,#1415,#1416));
#349=EDGE_LOOP('',(#1417,#1418,#1419,#1420));
#350=EDGE_LOOP('',(#1421,#1422,#1423,#1424));
#351=EDGE_LOOP('',(#1425,#1426,#1427,#1428));
#352=EDGE_LOOP('',(#1429,#1430,#1431,#1432));
#353=EDGE_LOOP('',(#1433,#1434,#1435,#1436));
#354=EDGE_LOOP('',(#1437,#1438,#1439,#1440));
#355=EDGE_LOOP('',(#1441,#1442,#1443,#1444));
#356=EDGE_LOOP('',(#1445));
#357=EDGE_LOOP('',(#1446));
#358=EDGE_LOOP('',(#1447,#1448,#1449,#1450));
#359=EDGE_LOOP('',(#1451));
#360=EDGE_LOOP('',(#1452));
#361=EDGE_LOOP('',(#1453,#1454,#1455,#1456));
#362=EDGE_LOOP('',(#1457));
#363=EDGE_LOOP('',(#1458));
#364=EDGE_LOOP('',(#1459));
#365=EDGE_LOOP('',(#1460));
#366=EDGE_LOOP('',(#1461));
#367=EDGE_LOOP('',(#1462));
#368=EDGE_LOOP('',(#1463));
#369=EDGE_LOOP('',(#1464));
#370=EDGE_LOOP('',(#1465,#1466,#1467,#1468));
#371=EDGE_LOOP('',(#1469,#1470,#1471,#1472));
#372=EDGE_LOOP('',(#1473,#1474,#1475,#1476));
#373=EDGE_LOOP('',(#1477,#1478,#1479,#1480));
#374=EDGE_LOOP('',(#1481));
#375=EDGE_LOOP('',(#1482));
#376=EDGE_LOOP('',(#1483,#1484,#1485,#1486));
#377=EDGE_LOOP('',(#1487));
#378=EDGE_LOOP('',(#1488));
#379=EDGE_LOOP('',(#1489,#1490,#1491,#1492));
#380=EDGE_LOOP('',(#1493,#1494,#1495,#1496));
#381=EDGE_LOOP('',(#1497,#1498,#1499,#1500,#1501,#1502));
#382=EDGE_LOOP('',(#1503,#1504,#1505,#1506,#1507,#1508,#1509));
#383=EDGE_LOOP('',(#1510,#1511,#1512,#1513,#1514,#1515));
#384=EDGE_LOOP('',(#1516,#1517,#1518,#1519,#1520,#1521));
#385=EDGE_LOOP('',(#1522));
#386=EDGE_LOOP('',(#1523));
#387=EDGE_LOOP('',(#1524,#1525,#1526,#1527,#1528));
#388=EDGE_LOOP('',(#1529));
#389=EDGE_LOOP('',(#1530));
#390=EDGE_LOOP('',(#1531,#1532,#1533,#1534));
#391=EDGE_LOOP('',(#1535,#1536,#1537,#1538));
#392=EDGE_LOOP('',(#1539,#1540,#1541,#1542));
#393=EDGE_LOOP('',(#1543,#1544,#1545,#1546,#1547));
#394=EDGE_LOOP('',(#1548,#1549,#1550,#1551));
#395=EDGE_LOOP('',(#1552,#1553,#1554,#1555,#1556,#1557,#1558,#1559,#1560,
#1561,#1562,#1563,#1564,#1565));
#396=EDGE_LOOP('',(#1566,#1567,#1568,#1569));
#397=EDGE_LOOP('',(#1570,#1571,#1572,#1573));
#398=EDGE_LOOP('',(#1574,#1575,#1576,#1577));
#399=EDGE_LOOP('',(#1578,#1579,#1580,#1581));
#400=EDGE_LOOP('',(#1582,#1583,#1584,#1585));
#401=EDGE_LOOP('',(#1586,#1587,#1588,#1589));
#402=EDGE_LOOP('',(#1590,#1591,#1592,#1593));
#403=EDGE_LOOP('',(#1594,#1595,#1596,#1597));
#404=EDGE_LOOP('',(#1598,#1599,#1600,#1601));
#405=EDGE_LOOP('',(#1602,#1603,#1604,#1605));
#406=EDGE_LOOP('',(#1606,#1607,#1608,#1609));
#407=EDGE_LOOP('',(#1610,#1611,#1612,#1613));
#408=EDGE_LOOP('',(#1614,#1615,#1616,#1617));
#409=EDGE_LOOP('',(#1618,#1619,#1620,#1621));
#410=EDGE_LOOP('',(#1622,#1623,#1624,#1625));
#411=EDGE_LOOP('',(#1626,#1627,#1628,#1629));
#412=EDGE_LOOP('',(#1630,#1631,#1632,#1633));
#413=EDGE_LOOP('',(#1634,#1635,#1636,#1637));
#414=EDGE_LOOP('',(#1638,#1639,#1640,#1641));
#415=EDGE_LOOP('',(#1642,#1643,#1644,#1645));
#416=EDGE_LOOP('',(#1646,#1647,#1648,#1649));
#417=EDGE_LOOP('',(#1650,#1651,#1652,#1653));
#418=EDGE_LOOP('',(#1654,#1655,#1656,#1657));
#419=EDGE_LOOP('',(#1658,#1659,#1660,#1661));
#420=EDGE_LOOP('',(#1662,#1663,#1664,#1665));
#421=EDGE_LOOP('',(#1666,#1667,#1668,#1669));
#422=EDGE_LOOP('',(#1670,#1671,#1672,#1673));
#423=EDGE_LOOP('',(#1674,#1675,#1676,#1677));
#424=EDGE_LOOP('',(#1678,#1679,#1680,#1681));
#425=EDGE_LOOP('',(#1682,#1683,#1684,#1685));
#426=EDGE_LOOP('',(#1686,#1687,#1688,#1689));
#427=EDGE_LOOP('',(#1690,#1691,#1692,#1693));
#428=EDGE_LOOP('',(#1694,#1695,#1696,#1697));
#429=EDGE_LOOP('',(#1698,#1699,#1700,#1701,#1702,#1703,#1704,#1705,#1706,
#1707));
#430=EDGE_LOOP('',(#1708,#1709,#1710,#1711,#1712));
#431=EDGE_LOOP('',(#1713,#1714,#1715,#1716));
#432=EDGE_LOOP('',(#1717,#1718,#1719,#1720));
#433=EDGE_LOOP('',(#1721,#1722,#1723,#1724));
#434=LINE('',#2535,#599);
#435=LINE('',#2542,#600);
#436=LINE('',#2571,#601);
#437=LINE('',#2581,#602);
#438=LINE('',#2585,#603);
#439=LINE('',#2596,#604);
#440=LINE('',#2637,#605);
#441=LINE('',#2639,#606);
#442=LINE('',#2707,#607);
#443=LINE('',#2709,#608);
#444=LINE('',#2711,#609);
#445=LINE('',#2713,#610);
#446=LINE('',#2715,#611);
#447=LINE('',#2717,#612);
#448=LINE('',#2719,#613);
#449=LINE('',#2721,#614);
#450=LINE('',#2758,#615);
#451=LINE('',#2760,#616);
#452=LINE('',#2777,#617);
#453=LINE('',#2793,#618);
#454=LINE('',#2806,#619);
#455=LINE('',#2808,#620);
#456=LINE('',#2810,#621);
#457=LINE('',#2812,#622);
#458=LINE('',#2814,#623);
#459=LINE('',#2816,#624);
#460=LINE('',#2818,#625);
#461=LINE('',#2822,#626);
#462=LINE('',#2824,#627);
#463=LINE('',#2826,#628);
#464=LINE('',#2828,#629);
#465=LINE('',#2830,#630);
#466=LINE('',#2832,#631);
#467=LINE('',#2834,#632);
#468=LINE('',#2835,#633);
#469=LINE('',#2847,#634);
#470=LINE('',#2854,#635);
#471=LINE('',#2884,#636);
#472=LINE('',#2887,#637);
#473=LINE('',#2929,#638);
#474=LINE('',#2940,#639);
#475=LINE('',#2965,#640);
#476=LINE('',#2967,#641);
#477=LINE('',#2969,#642);
#478=LINE('',#3006,#643);
#479=LINE('',#3008,#644);
#480=LINE('',#3010,#645);
#481=LINE('',#3012,#646);
#482=LINE('',#3014,#647);
#483=LINE('',#3016,#648);
#484=LINE('',#3018,#649);
#485=LINE('',#3020,#650);
#486=LINE('',#3087,#651);
#487=LINE('',#3098,#652);
#488=LINE('',#3102,#653);
#489=LINE('',#3104,#654);
#490=LINE('',#3106,#655);
#491=LINE('',#3108,#656);
#492=LINE('',#3110,#657);
#493=LINE('',#3111,#658);
#494=LINE('',#3116,#659);
#495=LINE('',#3118,#660);
#496=LINE('',#3120,#661);
#497=LINE('',#3121,#662);
#498=LINE('',#3127,#663);
#499=LINE('',#3130,#664);
#500=LINE('',#3133,#665);
#501=LINE('',#3135,#666);
#502=LINE('',#3137,#667);
#503=LINE('',#3138,#668);
#504=LINE('',#3141,#669);
#505=LINE('',#3143,#670);
#506=LINE('',#3144,#671);
#507=LINE('',#3149,#672);
#508=LINE('',#3155,#673);
#509=LINE('',#3158,#674);
#510=LINE('',#3160,#675);
#511=LINE('',#3162,#676);
#512=LINE('',#3164,#677);
#513=LINE('',#3165,#678);
#514=LINE('',#3166,#679);
#515=LINE('',#3172,#680);
#516=LINE('',#3176,#681);
#517=LINE('',#3178,#682);
#518=LINE('',#3180,#683);
#519=LINE('',#3181,#684);
#520=LINE('',#3183,#685);
#521=LINE('',#3185,#686);
#522=LINE('',#3186,#687);
#523=LINE('',#3189,#688);
#524=LINE('',#3194,#689);
#525=LINE('',#3198,#690);
#526=LINE('',#3201,#691);
#527=LINE('',#3202,#692);
#528=LINE('',#3203,#693);
#529=LINE('',#3206,#694);
#530=LINE('',#3207,#695);
#531=LINE('',#3209,#696);
#532=LINE('',#3218,#697);
#533=LINE('',#3226,#698);
#534=LINE('',#3234,#699);
#535=LINE('',#3237,#700);
#536=LINE('',#3244,#701);
#537=LINE('',#3251,#702);
#538=LINE('',#3266,#703);
#539=LINE('',#3268,#704);
#540=LINE('',#3270,#705);
#541=LINE('',#3273,#706);
#542=LINE('',#3280,#707);
#543=LINE('',#3286,#708);
#544=LINE('',#3288,#709);
#545=LINE('',#3293,#710);
#546=LINE('',#3300,#711);
#547=LINE('',#3303,#712);
#548=LINE('',#3324,#713);
#549=LINE('',#3325,#714);
#550=LINE('',#3328,#715);
#551=LINE('',#3333,#716);
#552=LINE('',#3337,#717);
#553=LINE('',#3340,#718);
#554=LINE('',#3341,#719);
#555=LINE('',#3342,#720);
#556=LINE('',#3345,#721);
#557=LINE('',#3346,#722);
#558=LINE('',#3349,#723);
#559=LINE('',#3350,#724);
#560=LINE('',#3352,#725);
#561=LINE('',#3355,#726);
#562=LINE('',#3356,#727);
#563=LINE('',#3358,#728);
#564=LINE('',#3360,#729);
#565=LINE('',#3362,#730);
#566=LINE('',#3364,#731);
#567=LINE('',#3366,#732);
#568=LINE('',#3368,#733);
#569=LINE('',#3371,#734);
#570=LINE('',#3373,#735);
#571=LINE('',#3374,#736);
#572=LINE('',#3376,#737);
#573=LINE('',#3378,#738);
#574=LINE('',#3465,#739);
#575=LINE('',#3467,#740);
#576=LINE('',#3469,#741);
#577=LINE('',#3471,#742);
#578=LINE('',#3554,#743);
#579=LINE('',#3555,#744);
#580=LINE('',#3656,#745);
#581=LINE('',#3657,#746);
#582=LINE('',#3659,#747);
#583=LINE('',#3661,#748);
#584=LINE('',#3748,#749);
#585=LINE('',#3750,#750);
#586=LINE('',#3753,#751);
#587=LINE('',#3755,#752);
#588=LINE('',#3785,#753);
#589=LINE('',#3787,#754);
#590=LINE('',#3791,#755);
#591=LINE('',#3793,#756);
#592=LINE('',#3794,#757);
#593=LINE('',#3797,#758);
#594=LINE('',#3798,#759);
#595=LINE('',#3799,#760);
#596=LINE('',#3803,#761);
#597=LINE('',#3804,#762);
#598=LINE('',#3806,#763);
#599=VECTOR('',#2027,10.);
#600=VECTOR('',#2028,10.);
#601=VECTOR('',#2029,10.);
#602=VECTOR('',#2032,10.);
#603=VECTOR('',#2035,10.);
#604=VECTOR('',#2038,10.);
#605=VECTOR('',#2039,10.);
#606=VECTOR('',#2040,10.);
#607=VECTOR('',#2049,10.);
#608=VECTOR('',#2050,10.);
#609=VECTOR('',#2051,10.);
#610=VECTOR('',#2052,10.);
#611=VECTOR('',#2053,10.);
#612=VECTOR('',#2054,10.);
#613=VECTOR('',#2055,10.);
#614=VECTOR('',#2056,10.);
#615=VECTOR('',#2059,10.);
#616=VECTOR('',#2060,10.);
#617=VECTOR('',#2061,10.);
#618=VECTOR('',#2062,10.);
#619=VECTOR('',#2073,10.);
#620=VECTOR('',#2074,10.);
#621=VECTOR('',#2075,10.);
#622=VECTOR('',#2076,10.);
#623=VECTOR('',#2077,10.);
#624=VECTOR('',#2078,10.);
#625=VECTOR('',#2079,10.);
#626=VECTOR('',#2082,10.);
#627=VECTOR('',#2083,10.);
#628=VECTOR('',#2084,10.);
#629=VECTOR('',#2085,10.);
#630=VECTOR('',#2086,10.);
#631=VECTOR('',#2087,10.);
#632=VECTOR('',#2088,10.);
#633=VECTOR('',#2089,10.);
#634=VECTOR('',#2090,10.);
#635=VECTOR('',#2091,10.);
#636=VECTOR('',#2092,10.);
#637=VECTOR('',#2095,10.);
#638=VECTOR('',#2096,10.);
#639=VECTOR('',#2099,10.);
#640=VECTOR('',#2102,10.);
#641=VECTOR('',#2103,10.);
#642=VECTOR('',#2104,10.);
#643=VECTOR('',#2107,10.);
#644=VECTOR('',#2108,10.);
#645=VECTOR('',#2109,10.);
#646=VECTOR('',#2110,10.);
#647=VECTOR('',#2111,10.);
#648=VECTOR('',#2112,10.);
#649=VECTOR('',#2113,10.);
#650=VECTOR('',#2114,10.);
#651=VECTOR('',#2123,10.);
#652=VECTOR('',#2132,10.);
#653=VECTOR('',#2135,10.);
#654=VECTOR('',#2136,10.);
#655=VECTOR('',#2137,10.);
#656=VECTOR('',#2138,10.);
#657=VECTOR('',#2139,10.);
#658=VECTOR('',#2140,10.);
#659=VECTOR('',#2143,10.);
#660=VECTOR('',#2144,10.);
#661=VECTOR('',#2145,10.);
#662=VECTOR('',#2146,10.);
#663=VECTOR('',#2151,10.);
#664=VECTOR('',#2154,10.);
#665=VECTOR('',#2157,10.);
#666=VECTOR('',#2158,10.);
#667=VECTOR('',#2159,10.);
#668=VECTOR('',#2160,10.);
#669=VECTOR('',#2163,10.);
#670=VECTOR('',#2164,10.);
#671=VECTOR('',#2165,10.);
#672=VECTOR('',#2172,10.);
#673=VECTOR('',#2177,10.);
#674=VECTOR('',#2180,10.);
#675=VECTOR('',#2183,9.99999999999999);
#676=VECTOR('',#2184,9.99999999999999);
#677=VECTOR('',#2185,10.);
#678=VECTOR('',#2186,9.99999999999999);
#679=VECTOR('',#2187,9.99999999999999);
#680=VECTOR('',#2194,10.);
#681=VECTOR('',#2197,10.);
#682=VECTOR('',#2198,10.);
#683=VECTOR('',#2199,10.);
#684=VECTOR('',#2200,10.);
#685=VECTOR('',#2201,10.);
#686=VECTOR('',#2202,10.);
#687=VECTOR('',#2203,10.);
#688=VECTOR('',#2206,1.6);
#689=VECTOR('',#2213,1.6);
#690=VECTOR('',#2220,10.);
#691=VECTOR('',#2223,10.);
#692=VECTOR('',#2224,10.);
#693=VECTOR('',#2225,10.);
#694=VECTOR('',#2228,10.);
#695=VECTOR('',#2229,10.);
#696=VECTOR('',#2232,10.);
#697=VECTOR('',#2245,4.);
#698=VECTOR('',#2256,4.00000000000001);
#699=VECTOR('',#2267,4.00000000000001);
#700=VECTOR('',#2270,1.45);
#701=VECTOR('',#2279,1.45);
#702=VECTOR('',#2288,1.45);
#703=VECTOR('',#2309,2.00000000000001);
#704=VECTOR('',#2312,2.);
#705=VECTOR('',#2315,2.);
#706=VECTOR('',#2318,1.80000000000001);
#707=VECTOR('',#2327,1.80000000000001);
#708=VECTOR('',#2336,0.950000000000006);
#709=VECTOR('',#2339,0.949999999999998);
#710=VECTOR('',#2344,0.949999999999998);
#711=VECTOR('',#2353,0.950000000000005);
#712=VECTOR('',#2356,10.);
#713=VECTOR('',#2359,10.);
#714=VECTOR('',#2360,10.);
#715=VECTOR('',#2363,1.8);
#716=VECTOR('',#2370,1.8);
#717=VECTOR('',#2377,10.);
#718=VECTOR('',#2380,10.);
#719=VECTOR('',#2381,10.);
#720=VECTOR('',#2382,10.);
#721=VECTOR('',#2385,10.);
#722=VECTOR('',#2386,10.);
#723=VECTOR('',#2389,10.);
#724=VECTOR('',#2390,10.);
#725=VECTOR('',#2393,10.);
#726=VECTOR('',#2398,10.);
#727=VECTOR('',#2399,10.);
#728=VECTOR('',#2402,10.);
#729=VECTOR('',#2405,10.);
#730=VECTOR('',#2408,10.);
#731=VECTOR('',#2411,10.);
#732=VECTOR('',#2414,10.);
#733=VECTOR('',#2417,10.);
#734=VECTOR('',#2422,10.);
#735=VECTOR('',#2425,10.);
#736=VECTOR('',#2426,10.);
#737=VECTOR('',#2429,10.);
#738=VECTOR('',#2432,10.);
#739=VECTOR('',#2433,10.);
#740=VECTOR('',#2436,10.);
#741=VECTOR('',#2439,10.);
#742=VECTOR('',#2442,10.);
#743=VECTOR('',#2443,10.);
#744=VECTOR('',#2444,10.);
#745=VECTOR('',#2449,10.);
#746=VECTOR('',#2450,10.);
#747=VECTOR('',#2453,10.);
#748=VECTOR('',#2456,10.);
#749=VECTOR('',#2457,10.);
#750=VECTOR('',#2460,10.);
#751=VECTOR('',#2465,10.);
#752=VECTOR('',#2468,10.);
#753=VECTOR('',#2471,10.);
#754=VECTOR('',#2474,10.);
#755=VECTOR('',#2479,10.);
#756=VECTOR('',#2480,10.);
#757=VECTOR('',#2481,10.);
#758=VECTOR('',#2484,9.99999999999999);
#759=VECTOR('',#2485,10.);
#760=VECTOR('',#2486,10.);
#761=VECTOR('',#2491,9.99999999999999);
#762=VECTOR('',#2492,10.);
#763=VECTOR('',#2495,10.);
#764=B_SPLINE_CURVE_WITH_KNOTS('',3,(#2529,#2530,#2531,#2532,#2533),
 .UNSPECIFIED.,.F.,.F.,(4,1,4),(0.,0.0682261802298256,0.136452360459651),
 .UNSPECIFIED.);
#765=B_SPLINE_CURVE_WITH_KNOTS('',3,(#2537,#2538,#2539,#2540,#2541),
 .UNSPECIFIED.,.F.,.F.,(4,1,4),(0.,0.0682261802298249,0.13645236045965),
 .UNSPECIFIED.);
#766=B_SPLINE_CURVE_WITH_KNOTS('',3,(#2564,#2565,#2566,#2567,#2568,#2569),
 .UNSPECIFIED.,.F.,.F.,(4,2,4),(0.,0.270028976723088,0.339437174506656),
 .UNSPECIFIED.);
#767=B_SPLINE_CURVE_WITH_KNOTS('',3,(#2572,#2573,#2574,#2575,#2576,#2577),
 .UNSPECIFIED.,.F.,.F.,(4,2,4),(0.20112186665099,0.276591760962142,0.570203452160158),
 .UNSPECIFIED.);
#768=B_SPLINE_CURVE_WITH_KNOTS('',3,(#2589,#2590,#2591,#2592,#2593,#2594),
 .UNSPECIFIED.,.F.,.F.,(4,2,4),(-0.545322498027681,-0.272072157065471,-0.177776967827245),
 .UNSPECIFIED.);
#769=B_SPLINE_CURVE_WITH_KNOTS('',3,(#2598,#2599,#2600,#2601,#2602,#2603,
#2604,#2605,#2606,#2607,#2608,#2609,#2610,#2611,#2612,#2613,#2614,#2615,
#2616,#2617,#2618,#2619,#2620,#2621,#2622,#2623,#2624,#2625,#2626,#2627,
#2628,#2629,#2630,#2631),.UNSPECIFIED.,.F.,.F.,(4,2,2,2,2,2,2,2,2,2,2,2,
2,2,2,2,4),(0.00195213012881423,0.176026655179195,0.426507449908746,0.882619073107957,
0.927469039367849,1.86225935474545,1.92939221828606,2.84210851747368,2.93131539720426,
3.82199909567945,3.93323857612247,4.80186383623098,4.93516175504068,5.78162351844241,
5.93708493395889,6.76125052328514,6.93900811287709),.UNSPECIFIED.);
#770=B_SPLINE_CURVE_WITH_KNOTS('',3,(#2633,#2634,#2635,#2636),
 .UNSPECIFIED.,.F.,.F.,(4,4),(0.,0.198077903755146),.UNSPECIFIED.);
#771=B_SPLINE_CURVE_WITH_KNOTS('',3,(#2641,#2642,#2643,#2644,#2645,#2646,
#2647,#2648,#2649,#2650,#2651,#2652,#2653,#2654,#2655,#2656,#2657,#2658,
#2659,#2660,#2661,#2662,#2663,#2664,#2665,#2666),.UNSPECIFIED.,.F.,.F.,
(4,2,2,2,2,2,2,2,2,2,2,2,4),(0.,0.18520654432721,0.404067689938018,0.622928835548831,
0.841789981159633,1.06065112677045,1.27951227238125,1.49837341799206,1.71723456360287,
1.93609570921368,2.15495685482448,2.37381800043529,2.43680503271497),
 .UNSPECIFIED.);
#772=B_SPLINE_CURVE_WITH_KNOTS('',3,(#2674,#2675,#2676,#2677,#2678,#2679,
#2680,#2681,#2682,#2683,#2684,#2685,#2686,#2687,#2688,#2689,#2690,#2691,
#2692,#2693,#2694,#2695,#2696,#2697,#2698,#2699,#2700,#2701,#2702,#2703),
 .UNSPECIFIED.,.F.,.F.,(4,2,2,2,2,2,2,2,2,2,2,2,2,2,4),(0.,0.151530607771644,
0.313989110424197,0.47644761307675,0.63890611572931,0.801364618381862,0.963823121034423,
1.12628162368698,1.28874012633953,1.45119862899209,1.61365713164464,1.77611563429719,
1.93857413694975,2.10103263960231,2.19444736191179),.UNSPECIFIED.);
#773=B_SPLINE_CURVE_WITH_KNOTS('',3,(#2725,#2726,#2727,#2728,#2729,#2730,
#2731,#2732,#2733,#2734,#2735,#2736,#2737,#2738,#2739,#2740,#2741,#2742,
#2743,#2744,#2745,#2746,#2747,#2748,#2749,#2750,#2751,#2752,#2753,#2754,
#2755,#2756),.UNSPECIFIED.,.F.,.F.,(4,3,2,2,2,2,2,2,3,2,2,2,2,2,4),(0.,
0.00629188329357213,0.0926895391331272,0.312450481018864,0.532222295317464,
0.751998902713275,0.971774222564625,1.19154217458609,1.2817209861195,1.41130122421773,
1.63106590394998,1.85083514389575,2.07060575393294,2.29037454374058,2.47717281954045),
 .UNSPECIFIED.);
#774=B_SPLINE_CURVE_WITH_KNOTS('',3,(#2762,#2763,#2764,#2765,#2766),
 .UNSPECIFIED.,.F.,.F.,(4,1,4),(0.,0.080076475412952,0.140133831972666),
 .UNSPECIFIED.);
#775=B_SPLINE_CURVE_WITH_KNOTS('',3,(#2768,#2769,#2770,#2771,#2772,#2773,
#2774,#2775),.UNSPECIFIED.,.F.,.F.,(4,2,2,4),(0.0980910186309316,0.196697855014366,
0.355188279537614,0.505791235307117),.UNSPECIFIED.);
#776=B_SPLINE_CURVE_WITH_KNOTS('',3,(#2779,#2780,#2781,#2782,#2783,#2784,
#2785,#2786,#2787,#2788,#2789,#2790,#2791,#2792),.UNSPECIFIED.,.F.,.F.,
(4,2,2,2,2,2,4),(0.,0.877763713603614,1.75552935967148,2.63329500573934,
3.5110606518072,5.26659194394293,6.10235587441747),.UNSPECIFIED.);
#777=B_SPLINE_CURVE_WITH_KNOTS('',3,(#2849,#2850,#2851,#2852,#2853),
 .UNSPECIFIED.,.F.,.F.,(4,1,4),(0.,0.060057356559713,0.140133831972664),
 .UNSPECIFIED.);
#778=B_SPLINE_CURVE_WITH_KNOTS('',3,(#2876,#2877,#2878,#2879,#2880,#2881,
#2882,#2883),.UNSPECIFIED.,.F.,.F.,(4,2,2,4),(0.,0.126924852700064,0.260497090271364,
0.343600759248094),.UNSPECIFIED.);
#779=B_SPLINE_CURVE_WITH_KNOTS('',3,(#2889,#2890,#2891,#2892),
 .UNSPECIFIED.,.F.,.F.,(4,4),(0.,0.198077897286915),.UNSPECIFIED.);
#780=B_SPLINE_CURVE_WITH_KNOTS('',3,(#2894,#2895,#2896,#2897,#2898,#2899,
#2900,#2901,#2902,#2903,#2904,#2905,#2906,#2907,#2908,#2909,#2910,#2911,
#2912,#2913,#2914,#2915,#2916,#2917,#2918,#2919,#2920,#2921,#2922,#2923,
#2924,#2925,#2926,#2927),.UNSPECIFIED.,.F.,.F.,(4,2,2,2,2,2,2,2,2,2,2,2,
2,2,2,2,4),(0.,0.15292086991347,0.86193205284991,0.995672023971993,1.72386410569982,
1.83853731739686,2.58579615854973,2.68149299015685,3.44772821139964,3.52447089047164,
4.30966026424955,4.36741316197941,5.17159231709946,5.21017573776687,5.60255834352441,
5.81804135673689,5.96779376878064),.UNSPECIFIED.);
#781=B_SPLINE_CURVE_WITH_KNOTS('',3,(#2931,#2932,#2933,#2934,#2935,#2936),
 .UNSPECIFIED.,.F.,.F.,(4,2,4),(-0.545322498027681,-0.272072157065471,-0.0941001210732572),
 .UNSPECIFIED.);
#782=B_SPLINE_CURVE_WITH_KNOTS('',3,(#2944,#2945,#2946,#2947,#2948,#2949),
 .UNSPECIFIED.,.F.,.F.,(4,2,4),(-0.451527809933871,-0.273045963593454,0.),
 .UNSPECIFIED.);
#783=B_SPLINE_CURVE_WITH_KNOTS('',3,(#2951,#2952,#2953,#2954,#2955,#2956,
#2957,#2958,#2959,#2960,#2961,#2962,#2963,#2964),.UNSPECIFIED.,.F.,.F.,
(4,2,2,2,2,2,4),(0.,0.9712502874523,3.01137215673447,4.03143309137556,5.05149402601665,
6.07155496065774,7.09161364956125),.UNSPECIFIED.);
#784=B_SPLINE_CURVE_WITH_KNOTS('',3,(#2971,#2972,#2973,#2974,#2975,#2976,
#2977,#2978,#2979,#2980,#2981,#2982,#2983,#2984,#2985,#2986,#2987,#2988,
#2989,#2990,#2991,#2992,#2993,#2994,#2995,#2996,#2997,#2998,#2999,#3000,
#3001,#3002),.UNSPECIFIED.,.F.,.F.,(4,2,2,2,2,2,3,2,2,2,2,2,2,3,4),(0.,
0.18595186102174,0.404724841041166,0.623499633042374,0.842273061160265,
1.06104194972775,1.1900350377144,1.27980523370557,1.49857737973497,1.71735686020936,
1.93613762239413,2.15491361320003,2.37367878085782,2.45968495421509,2.46594832791466),
 .UNSPECIFIED.);
#785=B_SPLINE_CURVE_WITH_KNOTS('',3,(#3024,#3025,#3026,#3027,#3028,#3029,
#3030,#3031,#3032,#3033,#3034,#3035,#3036,#3037,#3038,#3039,#3040,#3041,
#3042,#3043,#3044,#3045,#3046,#3047,#3048,#3049,#3050,#3051,#3052,#3053),
 .UNSPECIFIED.,.F.,.F.,(4,2,2,2,2,2,2,2,2,2,2,2,2,2,4),(0.,0.139490977089088,
0.382081167491381,0.624671357893688,0.867261548295981,1.10985173869827,
1.35244192910058,1.59503211950287,1.83762230990517,2.08021250030747,2.32280269070977,
2.56539288111207,2.80798307151437,3.05057326191666,3.27684543844728),
 .UNSPECIFIED.);
#786=B_SPLINE_CURVE_WITH_KNOTS('',3,(#3061,#3062,#3063,#3064,#3065,#3066,
#3067,#3068,#3069,#3070,#3071,#3072,#3073,#3074,#3075,#3076,#3077,#3078,
#3079,#3080,#3081,#3082,#3083,#3084,#3085,#3086),.UNSPECIFIED.,.F.,.F.,
(4,2,2,2,2,2,2,2,2,2,2,2,4),(0.,0.0630796304683498,0.282262527159065,0.50144542384977,
0.720628320540486,0.939811217231191,1.15899411392191,1.37817701061261,1.59735990730333,
1.81654280399403,2.03572570068475,2.25490859737546,2.44038741664428),
 .UNSPECIFIED.);
#787=B_SPLINE_CURVE_WITH_KNOTS('',3,(#3318,#3319,#3320,#3321,#3322,#3323),
 .UNSPECIFIED.,.F.,.F.,(4,2,4),(-0.4515479358368,-0.27305809605559,-0.00216879460942221),
 .UNSPECIFIED.);
#788=VERTEX_POINT('',#2527);
#789=VERTEX_POINT('',#2528);
#790=VERTEX_POINT('',#2534);
#791=VERTEX_POINT('',#2536);
#792=VERTEX_POINT('',#2563);
#793=VERTEX_POINT('',#2570);
#794=VERTEX_POINT('',#2579);
#795=VERTEX_POINT('',#2580);
#796=VERTEX_POINT('',#2582);
#797=VERTEX_POINT('',#2584);
#798=VERTEX_POINT('',#2586);
#799=VERTEX_POINT('',#2588);
#800=VERTEX_POINT('',#2595);
#801=VERTEX_POINT('',#2597);
#802=VERTEX_POINT('',#2632);
#803=VERTEX_POINT('',#2638);
#804=VERTEX_POINT('',#2640);
#805=VERTEX_POINT('',#2667);
#806=VERTEX_POINT('',#2669);
#807=VERTEX_POINT('',#2671);
#808=VERTEX_POINT('',#2673);
#809=VERTEX_POINT('',#2704);
#810=VERTEX_POINT('',#2706);
#811=VERTEX_POINT('',#2708);
#812=VERTEX_POINT('',#2710);
#813=VERTEX_POINT('',#2712);
#814=VERTEX_POINT('',#2714);
#815=VERTEX_POINT('',#2716);
#816=VERTEX_POINT('',#2718);
#817=VERTEX_POINT('',#2720);
#818=VERTEX_POINT('',#2722);
#819=VERTEX_POINT('',#2724);
#820=VERTEX_POINT('',#2757);
#821=VERTEX_POINT('',#2759);
#822=VERTEX_POINT('',#2761);
#823=VERTEX_POINT('',#2767);
#824=VERTEX_POINT('',#2776);
#825=VERTEX_POINT('',#2778);
#826=VERTEX_POINT('',#2794);
#827=VERTEX_POINT('',#2796);
#828=VERTEX_POINT('',#2798);
#829=VERTEX_POINT('',#2800);
#830=VERTEX_POINT('',#2802);
#831=VERTEX_POINT('',#2804);
#832=VERTEX_POINT('',#2805);
#833=VERTEX_POINT('',#2807);
#834=VERTEX_POINT('',#2809);
#835=VERTEX_POINT('',#2811);
#836=VERTEX_POINT('',#2813);
#837=VERTEX_POINT('',#2815);
#838=VERTEX_POINT('',#2817);
#839=VERTEX_POINT('',#2820);
#840=VERTEX_POINT('',#2821);
#841=VERTEX_POINT('',#2823);
#842=VERTEX_POINT('',#2825);
#843=VERTEX_POINT('',#2827);
#844=VERTEX_POINT('',#2829);
#845=VERTEX_POINT('',#2831);
#846=VERTEX_POINT('',#2833);
#847=VERTEX_POINT('',#2846);
#848=VERTEX_POINT('',#2848);
#849=VERTEX_POINT('',#2875);
#850=VERTEX_POINT('',#2886);
#851=VERTEX_POINT('',#2888);
#852=VERTEX_POINT('',#2893);
#853=VERTEX_POINT('',#2928);
#854=VERTEX_POINT('',#2930);
#855=VERTEX_POINT('',#2937);
#856=VERTEX_POINT('',#2939);
#857=VERTEX_POINT('',#2941);
#858=VERTEX_POINT('',#2943);
#859=VERTEX_POINT('',#2950);
#860=VERTEX_POINT('',#2966);
#861=VERTEX_POINT('',#2968);
#862=VERTEX_POINT('',#2970);
#863=VERTEX_POINT('',#3003);
#864=VERTEX_POINT('',#3005);
#865=VERTEX_POINT('',#3007);
#866=VERTEX_POINT('',#3009);
#867=VERTEX_POINT('',#3011);
#868=VERTEX_POINT('',#3013);
#869=VERTEX_POINT('',#3015);
#870=VERTEX_POINT('',#3017);
#871=VERTEX_POINT('',#3019);
#872=VERTEX_POINT('',#3021);
#873=VERTEX_POINT('',#3023);
#874=VERTEX_POINT('',#3054);
#875=VERTEX_POINT('',#3056);
#876=VERTEX_POINT('',#3058);
#877=VERTEX_POINT('',#3060);
#878=VERTEX_POINT('',#3088);
#879=VERTEX_POINT('',#3090);
#880=VERTEX_POINT('',#3092);
#881=VERTEX_POINT('',#3094);
#882=VERTEX_POINT('',#3096);
#883=VERTEX_POINT('',#3097);
#884=VERTEX_POINT('',#3099);
#885=VERTEX_POINT('',#3101);
#886=VERTEX_POINT('',#3103);
#887=VERTEX_POINT('',#3105);
#888=VERTEX_POINT('',#3107);
#889=VERTEX_POINT('',#3109);
#890=VERTEX_POINT('',#3112);
#891=VERTEX_POINT('',#3114);
#892=VERTEX_POINT('',#3115);
#893=VERTEX_POINT('',#3117);
#894=VERTEX_POINT('',#3119);
#895=VERTEX_POINT('',#3123);
#896=VERTEX_POINT('',#3124);
#897=VERTEX_POINT('',#3126);
#898=VERTEX_POINT('',#3128);
#899=VERTEX_POINT('',#3132);
#900=VERTEX_POINT('',#3134);
#901=VERTEX_POINT('',#3136);
#902=VERTEX_POINT('',#3140);
#903=VERTEX_POINT('',#3142);
#904=VERTEX_POINT('',#3145);
#905=VERTEX_POINT('',#3151);
#906=VERTEX_POINT('',#3152);
#907=VERTEX_POINT('',#3154);
#908=VERTEX_POINT('',#3156);
#909=VERTEX_POINT('',#3161);
#910=VERTEX_POINT('',#3163);
#911=VERTEX_POINT('',#3167);
#912=VERTEX_POINT('',#3169);
#913=VERTEX_POINT('',#3174);
#914=VERTEX_POINT('',#3175);
#915=VERTEX_POINT('',#3177);
#916=VERTEX_POINT('',#3179);
#917=VERTEX_POINT('',#3182);
#918=VERTEX_POINT('',#3184);
#919=VERTEX_POINT('',#3188);
#920=VERTEX_POINT('',#3193);
#921=VERTEX_POINT('',#3200);
#922=VERTEX_POINT('',#3205);
#923=VERTEX_POINT('',#3212);
#924=VERTEX_POINT('',#3216);
#925=VERTEX_POINT('',#3220);
#926=VERTEX_POINT('',#3224);
#927=VERTEX_POINT('',#3228);
#928=VERTEX_POINT('',#3232);
#929=VERTEX_POINT('',#3236);
#930=VERTEX_POINT('',#3240);
#931=VERTEX_POINT('',#3243);
#932=VERTEX_POINT('',#3247);
#933=VERTEX_POINT('',#3250);
#934=VERTEX_POINT('',#3254);
#935=VERTEX_POINT('',#3257);
#936=VERTEX_POINT('',#3260);
#937=VERTEX_POINT('',#3263);
#938=VERTEX_POINT('',#3272);
#939=VERTEX_POINT('',#3276);
#940=VERTEX_POINT('',#3279);
#941=VERTEX_POINT('',#3283);
#942=VERTEX_POINT('',#3290);
#943=VERTEX_POINT('',#3292);
#944=VERTEX_POINT('',#3297);
#945=VERTEX_POINT('',#3299);
#946=VERTEX_POINT('',#3301);
#947=VERTEX_POINT('',#3317);
#948=VERTEX_POINT('',#3327);
#949=VERTEX_POINT('',#3332);
#950=VERTEX_POINT('',#3339);
#951=VERTEX_POINT('',#3344);
#952=VERTEX_POINT('',#3348);
#953=VERTEX_POINT('',#3790);
#954=VERTEX_POINT('',#3792);
#955=VERTEX_POINT('',#3796);
#956=VERTEX_POINT('',#3802);
#957=EDGE_CURVE('',#788,#789,#764,.T.);
#958=EDGE_CURVE('',#789,#790,#434,.T.);
#959=EDGE_CURVE('',#790,#791,#765,.T.);
#960=EDGE_CURVE('',#791,#788,#435,.T.);
#961=EDGE_CURVE('',#792,#789,#766,.T.);
#962=EDGE_CURVE('',#793,#792,#436,.T.);
#963=EDGE_CURVE('',#790,#793,#767,.T.);
#964=EDGE_CURVE('',#794,#795,#437,.T.);
#965=EDGE_CURVE('',#794,#796,#91,.T.);
#966=EDGE_CURVE('',#797,#796,#438,.T.);
#967=EDGE_CURVE('',#797,#798,#92,.T.);
#968=EDGE_CURVE('',#799,#798,#768,.T.);
#969=EDGE_CURVE('',#799,#800,#439,.T.);
#970=EDGE_CURVE('',#800,#801,#769,.T.);
#971=EDGE_CURVE('',#801,#802,#770,.T.);
#972=EDGE_CURVE('',#802,#792,#440,.T.);
#973=EDGE_CURVE('',#788,#803,#441,.T.);
#974=EDGE_CURVE('',#803,#804,#771,.T.);
#975=EDGE_CURVE('',#804,#805,#93,.T.);
#976=EDGE_CURVE('',#805,#806,#94,.T.);
#977=EDGE_CURVE('',#806,#807,#95,.T.);
#978=EDGE_CURVE('',#807,#808,#772,.T.);
#979=EDGE_CURVE('',#808,#809,#96,.T.);
#980=EDGE_CURVE('',#809,#810,#442,.T.);
#981=EDGE_CURVE('',#810,#811,#443,.T.);
#982=EDGE_CURVE('',#811,#812,#444,.T.);
#983=EDGE_CURVE('',#812,#813,#445,.T.);
#984=EDGE_CURVE('',#813,#814,#446,.T.);
#985=EDGE_CURVE('',#814,#815,#447,.T.);
#986=EDGE_CURVE('',#815,#816,#448,.T.);
#987=EDGE_CURVE('',#816,#817,#449,.T.);
#988=EDGE_CURVE('',#817,#818,#97,.T.);
#989=EDGE_CURVE('',#818,#819,#773,.T.);
#990=EDGE_CURVE('',#819,#820,#450,.T.);
#991=EDGE_CURVE('',#820,#821,#451,.T.);
#992=EDGE_CURVE('',#822,#821,#774,.T.);
#993=EDGE_CURVE('',#822,#823,#775,.T.);
#994=EDGE_CURVE('',#823,#824,#452,.T.);
#995=EDGE_CURVE('',#824,#825,#776,.T.);
#996=EDGE_CURVE('',#825,#795,#453,.T.);
#997=EDGE_CURVE('',#826,#826,#98,.T.);
#998=EDGE_CURVE('',#827,#827,#99,.T.);
#999=EDGE_CURVE('',#828,#828,#100,.T.);
#1000=EDGE_CURVE('',#829,#829,#101,.T.);
#1001=EDGE_CURVE('',#830,#830,#102,.T.);
#1002=EDGE_CURVE('',#831,#832,#454,.T.);
#1003=EDGE_CURVE('',#832,#833,#455,.T.);
#1004=EDGE_CURVE('',#833,#834,#456,.T.);
#1005=EDGE_CURVE('',#834,#835,#457,.T.);
#1006=EDGE_CURVE('',#835,#836,#458,.T.);
#1007=EDGE_CURVE('',#836,#837,#459,.T.);
#1008=EDGE_CURVE('',#837,#838,#460,.T.);
#1009=EDGE_CURVE('',#838,#831,#103,.T.);
#1010=EDGE_CURVE('',#839,#840,#461,.T.);
#1011=EDGE_CURVE('',#840,#841,#462,.T.);
#1012=EDGE_CURVE('',#841,#842,#463,.T.);
#1013=EDGE_CURVE('',#842,#843,#464,.T.);
#1014=EDGE_CURVE('',#843,#844,#465,.T.);
#1015=EDGE_CURVE('',#844,#845,#466,.T.);
#1016=EDGE_CURVE('',#845,#846,#467,.T.);
#1017=EDGE_CURVE('',#846,#839,#468,.T.);
#1018=EDGE_CURVE('',#821,#847,#469,.T.);
#1019=EDGE_CURVE('',#847,#848,#777,.T.);
#1020=EDGE_CURVE('',#848,#822,#470,.T.);
#1021=EDGE_CURVE('',#849,#848,#778,.T.);
#1022=EDGE_CURVE('',#849,#823,#471,.T.);
#1023=EDGE_CURVE('',#793,#850,#472,.T.);
#1024=EDGE_CURVE('',#850,#851,#779,.T.);
#1025=EDGE_CURVE('',#851,#852,#780,.T.);
#1026=EDGE_CURVE('',#852,#853,#473,.T.);
#1027=EDGE_CURVE('',#853,#854,#781,.T.);
#1028=EDGE_CURVE('',#854,#855,#104,.T.);
#1029=EDGE_CURVE('',#856,#855,#474,.T.);
#1030=EDGE_CURVE('',#856,#857,#105,.T.);
#1031=EDGE_CURVE('',#857,#858,#782,.T.);
#1032=EDGE_CURVE('',#858,#859,#783,.T.);
#1033=EDGE_CURVE('',#859,#849,#475,.T.);
#1034=EDGE_CURVE('',#847,#860,#476,.T.);
#1035=EDGE_CURVE('',#860,#861,#477,.T.);
#1036=EDGE_CURVE('',#861,#862,#784,.T.);
#1037=EDGE_CURVE('',#862,#863,#106,.T.);
#1038=EDGE_CURVE('',#863,#864,#478,.T.);
#1039=EDGE_CURVE('',#864,#865,#479,.T.);
#1040=EDGE_CURVE('',#866,#865,#480,.T.);
#1041=EDGE_CURVE('',#867,#866,#481,.T.);
#1042=EDGE_CURVE('',#868,#867,#482,.T.);
#1043=EDGE_CURVE('',#869,#868,#483,.T.);
#1044=EDGE_CURVE('',#869,#870,#484,.T.);
#1045=EDGE_CURVE('',#870,#871,#485,.T.);
#1046=EDGE_CURVE('',#871,#872,#107,.T.);
#1047=EDGE_CURVE('',#872,#873,#785,.T.);
#1048=EDGE_CURVE('',#873,#874,#108,.T.);
#1049=EDGE_CURVE('',#874,#875,#109,.T.);
#1050=EDGE_CURVE('',#875,#876,#110,.T.);
#1051=EDGE_CURVE('',#876,#877,#786,.T.);
#1052=EDGE_CURVE('',#877,#791,#486,.T.);
#1053=EDGE_CURVE('',#878,#878,#111,.T.);
#1054=EDGE_CURVE('',#879,#879,#112,.T.);
#1055=EDGE_CURVE('',#880,#880,#113,.T.);
#1056=EDGE_CURVE('',#881,#881,#114,.T.);
#1057=EDGE_CURVE('',#882,#883,#487,.T.);
#1058=EDGE_CURVE('',#883,#884,#115,.T.);
#1059=EDGE_CURVE('',#884,#885,#488,.T.);
#1060=EDGE_CURVE('',#885,#886,#489,.T.);
#1061=EDGE_CURVE('',#886,#887,#490,.T.);
#1062=EDGE_CURVE('',#887,#888,#491,.T.);
#1063=EDGE_CURVE('',#888,#889,#492,.T.);
#1064=EDGE_CURVE('',#889,#882,#493,.T.);
#1065=EDGE_CURVE('',#890,#890,#116,.T.);
#1066=EDGE_CURVE('',#891,#892,#494,.T.);
#1067=EDGE_CURVE('',#892,#893,#495,.T.);
#1068=EDGE_CURVE('',#893,#894,#496,.T.);
#1069=EDGE_CURVE('',#894,#891,#497,.T.);
#1070=EDGE_CURVE('',#895,#896,#117,.T.);
#1071=EDGE_CURVE('',#896,#897,#498,.T.);
#1072=EDGE_CURVE('',#897,#898,#118,.T.);
#1073=EDGE_CURVE('',#898,#895,#499,.T.);
#1074=EDGE_CURVE('',#899,#897,#500,.T.);
#1075=EDGE_CURVE('',#900,#899,#501,.T.);
#1076=EDGE_CURVE('',#901,#900,#502,.T.);
#1077=EDGE_CURVE('',#901,#898,#503,.T.);
#1078=EDGE_CURVE('',#896,#902,#504,.T.);
#1079=EDGE_CURVE('',#902,#903,#505,.T.);
#1080=EDGE_CURVE('',#903,#800,#506,.T.);
#1081=EDGE_CURVE('',#798,#904,#119,.T.);
#1082=EDGE_CURVE('',#904,#797,#120,.T.);
#1083=EDGE_CURVE('',#796,#794,#121,.T.);
#1084=EDGE_CURVE('',#795,#899,#507,.T.);
#1085=EDGE_CURVE('',#905,#906,#122,.T.);
#1086=EDGE_CURVE('',#906,#907,#508,.T.);
#1087=EDGE_CURVE('',#907,#908,#123,.T.);
#1088=EDGE_CURVE('',#908,#905,#509,.T.);
#1089=EDGE_CURVE('',#844,#908,#510,.T.);
#1090=EDGE_CURVE('',#843,#909,#511,.T.);
#1091=EDGE_CURVE('',#910,#909,#512,.T.);
#1092=EDGE_CURVE('',#910,#840,#513,.T.);
#1093=EDGE_CURVE('',#905,#839,#514,.T.);
#1094=EDGE_CURVE('',#911,#911,#124,.T.);
#1095=EDGE_CURVE('',#912,#912,#125,.T.);
#1096=EDGE_CURVE('',#907,#845,#515,.T.);
#1097=EDGE_CURVE('',#913,#914,#516,.T.);
#1098=EDGE_CURVE('',#915,#913,#517,.T.);
#1099=EDGE_CURVE('',#916,#915,#518,.T.);
#1100=EDGE_CURVE('',#916,#892,#519,.T.);
#1101=EDGE_CURVE('',#917,#891,#520,.T.);
#1102=EDGE_CURVE('',#918,#917,#521,.T.);
#1103=EDGE_CURVE('',#918,#914,#522,.T.);
#1104=EDGE_CURVE('',#912,#919,#523,.T.);
#1105=EDGE_CURVE('',#919,#919,#126,.T.);
#1106=EDGE_CURVE('',#911,#920,#524,.T.);
#1107=EDGE_CURVE('',#920,#920,#127,.T.);
#1108=EDGE_CURVE('',#846,#906,#525,.T.);
#1109=EDGE_CURVE('',#841,#921,#526,.T.);
#1110=EDGE_CURVE('',#921,#917,#527,.T.);
#1111=EDGE_CURVE('',#842,#894,#528,.T.);
#1112=EDGE_CURVE('',#922,#921,#529,.T.);
#1113=EDGE_CURVE('',#918,#922,#530,.T.);
#1114=EDGE_CURVE('',#910,#922,#531,.T.);
#1115=EDGE_CURVE('',#878,#923,#128,.T.);
#1116=EDGE_CURVE('',#923,#923,#129,.T.);
#1117=EDGE_CURVE('',#924,#924,#130,.T.);
#1118=EDGE_CURVE('',#924,#923,#532,.T.);
#1119=EDGE_CURVE('',#890,#925,#131,.T.);
#1120=EDGE_CURVE('',#925,#925,#132,.T.);
#1121=EDGE_CURVE('',#926,#926,#133,.T.);
#1122=EDGE_CURVE('',#926,#925,#533,.T.);
#1123=EDGE_CURVE('',#879,#927,#134,.T.);
#1124=EDGE_CURVE('',#927,#927,#135,.T.);
#1125=EDGE_CURVE('',#928,#928,#136,.T.);
#1126=EDGE_CURVE('',#928,#927,#534,.T.);
#1127=EDGE_CURVE('',#826,#929,#535,.T.);
#1128=EDGE_CURVE('',#929,#929,#137,.T.);
#1129=EDGE_CURVE('',#930,#930,#138,.T.);
#1130=EDGE_CURVE('',#827,#931,#536,.T.);
#1131=EDGE_CURVE('',#931,#931,#139,.T.);
#1132=EDGE_CURVE('',#932,#932,#140,.T.);
#1133=EDGE_CURVE('',#828,#933,#537,.T.);
#1134=EDGE_CURVE('',#933,#933,#141,.T.);
#1135=EDGE_CURVE('',#934,#934,#142,.T.);
#1136=EDGE_CURVE('',#935,#935,#143,.T.);
#1137=EDGE_CURVE('',#936,#936,#144,.T.);
#1138=EDGE_CURVE('',#937,#937,#145,.T.);
#1139=EDGE_CURVE('',#936,#930,#538,.T.);
#1140=EDGE_CURVE('',#935,#934,#539,.T.);
#1141=EDGE_CURVE('',#937,#932,#540,.T.);
#1142=EDGE_CURVE('',#829,#938,#541,.T.);
#1143=EDGE_CURVE('',#938,#938,#146,.T.);
#1144=EDGE_CURVE('',#939,#939,#147,.T.);
#1145=EDGE_CURVE('',#830,#940,#542,.T.);
#1146=EDGE_CURVE('',#940,#940,#148,.T.);
#1147=EDGE_CURVE('',#941,#941,#149,.T.);
#1148=EDGE_CURVE('',#941,#880,#543,.T.);
#1149=EDGE_CURVE('',#939,#881,#544,.T.);
#1150=EDGE_CURVE('',#942,#942,#150,.T.);
#1151=EDGE_CURVE('',#942,#943,#545,.T.);
#1152=EDGE_CURVE('',#855,#943,#151,.T.);
#1153=EDGE_CURVE('',#943,#854,#152,.T.);
#1154=EDGE_CURVE('',#944,#944,#153,.T.);
#1155=EDGE_CURVE('',#944,#945,#546,.T.);
#1156=EDGE_CURVE('',#946,#945,#154,.T.);
#1157=EDGE_CURVE('',#857,#946,#547,.T.);
#1158=EDGE_CURVE('',#945,#856,#155,.T.);
#1159=EDGE_CURVE('',#946,#947,#787,.T.);
#1160=EDGE_CURVE('',#947,#795,#548,.T.);
#1161=EDGE_CURVE('',#858,#825,#549,.T.);
#1162=EDGE_CURVE('',#904,#948,#550,.T.);
#1163=EDGE_CURVE('',#948,#948,#156,.T.);
#1164=EDGE_CURVE('',#796,#949,#551,.T.);
#1165=EDGE_CURVE('',#949,#949,#157,.T.);
#1166=EDGE_CURVE('',#947,#900,#552,.T.);
#1167=EDGE_CURVE('',#950,#903,#553,.T.);
#1168=EDGE_CURVE('',#950,#852,#554,.T.);
#1169=EDGE_CURVE('',#852,#800,#555,.T.);
#1170=EDGE_CURVE('',#950,#951,#556,.T.);
#1171=EDGE_CURVE('',#951,#902,#557,.T.);
#1172=EDGE_CURVE('',#952,#895,#558,.T.);
#1173=EDGE_CURVE('',#951,#952,#559,.T.);
#1174=EDGE_CURVE('',#901,#952,#560,.T.);
#1175=EDGE_CURVE('',#836,#886,#561,.T.);
#1176=EDGE_CURVE('',#835,#887,#562,.T.);
#1177=EDGE_CURVE('',#834,#888,#563,.T.);
#1178=EDGE_CURVE('',#833,#889,#564,.T.);
#1179=EDGE_CURVE('',#832,#882,#565,.T.);
#1180=EDGE_CURVE('',#831,#883,#566,.T.);
#1181=EDGE_CURVE('',#838,#884,#567,.T.);
#1182=EDGE_CURVE('',#837,#885,#568,.T.);
#1183=EDGE_CURVE('',#877,#803,#569,.T.);
#1184=EDGE_CURVE('',#811,#869,#570,.T.);
#1185=EDGE_CURVE('',#870,#810,#571,.T.);
#1186=EDGE_CURVE('',#871,#809,#572,.T.);
#1187=EDGE_CURVE('',#872,#808,#573,.T.);
#1188=EDGE_CURVE('',#873,#807,#574,.T.);
#1189=EDGE_CURVE('',#874,#806,#575,.T.);
#1190=EDGE_CURVE('',#875,#805,#576,.T.);
#1191=EDGE_CURVE('',#876,#804,#577,.T.);
#1192=EDGE_CURVE('',#851,#801,#578,.T.);
#1193=EDGE_CURVE('',#850,#802,#579,.T.);
#1194=EDGE_CURVE('',#864,#816,#580,.T.);
#1195=EDGE_CURVE('',#865,#815,#581,.T.);
#1196=EDGE_CURVE('',#863,#817,#582,.T.);
#1197=EDGE_CURVE('',#862,#818,#583,.T.);
#1198=EDGE_CURVE('',#861,#819,#584,.T.);
#1199=EDGE_CURVE('',#860,#820,#585,.T.);
#1200=EDGE_CURVE('',#866,#814,#586,.T.);
#1201=EDGE_CURVE('',#859,#824,#587,.T.);
#1202=EDGE_CURVE('',#867,#813,#588,.T.);
#1203=EDGE_CURVE('',#868,#812,#589,.T.);
#1204=EDGE_CURVE('',#953,#914,#590,.T.);
#1205=EDGE_CURVE('',#954,#953,#591,.T.);
#1206=EDGE_CURVE('',#913,#954,#592,.T.);
#1207=EDGE_CURVE('',#955,#916,#593,.T.);
#1208=EDGE_CURVE('',#953,#955,#594,.T.);
#1209=EDGE_CURVE('',#909,#893,#595,.T.);
#1210=EDGE_CURVE('',#956,#915,#596,.T.);
#1211=EDGE_CURVE('',#956,#955,#597,.T.);
#1212=EDGE_CURVE('',#954,#956,#598,.T.);
#1213=ORIENTED_EDGE('',*,*,#957,.T.);
#1214=ORIENTED_EDGE('',*,*,#958,.T.);
#1215=ORIENTED_EDGE('',*,*,#959,.T.);
#1216=ORIENTED_EDGE('',*,*,#960,.T.);
#1217=ORIENTED_EDGE('',*,*,#958,.F.);
#1218=ORIENTED_EDGE('',*,*,#961,.F.);
#1219=ORIENTED_EDGE('',*,*,#962,.F.);
#1220=ORIENTED_EDGE('',*,*,#963,.F.);
#1221=ORIENTED_EDGE('',*,*,#964,.F.);
#1222=ORIENTED_EDGE('',*,*,#965,.T.);
#1223=ORIENTED_EDGE('',*,*,#966,.F.);
#1224=ORIENTED_EDGE('',*,*,#967,.T.);
#1225=ORIENTED_EDGE('',*,*,#968,.F.);
#1226=ORIENTED_EDGE('',*,*,#969,.T.);
#1227=ORIENTED_EDGE('',*,*,#970,.T.);
#1228=ORIENTED_EDGE('',*,*,#971,.T.);
#1229=ORIENTED_EDGE('',*,*,#972,.T.);
#1230=ORIENTED_EDGE('',*,*,#961,.T.);
#1231=ORIENTED_EDGE('',*,*,#957,.F.);
#1232=ORIENTED_EDGE('',*,*,#973,.T.);
#1233=ORIENTED_EDGE('',*,*,#974,.T.);
#1234=ORIENTED_EDGE('',*,*,#975,.T.);
#1235=ORIENTED_EDGE('',*,*,#976,.T.);
#1236=ORIENTED_EDGE('',*,*,#977,.T.);
#1237=ORIENTED_EDGE('',*,*,#978,.T.);
#1238=ORIENTED_EDGE('',*,*,#979,.T.);
#1239=ORIENTED_EDGE('',*,*,#980,.T.);
#1240=ORIENTED_EDGE('',*,*,#981,.T.);
#1241=ORIENTED_EDGE('',*,*,#982,.T.);
#1242=ORIENTED_EDGE('',*,*,#983,.T.);
#1243=ORIENTED_EDGE('',*,*,#984,.T.);
#1244=ORIENTED_EDGE('',*,*,#985,.T.);
#1245=ORIENTED_EDGE('',*,*,#986,.T.);
#1246=ORIENTED_EDGE('',*,*,#987,.T.);
#1247=ORIENTED_EDGE('',*,*,#988,.T.);
#1248=ORIENTED_EDGE('',*,*,#989,.T.);
#1249=ORIENTED_EDGE('',*,*,#990,.T.);
#1250=ORIENTED_EDGE('',*,*,#991,.T.);
#1251=ORIENTED_EDGE('',*,*,#992,.F.);
#1252=ORIENTED_EDGE('',*,*,#993,.T.);
#1253=ORIENTED_EDGE('',*,*,#994,.T.);
#1254=ORIENTED_EDGE('',*,*,#995,.T.);
#1255=ORIENTED_EDGE('',*,*,#996,.T.);
#1256=ORIENTED_EDGE('',*,*,#997,.T.);
#1257=ORIENTED_EDGE('',*,*,#998,.T.);
#1258=ORIENTED_EDGE('',*,*,#999,.T.);
#1259=ORIENTED_EDGE('',*,*,#1000,.T.);
#1260=ORIENTED_EDGE('',*,*,#1001,.T.);
#1261=ORIENTED_EDGE('',*,*,#1002,.T.);
#1262=ORIENTED_EDGE('',*,*,#1003,.T.);
#1263=ORIENTED_EDGE('',*,*,#1004,.T.);
#1264=ORIENTED_EDGE('',*,*,#1005,.T.);
#1265=ORIENTED_EDGE('',*,*,#1006,.T.);
#1266=ORIENTED_EDGE('',*,*,#1007,.T.);
#1267=ORIENTED_EDGE('',*,*,#1008,.T.);
#1268=ORIENTED_EDGE('',*,*,#1009,.T.);
#1269=ORIENTED_EDGE('',*,*,#1010,.T.);
#1270=ORIENTED_EDGE('',*,*,#1011,.T.);
#1271=ORIENTED_EDGE('',*,*,#1012,.T.);
#1272=ORIENTED_EDGE('',*,*,#1013,.T.);
#1273=ORIENTED_EDGE('',*,*,#1014,.T.);
#1274=ORIENTED_EDGE('',*,*,#1015,.T.);
#1275=ORIENTED_EDGE('',*,*,#1016,.T.);
#1276=ORIENTED_EDGE('',*,*,#1017,.T.);
#1277=ORIENTED_EDGE('',*,*,#992,.T.);
#1278=ORIENTED_EDGE('',*,*,#1018,.T.);
#1279=ORIENTED_EDGE('',*,*,#1019,.T.);
#1280=ORIENTED_EDGE('',*,*,#1020,.T.);
#1281=ORIENTED_EDGE('',*,*,#1020,.F.);
#1282=ORIENTED_EDGE('',*,*,#1021,.F.);
#1283=ORIENTED_EDGE('',*,*,#1022,.T.);
#1284=ORIENTED_EDGE('',*,*,#993,.F.);
#1285=ORIENTED_EDGE('',*,*,#959,.F.);
#1286=ORIENTED_EDGE('',*,*,#963,.T.);
#1287=ORIENTED_EDGE('',*,*,#1023,.T.);
#1288=ORIENTED_EDGE('',*,*,#1024,.T.);
#1289=ORIENTED_EDGE('',*,*,#1025,.T.);
#1290=ORIENTED_EDGE('',*,*,#1026,.T.);
#1291=ORIENTED_EDGE('',*,*,#1027,.T.);
#1292=ORIENTED_EDGE('',*,*,#1028,.T.);
#1293=ORIENTED_EDGE('',*,*,#1029,.F.);
#1294=ORIENTED_EDGE('',*,*,#1030,.T.);
#1295=ORIENTED_EDGE('',*,*,#1031,.T.);
#1296=ORIENTED_EDGE('',*,*,#1032,.T.);
#1297=ORIENTED_EDGE('',*,*,#1033,.T.);
#1298=ORIENTED_EDGE('',*,*,#1021,.T.);
#1299=ORIENTED_EDGE('',*,*,#1019,.F.);
#1300=ORIENTED_EDGE('',*,*,#1034,.T.);
#1301=ORIENTED_EDGE('',*,*,#1035,.T.);
#1302=ORIENTED_EDGE('',*,*,#1036,.T.);
#1303=ORIENTED_EDGE('',*,*,#1037,.T.);
#1304=ORIENTED_EDGE('',*,*,#1038,.T.);
#1305=ORIENTED_EDGE('',*,*,#1039,.T.);
#1306=ORIENTED_EDGE('',*,*,#1040,.F.);
#1307=ORIENTED_EDGE('',*,*,#1041,.F.);
#1308=ORIENTED_EDGE('',*,*,#1042,.F.);
#1309=ORIENTED_EDGE('',*,*,#1043,.F.);
#1310=ORIENTED_EDGE('',*,*,#1044,.T.);
#1311=ORIENTED_EDGE('',*,*,#1045,.T.);
#1312=ORIENTED_EDGE('',*,*,#1046,.T.);
#1313=ORIENTED_EDGE('',*,*,#1047,.T.);
#1314=ORIENTED_EDGE('',*,*,#1048,.T.);
#1315=ORIENTED_EDGE('',*,*,#1049,.T.);
#1316=ORIENTED_EDGE('',*,*,#1050,.T.);
#1317=ORIENTED_EDGE('',*,*,#1051,.T.);
#1318=ORIENTED_EDGE('',*,*,#1052,.T.);
#1319=ORIENTED_EDGE('',*,*,#1053,.F.);
#1320=ORIENTED_EDGE('',*,*,#1054,.F.);
#1321=ORIENTED_EDGE('',*,*,#1055,.T.);
#1322=ORIENTED_EDGE('',*,*,#1056,.T.);
#1323=ORIENTED_EDGE('',*,*,#1057,.T.);
#1324=ORIENTED_EDGE('',*,*,#1058,.T.);
#1325=ORIENTED_EDGE('',*,*,#1059,.T.);
#1326=ORIENTED_EDGE('',*,*,#1060,.T.);
#1327=ORIENTED_EDGE('',*,*,#1061,.T.);
#1328=ORIENTED_EDGE('',*,*,#1062,.T.);
#1329=ORIENTED_EDGE('',*,*,#1063,.T.);
#1330=ORIENTED_EDGE('',*,*,#1064,.T.);
#1331=ORIENTED_EDGE('',*,*,#1065,.F.);
#1332=ORIENTED_EDGE('',*,*,#1066,.T.);
#1333=ORIENTED_EDGE('',*,*,#1067,.T.);
#1334=ORIENTED_EDGE('',*,*,#1068,.T.);
#1335=ORIENTED_EDGE('',*,*,#1069,.T.);
#1336=ORIENTED_EDGE('',*,*,#1070,.T.);
#1337=ORIENTED_EDGE('',*,*,#1071,.T.);
#1338=ORIENTED_EDGE('',*,*,#1072,.T.);
#1339=ORIENTED_EDGE('',*,*,#1073,.T.);
#1340=ORIENTED_EDGE('',*,*,#1072,.F.);
#1341=ORIENTED_EDGE('',*,*,#1074,.F.);
#1342=ORIENTED_EDGE('',*,*,#1075,.F.);
#1343=ORIENTED_EDGE('',*,*,#1076,.F.);
#1344=ORIENTED_EDGE('',*,*,#1077,.T.);
#1345=ORIENTED_EDGE('',*,*,#1071,.F.);
#1346=ORIENTED_EDGE('',*,*,#1078,.T.);
#1347=ORIENTED_EDGE('',*,*,#1079,.T.);
#1348=ORIENTED_EDGE('',*,*,#1080,.T.);
#1349=ORIENTED_EDGE('',*,*,#969,.F.);
#1350=ORIENTED_EDGE('',*,*,#968,.T.);
#1351=ORIENTED_EDGE('',*,*,#1081,.T.);
#1352=ORIENTED_EDGE('',*,*,#1082,.T.);
#1353=ORIENTED_EDGE('',*,*,#966,.T.);
#1354=ORIENTED_EDGE('',*,*,#1083,.T.);
#1355=ORIENTED_EDGE('',*,*,#964,.T.);
#1356=ORIENTED_EDGE('',*,*,#1084,.T.);
#1357=ORIENTED_EDGE('',*,*,#1074,.T.);
#1358=ORIENTED_EDGE('',*,*,#1085,.T.);
#1359=ORIENTED_EDGE('',*,*,#1086,.T.);
#1360=ORIENTED_EDGE('',*,*,#1087,.T.);
#1361=ORIENTED_EDGE('',*,*,#1088,.T.);
#1362=ORIENTED_EDGE('',*,*,#1088,.F.);
#1363=ORIENTED_EDGE('',*,*,#1089,.F.);
#1364=ORIENTED_EDGE('',*,*,#1014,.F.);
#1365=ORIENTED_EDGE('',*,*,#1090,.T.);
#1366=ORIENTED_EDGE('',*,*,#1091,.F.);
#1367=ORIENTED_EDGE('',*,*,#1092,.T.);
#1368=ORIENTED_EDGE('',*,*,#1010,.F.);
#1369=ORIENTED_EDGE('',*,*,#1093,.F.);
#1370=ORIENTED_EDGE('',*,*,#1094,.T.);
#1371=ORIENTED_EDGE('',*,*,#1095,.T.);
#1372=ORIENTED_EDGE('',*,*,#1087,.F.);
#1373=ORIENTED_EDGE('',*,*,#1096,.T.);
#1374=ORIENTED_EDGE('',*,*,#1015,.F.);
#1375=ORIENTED_EDGE('',*,*,#1089,.T.);
#1376=ORIENTED_EDGE('',*,*,#1097,.F.);
#1377=ORIENTED_EDGE('',*,*,#1098,.F.);
#1378=ORIENTED_EDGE('',*,*,#1099,.F.);
#1379=ORIENTED_EDGE('',*,*,#1100,.T.);
#1380=ORIENTED_EDGE('',*,*,#1066,.F.);
#1381=ORIENTED_EDGE('',*,*,#1101,.F.);
#1382=ORIENTED_EDGE('',*,*,#1102,.F.);
#1383=ORIENTED_EDGE('',*,*,#1103,.T.);
#1384=ORIENTED_EDGE('',*,*,#1095,.F.);
#1385=ORIENTED_EDGE('',*,*,#1104,.T.);
#1386=ORIENTED_EDGE('',*,*,#1105,.T.);
#1387=ORIENTED_EDGE('',*,*,#1104,.F.);
#1388=ORIENTED_EDGE('',*,*,#1105,.F.);
#1389=ORIENTED_EDGE('',*,*,#1094,.F.);
#1390=ORIENTED_EDGE('',*,*,#1106,.T.);
#1391=ORIENTED_EDGE('',*,*,#1107,.T.);
#1392=ORIENTED_EDGE('',*,*,#1106,.F.);
#1393=ORIENTED_EDGE('',*,*,#1107,.F.);
#1394=ORIENTED_EDGE('',*,*,#1085,.F.);
#1395=ORIENTED_EDGE('',*,*,#1093,.T.);
#1396=ORIENTED_EDGE('',*,*,#1017,.F.);
#1397=ORIENTED_EDGE('',*,*,#1108,.T.);
#1398=ORIENTED_EDGE('',*,*,#1012,.F.);
#1399=ORIENTED_EDGE('',*,*,#1109,.T.);
#1400=ORIENTED_EDGE('',*,*,#1110,.T.);
#1401=ORIENTED_EDGE('',*,*,#1101,.T.);
#1402=ORIENTED_EDGE('',*,*,#1069,.F.);
#1403=ORIENTED_EDGE('',*,*,#1111,.F.);
#1404=ORIENTED_EDGE('',*,*,#1102,.T.);
#1405=ORIENTED_EDGE('',*,*,#1110,.F.);
#1406=ORIENTED_EDGE('',*,*,#1112,.F.);
#1407=ORIENTED_EDGE('',*,*,#1113,.F.);
#1408=ORIENTED_EDGE('',*,*,#1011,.F.);
#1409=ORIENTED_EDGE('',*,*,#1092,.F.);
#1410=ORIENTED_EDGE('',*,*,#1114,.T.);
#1411=ORIENTED_EDGE('',*,*,#1112,.T.);
#1412=ORIENTED_EDGE('',*,*,#1109,.F.);
#1413=ORIENTED_EDGE('',*,*,#1086,.F.);
#1414=ORIENTED_EDGE('',*,*,#1108,.F.);
#1415=ORIENTED_EDGE('',*,*,#1016,.F.);
#1416=ORIENTED_EDGE('',*,*,#1096,.F.);
#1417=ORIENTED_EDGE('',*,*,#1053,.T.);
#1418=ORIENTED_EDGE('',*,*,#1115,.T.);
#1419=ORIENTED_EDGE('',*,*,#1116,.T.);
#1420=ORIENTED_EDGE('',*,*,#1115,.F.);
#1421=ORIENTED_EDGE('',*,*,#1117,.F.);
#1422=ORIENTED_EDGE('',*,*,#1118,.T.);
#1423=ORIENTED_EDGE('',*,*,#1116,.F.);
#1424=ORIENTED_EDGE('',*,*,#1118,.F.);
#1425=ORIENTED_EDGE('',*,*,#1065,.T.);
#1426=ORIENTED_EDGE('',*,*,#1119,.T.);
#1427=ORIENTED_EDGE('',*,*,#1120,.T.);
#1428=ORIENTED_EDGE('',*,*,#1119,.F.);
#1429=ORIENTED_EDGE('',*,*,#1121,.F.);
#1430=ORIENTED_EDGE('',*,*,#1122,.T.);
#1431=ORIENTED_EDGE('',*,*,#1120,.F.);
#1432=ORIENTED_EDGE('',*,*,#1122,.F.);
#1433=ORIENTED_EDGE('',*,*,#1054,.T.);
#1434=ORIENTED_EDGE('',*,*,#1123,.T.);
#1435=ORIENTED_EDGE('',*,*,#1124,.T.);
#1436=ORIENTED_EDGE('',*,*,#1123,.F.);
#1437=ORIENTED_EDGE('',*,*,#1125,.F.);
#1438=ORIENTED_EDGE('',*,*,#1126,.T.);
#1439=ORIENTED_EDGE('',*,*,#1124,.F.);
#1440=ORIENTED_EDGE('',*,*,#1126,.F.);
#1441=ORIENTED_EDGE('',*,*,#997,.F.);
#1442=ORIENTED_EDGE('',*,*,#1127,.T.);
#1443=ORIENTED_EDGE('',*,*,#1128,.F.);
#1444=ORIENTED_EDGE('',*,*,#1127,.F.);
#1445=ORIENTED_EDGE('',*,*,#1129,.F.);
#1446=ORIENTED_EDGE('',*,*,#1128,.T.);
#1447=ORIENTED_EDGE('',*,*,#998,.F.);
#1448=ORIENTED_EDGE('',*,*,#1130,.T.);
#1449=ORIENTED_EDGE('',*,*,#1131,.F.);
#1450=ORIENTED_EDGE('',*,*,#1130,.F.);
#1451=ORIENTED_EDGE('',*,*,#1132,.F.);
#1452=ORIENTED_EDGE('',*,*,#1131,.T.);
#1453=ORIENTED_EDGE('',*,*,#999,.F.);
#1454=ORIENTED_EDGE('',*,*,#1133,.T.);
#1455=ORIENTED_EDGE('',*,*,#1134,.F.);
#1456=ORIENTED_EDGE('',*,*,#1133,.F.);
#1457=ORIENTED_EDGE('',*,*,#1135,.F.);
#1458=ORIENTED_EDGE('',*,*,#1134,.T.);
#1459=ORIENTED_EDGE('',*,*,#1117,.T.);
#1460=ORIENTED_EDGE('',*,*,#1136,.T.);
#1461=ORIENTED_EDGE('',*,*,#1125,.T.);
#1462=ORIENTED_EDGE('',*,*,#1137,.T.);
#1463=ORIENTED_EDGE('',*,*,#1121,.T.);
#1464=ORIENTED_EDGE('',*,*,#1138,.T.);
#1465=ORIENTED_EDGE('',*,*,#1137,.F.);
#1466=ORIENTED_EDGE('',*,*,#1139,.T.);
#1467=ORIENTED_EDGE('',*,*,#1129,.T.);
#1468=ORIENTED_EDGE('',*,*,#1139,.F.);
#1469=ORIENTED_EDGE('',*,*,#1136,.F.);
#1470=ORIENTED_EDGE('',*,*,#1140,.T.);
#1471=ORIENTED_EDGE('',*,*,#1135,.T.);
#1472=ORIENTED_EDGE('',*,*,#1140,.F.);
#1473=ORIENTED_EDGE('',*,*,#1138,.F.);
#1474=ORIENTED_EDGE('',*,*,#1141,.T.);
#1475=ORIENTED_EDGE('',*,*,#1132,.T.);
#1476=ORIENTED_EDGE('',*,*,#1141,.F.);
#1477=ORIENTED_EDGE('',*,*,#1000,.F.);
#1478=ORIENTED_EDGE('',*,*,#1142,.T.);
#1479=ORIENTED_EDGE('',*,*,#1143,.T.);
#1480=ORIENTED_EDGE('',*,*,#1142,.F.);
#1481=ORIENTED_EDGE('',*,*,#1143,.F.);
#1482=ORIENTED_EDGE('',*,*,#1144,.F.);
#1483=ORIENTED_EDGE('',*,*,#1001,.F.);
#1484=ORIENTED_EDGE('',*,*,#1145,.T.);
#1485=ORIENTED_EDGE('',*,*,#1146,.T.);
#1486=ORIENTED_EDGE('',*,*,#1145,.F.);
#1487=ORIENTED_EDGE('',*,*,#1146,.F.);
#1488=ORIENTED_EDGE('',*,*,#1147,.F.);
#1489=ORIENTED_EDGE('',*,*,#1147,.T.);
#1490=ORIENTED_EDGE('',*,*,#1148,.T.);
#1491=ORIENTED_EDGE('',*,*,#1055,.F.);
#1492=ORIENTED_EDGE('',*,*,#1148,.F.);
#1493=ORIENTED_EDGE('',*,*,#1144,.T.);
#1494=ORIENTED_EDGE('',*,*,#1149,.T.);
#1495=ORIENTED_EDGE('',*,*,#1056,.F.);
#1496=ORIENTED_EDGE('',*,*,#1149,.F.);
#1497=ORIENTED_EDGE('',*,*,#1150,.T.);
#1498=ORIENTED_EDGE('',*,*,#1151,.T.);
#1499=ORIENTED_EDGE('',*,*,#1152,.F.);
#1500=ORIENTED_EDGE('',*,*,#1028,.F.);
#1501=ORIENTED_EDGE('',*,*,#1153,.F.);
#1502=ORIENTED_EDGE('',*,*,#1151,.F.);
#1503=ORIENTED_EDGE('',*,*,#1154,.T.);
#1504=ORIENTED_EDGE('',*,*,#1155,.T.);
#1505=ORIENTED_EDGE('',*,*,#1156,.F.);
#1506=ORIENTED_EDGE('',*,*,#1157,.F.);
#1507=ORIENTED_EDGE('',*,*,#1030,.F.);
#1508=ORIENTED_EDGE('',*,*,#1158,.F.);
#1509=ORIENTED_EDGE('',*,*,#1155,.F.);
#1510=ORIENTED_EDGE('',*,*,#1157,.T.);
#1511=ORIENTED_EDGE('',*,*,#1159,.T.);
#1512=ORIENTED_EDGE('',*,*,#1160,.T.);
#1513=ORIENTED_EDGE('',*,*,#996,.F.);
#1514=ORIENTED_EDGE('',*,*,#1161,.F.);
#1515=ORIENTED_EDGE('',*,*,#1031,.F.);
#1516=ORIENTED_EDGE('',*,*,#1081,.F.);
#1517=ORIENTED_EDGE('',*,*,#967,.F.);
#1518=ORIENTED_EDGE('',*,*,#1082,.F.);
#1519=ORIENTED_EDGE('',*,*,#1162,.T.);
#1520=ORIENTED_EDGE('',*,*,#1163,.T.);
#1521=ORIENTED_EDGE('',*,*,#1162,.F.);
#1522=ORIENTED_EDGE('',*,*,#1163,.F.);
#1523=ORIENTED_EDGE('',*,*,#1150,.F.);
#1524=ORIENTED_EDGE('',*,*,#965,.F.);
#1525=ORIENTED_EDGE('',*,*,#1083,.F.);
#1526=ORIENTED_EDGE('',*,*,#1164,.T.);
#1527=ORIENTED_EDGE('',*,*,#1165,.T.);
#1528=ORIENTED_EDGE('',*,*,#1164,.F.);
#1529=ORIENTED_EDGE('',*,*,#1165,.F.);
#1530=ORIENTED_EDGE('',*,*,#1154,.F.);
#1531=ORIENTED_EDGE('',*,*,#1160,.F.);
#1532=ORIENTED_EDGE('',*,*,#1166,.T.);
#1533=ORIENTED_EDGE('',*,*,#1075,.T.);
#1534=ORIENTED_EDGE('',*,*,#1084,.F.);
#1535=ORIENTED_EDGE('',*,*,#1080,.F.);
#1536=ORIENTED_EDGE('',*,*,#1167,.F.);
#1537=ORIENTED_EDGE('',*,*,#1168,.T.);
#1538=ORIENTED_EDGE('',*,*,#1169,.T.);
#1539=ORIENTED_EDGE('',*,*,#1170,.F.);
#1540=ORIENTED_EDGE('',*,*,#1167,.T.);
#1541=ORIENTED_EDGE('',*,*,#1079,.F.);
#1542=ORIENTED_EDGE('',*,*,#1171,.F.);
#1543=ORIENTED_EDGE('',*,*,#1070,.F.);
#1544=ORIENTED_EDGE('',*,*,#1172,.F.);
#1545=ORIENTED_EDGE('',*,*,#1173,.F.);
#1546=ORIENTED_EDGE('',*,*,#1171,.T.);
#1547=ORIENTED_EDGE('',*,*,#1078,.F.);
#1548=ORIENTED_EDGE('',*,*,#1073,.F.);
#1549=ORIENTED_EDGE('',*,*,#1077,.F.);
#1550=ORIENTED_EDGE('',*,*,#1174,.T.);
#1551=ORIENTED_EDGE('',*,*,#1172,.T.);
#1552=ORIENTED_EDGE('',*,*,#1152,.T.);
#1553=ORIENTED_EDGE('',*,*,#1153,.T.);
#1554=ORIENTED_EDGE('',*,*,#1027,.F.);
#1555=ORIENTED_EDGE('',*,*,#1026,.F.);
#1556=ORIENTED_EDGE('',*,*,#1168,.F.);
#1557=ORIENTED_EDGE('',*,*,#1170,.T.);
#1558=ORIENTED_EDGE('',*,*,#1173,.T.);
#1559=ORIENTED_EDGE('',*,*,#1174,.F.);
#1560=ORIENTED_EDGE('',*,*,#1076,.T.);
#1561=ORIENTED_EDGE('',*,*,#1166,.F.);
#1562=ORIENTED_EDGE('',*,*,#1159,.F.);
#1563=ORIENTED_EDGE('',*,*,#1156,.T.);
#1564=ORIENTED_EDGE('',*,*,#1158,.T.);
#1565=ORIENTED_EDGE('',*,*,#1029,.T.);
#1566=ORIENTED_EDGE('',*,*,#1061,.F.);
#1567=ORIENTED_EDGE('',*,*,#1175,.F.);
#1568=ORIENTED_EDGE('',*,*,#1006,.F.);
#1569=ORIENTED_EDGE('',*,*,#1176,.T.);
#1570=ORIENTED_EDGE('',*,*,#1062,.F.);
#1571=ORIENTED_EDGE('',*,*,#1176,.F.);
#1572=ORIENTED_EDGE('',*,*,#1005,.F.);
#1573=ORIENTED_EDGE('',*,*,#1177,.T.);
#1574=ORIENTED_EDGE('',*,*,#1063,.F.);
#1575=ORIENTED_EDGE('',*,*,#1177,.F.);
#1576=ORIENTED_EDGE('',*,*,#1004,.F.);
#1577=ORIENTED_EDGE('',*,*,#1178,.T.);
#1578=ORIENTED_EDGE('',*,*,#1064,.F.);
#1579=ORIENTED_EDGE('',*,*,#1178,.F.);
#1580=ORIENTED_EDGE('',*,*,#1003,.F.);
#1581=ORIENTED_EDGE('',*,*,#1179,.T.);
#1582=ORIENTED_EDGE('',*,*,#1057,.F.);
#1583=ORIENTED_EDGE('',*,*,#1179,.F.);
#1584=ORIENTED_EDGE('',*,*,#1002,.F.);
#1585=ORIENTED_EDGE('',*,*,#1180,.T.);
#1586=ORIENTED_EDGE('',*,*,#1058,.F.);
#1587=ORIENTED_EDGE('',*,*,#1180,.F.);
#1588=ORIENTED_EDGE('',*,*,#1009,.F.);
#1589=ORIENTED_EDGE('',*,*,#1181,.T.);
#1590=ORIENTED_EDGE('',*,*,#1059,.F.);
#1591=ORIENTED_EDGE('',*,*,#1181,.F.);
#1592=ORIENTED_EDGE('',*,*,#1008,.F.);
#1593=ORIENTED_EDGE('',*,*,#1182,.T.);
#1594=ORIENTED_EDGE('',*,*,#1060,.F.);
#1595=ORIENTED_EDGE('',*,*,#1182,.F.);
#1596=ORIENTED_EDGE('',*,*,#1007,.F.);
#1597=ORIENTED_EDGE('',*,*,#1175,.T.);
#1598=ORIENTED_EDGE('',*,*,#960,.F.);
#1599=ORIENTED_EDGE('',*,*,#1052,.F.);
#1600=ORIENTED_EDGE('',*,*,#1183,.T.);
#1601=ORIENTED_EDGE('',*,*,#973,.F.);
#1602=ORIENTED_EDGE('',*,*,#1044,.F.);
#1603=ORIENTED_EDGE('',*,*,#1184,.F.);
#1604=ORIENTED_EDGE('',*,*,#981,.F.);
#1605=ORIENTED_EDGE('',*,*,#1185,.F.);
#1606=ORIENTED_EDGE('',*,*,#1045,.F.);
#1607=ORIENTED_EDGE('',*,*,#1185,.T.);
#1608=ORIENTED_EDGE('',*,*,#980,.F.);
#1609=ORIENTED_EDGE('',*,*,#1186,.F.);
#1610=ORIENTED_EDGE('',*,*,#1046,.F.);
#1611=ORIENTED_EDGE('',*,*,#1186,.T.);
#1612=ORIENTED_EDGE('',*,*,#979,.F.);
#1613=ORIENTED_EDGE('',*,*,#1187,.F.);
#1614=ORIENTED_EDGE('',*,*,#1047,.F.);
#1615=ORIENTED_EDGE('',*,*,#1187,.T.);
#1616=ORIENTED_EDGE('',*,*,#978,.F.);
#1617=ORIENTED_EDGE('',*,*,#1188,.F.);
#1618=ORIENTED_EDGE('',*,*,#1048,.F.);
#1619=ORIENTED_EDGE('',*,*,#1188,.T.);
#1620=ORIENTED_EDGE('',*,*,#977,.F.);
#1621=ORIENTED_EDGE('',*,*,#1189,.F.);
#1622=ORIENTED_EDGE('',*,*,#1049,.F.);
#1623=ORIENTED_EDGE('',*,*,#1189,.T.);
#1624=ORIENTED_EDGE('',*,*,#976,.F.);
#1625=ORIENTED_EDGE('',*,*,#1190,.F.);
#1626=ORIENTED_EDGE('',*,*,#1050,.F.);
#1627=ORIENTED_EDGE('',*,*,#1190,.T.);
#1628=ORIENTED_EDGE('',*,*,#975,.F.);
#1629=ORIENTED_EDGE('',*,*,#1191,.F.);
#1630=ORIENTED_EDGE('',*,*,#1051,.F.);
#1631=ORIENTED_EDGE('',*,*,#1191,.T.);
#1632=ORIENTED_EDGE('',*,*,#974,.F.);
#1633=ORIENTED_EDGE('',*,*,#1183,.F.);
#1634=ORIENTED_EDGE('',*,*,#971,.F.);
#1635=ORIENTED_EDGE('',*,*,#1192,.F.);
#1636=ORIENTED_EDGE('',*,*,#1024,.F.);
#1637=ORIENTED_EDGE('',*,*,#1193,.T.);
#1638=ORIENTED_EDGE('',*,*,#972,.F.);
#1639=ORIENTED_EDGE('',*,*,#1193,.F.);
#1640=ORIENTED_EDGE('',*,*,#1023,.F.);
#1641=ORIENTED_EDGE('',*,*,#962,.T.);
#1642=ORIENTED_EDGE('',*,*,#1025,.F.);
#1643=ORIENTED_EDGE('',*,*,#1192,.T.);
#1644=ORIENTED_EDGE('',*,*,#970,.F.);
#1645=ORIENTED_EDGE('',*,*,#1169,.F.);
#1646=ORIENTED_EDGE('',*,*,#1039,.F.);
#1647=ORIENTED_EDGE('',*,*,#1194,.T.);
#1648=ORIENTED_EDGE('',*,*,#986,.F.);
#1649=ORIENTED_EDGE('',*,*,#1195,.F.);
#1650=ORIENTED_EDGE('',*,*,#1038,.F.);
#1651=ORIENTED_EDGE('',*,*,#1196,.T.);
#1652=ORIENTED_EDGE('',*,*,#987,.F.);
#1653=ORIENTED_EDGE('',*,*,#1194,.F.);
#1654=ORIENTED_EDGE('',*,*,#1037,.F.);
#1655=ORIENTED_EDGE('',*,*,#1197,.T.);
#1656=ORIENTED_EDGE('',*,*,#988,.F.);
#1657=ORIENTED_EDGE('',*,*,#1196,.F.);
#1658=ORIENTED_EDGE('',*,*,#1036,.F.);
#1659=ORIENTED_EDGE('',*,*,#1198,.T.);
#1660=ORIENTED_EDGE('',*,*,#989,.F.);
#1661=ORIENTED_EDGE('',*,*,#1197,.F.);
#1662=ORIENTED_EDGE('',*,*,#1035,.F.);
#1663=ORIENTED_EDGE('',*,*,#1199,.T.);
#1664=ORIENTED_EDGE('',*,*,#990,.F.);
#1665=ORIENTED_EDGE('',*,*,#1198,.F.);
#1666=ORIENTED_EDGE('',*,*,#1018,.F.);
#1667=ORIENTED_EDGE('',*,*,#991,.F.);
#1668=ORIENTED_EDGE('',*,*,#1199,.F.);
#1669=ORIENTED_EDGE('',*,*,#1034,.F.);
#1670=ORIENTED_EDGE('',*,*,#1195,.T.);
#1671=ORIENTED_EDGE('',*,*,#985,.F.);
#1672=ORIENTED_EDGE('',*,*,#1200,.F.);
#1673=ORIENTED_EDGE('',*,*,#1040,.T.);
#1674=ORIENTED_EDGE('',*,*,#994,.F.);
#1675=ORIENTED_EDGE('',*,*,#1022,.F.);
#1676=ORIENTED_EDGE('',*,*,#1033,.F.);
#1677=ORIENTED_EDGE('',*,*,#1201,.T.);
#1678=ORIENTED_EDGE('',*,*,#995,.F.);
#1679=ORIENTED_EDGE('',*,*,#1201,.F.);
#1680=ORIENTED_EDGE('',*,*,#1032,.F.);
#1681=ORIENTED_EDGE('',*,*,#1161,.T.);
#1682=ORIENTED_EDGE('',*,*,#1041,.T.);
#1683=ORIENTED_EDGE('',*,*,#1200,.T.);
#1684=ORIENTED_EDGE('',*,*,#984,.F.);
#1685=ORIENTED_EDGE('',*,*,#1202,.F.);
#1686=ORIENTED_EDGE('',*,*,#1042,.T.);
#1687=ORIENTED_EDGE('',*,*,#1202,.T.);
#1688=ORIENTED_EDGE('',*,*,#983,.F.);
#1689=ORIENTED_EDGE('',*,*,#1203,.F.);
#1690=ORIENTED_EDGE('',*,*,#1184,.T.);
#1691=ORIENTED_EDGE('',*,*,#1043,.T.);
#1692=ORIENTED_EDGE('',*,*,#1203,.T.);
#1693=ORIENTED_EDGE('',*,*,#982,.F.);
#1694=ORIENTED_EDGE('',*,*,#1097,.T.);
#1695=ORIENTED_EDGE('',*,*,#1204,.F.);
#1696=ORIENTED_EDGE('',*,*,#1205,.F.);
#1697=ORIENTED_EDGE('',*,*,#1206,.F.);
#1698=ORIENTED_EDGE('',*,*,#1207,.F.);
#1699=ORIENTED_EDGE('',*,*,#1208,.F.);
#1700=ORIENTED_EDGE('',*,*,#1204,.T.);
#1701=ORIENTED_EDGE('',*,*,#1103,.F.);
#1702=ORIENTED_EDGE('',*,*,#1113,.T.);
#1703=ORIENTED_EDGE('',*,*,#1114,.F.);
#1704=ORIENTED_EDGE('',*,*,#1091,.T.);
#1705=ORIENTED_EDGE('',*,*,#1209,.T.);
#1706=ORIENTED_EDGE('',*,*,#1067,.F.);
#1707=ORIENTED_EDGE('',*,*,#1100,.F.);
#1708=ORIENTED_EDGE('',*,*,#1209,.F.);
#1709=ORIENTED_EDGE('',*,*,#1090,.F.);
#1710=ORIENTED_EDGE('',*,*,#1013,.F.);
#1711=ORIENTED_EDGE('',*,*,#1111,.T.);
#1712=ORIENTED_EDGE('',*,*,#1068,.F.);
#1713=ORIENTED_EDGE('',*,*,#1099,.T.);
#1714=ORIENTED_EDGE('',*,*,#1210,.F.);
#1715=ORIENTED_EDGE('',*,*,#1211,.T.);
#1716=ORIENTED_EDGE('',*,*,#1207,.T.);
#1717=ORIENTED_EDGE('',*,*,#1098,.T.);
#1718=ORIENTED_EDGE('',*,*,#1206,.T.);
#1719=ORIENTED_EDGE('',*,*,#1212,.T.);
#1720=ORIENTED_EDGE('',*,*,#1210,.T.);
#1721=ORIENTED_EDGE('',*,*,#1205,.T.);
#1722=ORIENTED_EDGE('',*,*,#1208,.T.);
#1723=ORIENTED_EDGE('',*,*,#1211,.F.);
#1724=ORIENTED_EDGE('',*,*,#1212,.F.);
#1725=B_SPLINE_SURFACE_WITH_KNOTS('',3,1,((#2517,#2518),(#2519,#2520),(#2521,
#2522),(#2523,#2524),(#2525,#2526)),.UNSPECIFIED.,.F.,.F.,.F.,(4,1,4),(2,
2),(0.,0.5,1.),(0.,0.600000000000003),.UNSPECIFIED.);
#1726=B_SPLINE_SURFACE_WITH_KNOTS('',3,1,((#2543,#2544),(#2545,#2546),(#2547,
#2548),(#2549,#2550),(#2551,#2552),(#2553,#2554),(#2555,#2556),(#2557,#2558),
(#2559,#2560),(#2561,#2562)),.UNSPECIFIED.,.F.,.F.,.F.,(4,3,3,4),(2,2),
(-0.979687421510655,-0.750000000000001,-0.500000000000001,-0.0116188303054915),
(0.,32.4),.UNSPECIFIED.);
#1727=B_SPLINE_SURFACE_WITH_KNOTS('',3,1,((#2836,#2837),(#2838,#2839),(#2840,
#2841),(#2842,#2843),(#2844,#2845)),.UNSPECIFIED.,.F.,.F.,.F.,(4,1,4),(2,
2),(0.,0.571428571428571,1.),(0.,0.6),.UNSPECIFIED.);
#1728=B_SPLINE_SURFACE_WITH_KNOTS('',3,1,((#2855,#2856),(#2857,#2858),(#2859,
#2860),(#2861,#2862),(#2863,#2864),(#2865,#2866),(#2867,#2868),(#2869,#2870),
(#2871,#2872),(#2873,#2874)),.UNSPECIFIED.,.F.,.F.,.F.,(4,2,2,2,4),(2,2),
(0.00673369444821638,0.133060385275564,0.266003133680093,0.393861511563582,
0.43099451110586),(0.,15.84),.UNSPECIFIED.);
#1729=B_SPLINE_SURFACE_WITH_KNOTS('',3,1,((#3305,#3306),(#3307,#3308),(#3309,
#3310),(#3311,#3312),(#3313,#3314),(#3315,#3316)),.UNSPECIFIED.,.F.,.F.,
 .F.,(4,2,4),(2,2),(0.,0.273045963593454,0.545646527940473),(0.,0.72000000000002),
 .UNSPECIFIED.);
#1730=B_SPLINE_SURFACE_WITH_KNOTS('',3,1,((#3379,#3380),(#3381,#3382),(#3383,
#3384),(#3385,#3386),(#3387,#3388),(#3389,#3390),(#3391,#3392),(#3393,#3394),
(#3395,#3396),(#3397,#3398),(#3399,#3400),(#3401,#3402),(#3403,#3404),(#3405,
#3406),(#3407,#3408),(#3409,#3410),(#3411,#3412),(#3413,#3414),(#3415,#3416),
(#3417,#3418),(#3419,#3420),(#3421,#3422),(#3423,#3424),(#3425,#3426),(#3427,
#3428),(#3429,#3430),(#3431,#3432),(#3433,#3434),(#3435,#3436),(#3437,#3438),
(#3439,#3440),(#3441,#3442),(#3443,#3444),(#3445,#3446),(#3447,#3448),(#3449,
#3450),(#3451,#3452),(#3453,#3454),(#3455,#3456),(#3457,#3458),(#3459,#3460),
(#3461,#3462),(#3463,#3464)),.UNSPECIFIED.,.F.,.F.,.F.,(4,3,3,3,3,3,3,3,
3,3,3,3,3,3,4),(2,2),(-0.663709892193848,-0.645161290011934,-0.612903225519825,
-0.580645161027716,-0.548387096535607,-0.516129032043499,-0.483870967551389,
-0.451612903059281,-0.419354838567173,-0.387096774075063,-0.354838709582954,
-0.322580645090845,-0.290322580598736,-0.258064516106628,-0.227976314884682),
(0.,18.72),.UNSPECIFIED.);
#1731=B_SPLINE_SURFACE_WITH_KNOTS('',3,1,((#3472,#3473),(#3474,#3475),(#3476,
#3477),(#3478,#3479),(#3480,#3481),(#3482,#3483),(#3484,#3485),(#3486,#3487),
(#3488,#3489),(#3490,#3491),(#3492,#3493),(#3494,#3495),(#3496,#3497),(#3498,
#3499),(#3500,#3501),(#3502,#3503),(#3504,#3505),(#3506,#3507),(#3508,#3509),
(#3510,#3511),(#3512,#3513),(#3514,#3515),(#3516,#3517),(#3518,#3519),(#3520,
#3521),(#3522,#3523),(#3524,#3525),(#3526,#3527),(#3528,#3529),(#3530,#3531),
(#3532,#3533),(#3534,#3535),(#3536,#3537),(#3538,#3539),(#3540,#3541),(#3542,
#3543),(#3544,#3545)),.UNSPECIFIED.,.F.,.F.,.F.,(4,3,3,3,3,3,3,3,3,3,3,
3,4),(2,2),(0.504525748342145,0.516923048875144,0.55999996961474,0.603076890354334,
0.646153811093931,0.689230731833525,0.732307652573121,0.775384573312716,
0.818461494052312,0.861538414791906,0.904615335531503,0.947692256271098,
0.984145175349867),(0.,18.7200000000002),.UNSPECIFIED.);
#1732=B_SPLINE_SURFACE_WITH_KNOTS('',3,1,((#3546,#3547),(#3548,#3549),(#3550,
#3551),(#3552,#3553)),.UNSPECIFIED.,.F.,.F.,.F.,(4,4),(2,2),(-1.,0.),(0.,
32.4),.UNSPECIFIED.);
#1733=B_SPLINE_SURFACE_WITH_KNOTS('',3,1,((#3557,#3558),(#3559,#3560),(#3561,
#3562),(#3563,#3564),(#3565,#3566),(#3567,#3568),(#3569,#3570),(#3571,#3572),
(#3573,#3574),(#3575,#3576),(#3577,#3578),(#3579,#3580),(#3581,#3582),(#3583,
#3584),(#3585,#3586),(#3587,#3588),(#3589,#3590),(#3591,#3592),(#3593,#3594),
(#3595,#3596),(#3597,#3598),(#3599,#3600),(#3601,#3602),(#3603,#3604),(#3605,
#3606),(#3607,#3608),(#3609,#3610),(#3611,#3612),(#3613,#3614),(#3615,#3616),
(#3617,#3618),(#3619,#3620),(#3621,#3622),(#3623,#3624),(#3625,#3626),(#3627,
#3628),(#3629,#3630),(#3631,#3632),(#3633,#3634),(#3635,#3636),(#3637,#3638),
(#3639,#3640),(#3641,#3642),(#3643,#3644),(#3645,#3646),(#3647,#3648),(#3649,
#3650),(#3651,#3652),(#3653,#3654)),.UNSPECIFIED.,.F.,.F.,.F.,(4,3,3,3,
3,3,3,3,3,3,3,3,3,3,3,3,4),(2,2),(-0.999999999991019,-0.97782295172392,
-0.874999999992142,-0.8556046238313,-0.749999999993264,-0.73336974310166,
-0.624999999994387,-0.611121755286777,-0.499999999995509,-0.488870543964496,
-0.374999999996632,-0.366624499639847,-0.249999999997755,-0.244404515333462,
-0.187499999998316,-0.156249999998597,-0.134263751011101),(0.,32.4),
 .UNSPECIFIED.);
#1734=B_SPLINE_SURFACE_WITH_KNOTS('',3,1,((#3662,#3663),(#3664,#3665),(#3666,
#3667),(#3668,#3669),(#3670,#3671),(#3672,#3673),(#3674,#3675),(#3676,#3677),
(#3678,#3679),(#3680,#3681),(#3682,#3683),(#3684,#3685),(#3686,#3687),(#3688,
#3689),(#3690,#3691),(#3692,#3693),(#3694,#3695),(#3696,#3697),(#3698,#3699),
(#3700,#3701),(#3702,#3703),(#3704,#3705),(#3706,#3707),(#3708,#3709),(#3710,
#3711),(#3712,#3713),(#3714,#3715),(#3716,#3717),(#3718,#3719),(#3720,#3721),
(#3722,#3723),(#3724,#3725),(#3726,#3727),(#3728,#3729),(#3730,#3731),(#3732,
#3733),(#3734,#3735),(#3736,#3737),(#3738,#3739),(#3740,#3741),(#3742,#3743),
(#3744,#3745),(#3746,#3747)),.UNSPECIFIED.,.F.,.F.,.F.,(4,3,3,3,3,3,3,3,
3,3,3,3,3,3,4),(2,2),(-0.984323458429055,-0.947708668280034,-0.9046312464695,
-0.861553467871288,-0.818475957828073,-0.77539934164354,-0.750000000000202,
-0.732323829028895,-0.689246571434893,-0.646167869654408,-0.603088915499162,
-0.560010900850705,-0.516935017330675,-0.500000000000419,-0.498766712458283),
(0.,18.7200000000002),.UNSPECIFIED.);
#1735=B_SPLINE_SURFACE_WITH_KNOTS('',3,1,((#3756,#3757),(#3758,#3759),(#3760,
#3761),(#3762,#3763),(#3764,#3765),(#3766,#3767),(#3768,#3769),(#3770,#3771),
(#3772,#3773),(#3774,#3775),(#3776,#3777),(#3778,#3779),(#3780,#3781),(#3782,
#3783)),.UNSPECIFIED.,.F.,.F.,.F.,(4,2,2,2,2,2,4),(2,2),(0.130981339635112,
0.25,0.5,0.625,0.75,0.875,0.999999724803503),(0.,15.84),.UNSPECIFIED.);
#1736=ADVANCED_FACE('',(#214),#1725,.F.);
#1737=ADVANCED_FACE('',(#215),#1726,.F.);
#1738=ADVANCED_FACE('',(#216,#65,#66,#67,#68,#69,#70,#71),#158,.T.);
#1739=ADVANCED_FACE('',(#217),#1727,.F.);
#1740=ADVANCED_FACE('',(#218),#1728,.F.);
#1741=ADVANCED_FACE('',(#219,#72,#73,#74,#75,#76,#77,#78),#159,.F.);
#1742=ADVANCED_FACE('',(#220),#38,.T.);
#1743=ADVANCED_FACE('',(#221),#160,.T.);
#1744=ADVANCED_FACE('',(#222),#161,.T.);
#1745=ADVANCED_FACE('',(#223),#39,.T.);
#1746=ADVANCED_FACE('',(#224,#79,#80),#162,.T.);
#1747=ADVANCED_FACE('',(#225),#163,.T.);
#1748=ADVANCED_FACE('',(#226),#164,.F.);
#1749=ADVANCED_FACE('',(#227),#40,.F.);
#1750=ADVANCED_FACE('',(#228),#165,.T.);
#1751=ADVANCED_FACE('',(#229),#41,.F.);
#1752=ADVANCED_FACE('',(#230),#166,.T.);
#1753=ADVANCED_FACE('',(#231),#167,.T.);
#1754=ADVANCED_FACE('',(#232),#168,.F.);
#1755=ADVANCED_FACE('',(#233),#169,.F.);
#1756=ADVANCED_FACE('',(#234),#170,.T.);
#1757=ADVANCED_FACE('',(#235),#171,.T.);
#1758=ADVANCED_FACE('',(#236),#35,.F.);
#1759=ADVANCED_FACE('',(#237),#42,.T.);
#1760=ADVANCED_FACE('',(#238),#36,.F.);
#1761=ADVANCED_FACE('',(#239),#43,.T.);
#1762=ADVANCED_FACE('',(#240),#37,.F.);
#1763=ADVANCED_FACE('',(#241),#44,.T.);
#1764=ADVANCED_FACE('',(#242),#45,.F.);
#1765=ADVANCED_FACE('',(#243,#81),#172,.F.);
#1766=ADVANCED_FACE('',(#244),#46,.F.);
#1767=ADVANCED_FACE('',(#245,#82),#173,.F.);
#1768=ADVANCED_FACE('',(#246),#47,.F.);
#1769=ADVANCED_FACE('',(#247,#83),#174,.F.);
#1770=ADVANCED_FACE('',(#248,#84),#175,.T.);
#1771=ADVANCED_FACE('',(#249,#85),#176,.T.);
#1772=ADVANCED_FACE('',(#250,#86),#177,.T.);
#1773=ADVANCED_FACE('',(#251),#48,.F.);
#1774=ADVANCED_FACE('',(#252),#49,.F.);
#1775=ADVANCED_FACE('',(#253),#50,.F.);
#1776=ADVANCED_FACE('',(#254),#51,.F.);
#1777=ADVANCED_FACE('',(#255,#87),#178,.T.);
#1778=ADVANCED_FACE('',(#256),#52,.F.);
#1779=ADVANCED_FACE('',(#257,#88),#179,.T.);
#1780=ADVANCED_FACE('',(#258),#53,.F.);
#1781=ADVANCED_FACE('',(#259),#54,.F.);
#1782=ADVANCED_FACE('',(#260),#55,.F.);
#1783=ADVANCED_FACE('',(#261),#56,.F.);
#1784=ADVANCED_FACE('',(#262),#1729,.T.);
#1785=ADVANCED_FACE('',(#263),#57,.F.);
#1786=ADVANCED_FACE('',(#264,#89),#180,.T.);
#1787=ADVANCED_FACE('',(#265),#58,.F.);
#1788=ADVANCED_FACE('',(#266,#90),#181,.T.);
#1789=ADVANCED_FACE('',(#267),#182,.T.);
#1790=ADVANCED_FACE('',(#268),#183,.T.);
#1791=ADVANCED_FACE('',(#269),#184,.T.);
#1792=ADVANCED_FACE('',(#270),#185,.T.);
#1793=ADVANCED_FACE('',(#271),#186,.T.);
#1794=ADVANCED_FACE('',(#272),#187,.F.);
#1795=ADVANCED_FACE('',(#273),#188,.F.);
#1796=ADVANCED_FACE('',(#274),#189,.F.);
#1797=ADVANCED_FACE('',(#275),#190,.F.);
#1798=ADVANCED_FACE('',(#276),#191,.F.);
#1799=ADVANCED_FACE('',(#277),#192,.F.);
#1800=ADVANCED_FACE('',(#278),#59,.F.);
#1801=ADVANCED_FACE('',(#279),#193,.F.);
#1802=ADVANCED_FACE('',(#280),#194,.F.);
#1803=ADVANCED_FACE('',(#281),#195,.F.);
#1804=ADVANCED_FACE('',(#282),#196,.F.);
#1805=ADVANCED_FACE('',(#283),#197,.F.);
#1806=ADVANCED_FACE('',(#284),#60,.F.);
#1807=ADVANCED_FACE('',(#285),#1730,.F.);
#1808=ADVANCED_FACE('',(#286),#61,.F.);
#1809=ADVANCED_FACE('',(#287),#62,.F.);
#1810=ADVANCED_FACE('',(#288),#63,.F.);
#1811=ADVANCED_FACE('',(#289),#1731,.F.);
#1812=ADVANCED_FACE('',(#290),#1732,.F.);
#1813=ADVANCED_FACE('',(#291),#198,.F.);
#1814=ADVANCED_FACE('',(#292),#1733,.F.);
#1815=ADVANCED_FACE('',(#293),#199,.F.);
#1816=ADVANCED_FACE('',(#294),#200,.F.);
#1817=ADVANCED_FACE('',(#295),#64,.F.);
#1818=ADVANCED_FACE('',(#296),#1734,.F.);
#1819=ADVANCED_FACE('',(#297),#201,.F.);
#1820=ADVANCED_FACE('',(#298),#202,.F.);
#1821=ADVANCED_FACE('',(#299),#203,.T.);
#1822=ADVANCED_FACE('',(#300),#204,.F.);
#1823=ADVANCED_FACE('',(#301),#1735,.F.);
#1824=ADVANCED_FACE('',(#302),#205,.T.);
#1825=ADVANCED_FACE('',(#303),#206,.T.);
#1826=ADVANCED_FACE('',(#304),#207,.T.);
#1827=ADVANCED_FACE('',(#305),#208,.T.);
#1828=ADVANCED_FACE('',(#306),#209,.T.);
#1829=ADVANCED_FACE('',(#307),#210,.T.);
#1830=ADVANCED_FACE('',(#308),#211,.F.);
#1831=ADVANCED_FACE('',(#309),#212,.T.);
#1832=ADVANCED_FACE('',(#310),#213,.T.);
#1833=CLOSED_SHELL('',(#1736,#1737,#1738,#1739,#1740,#1741,#1742,#1743,
#1744,#1745,#1746,#1747,#1748,#1749,#1750,#1751,#1752,#1753,#1754,#1755,
#1756,#1757,#1758,#1759,#1760,#1761,#1762,#1763,#1764,#1765,#1766,#1767,
#1768,#1769,#1770,#1771,#1772,#1773,#1774,#1775,#1776,#1777,#1778,#1779,
#1780,#1781,#1782,#1783,#1784,#1785,#1786,#1787,#1788,#1789,#1790,#1791,
#1792,#1793,#1794,#1795,#1796,#1797,#1798,#1799,#1800,#1801,#1802,#1803,
#1804,#1805,#1806,#1807,#1808,#1809,#1810,#1811,#1812,#1813,#1814,#1815,
#1816,#1817,#1818,#1819,#1820,#1821,#1822,#1823,#1824,#1825,#1826,#1827,
#1828,#1829,#1830,#1831,#1832));
#1834=DERIVED_UNIT_ELEMENT(#1838,1.);
#1835=DERIVED_UNIT_ELEMENT(#3831,-3.);
#1836=DERIVED_UNIT_ELEMENT(#1838,1.);
#1837=DERIVED_UNIT_ELEMENT(#3831,-3.);
#1838=(
MASS_UNIT()
NAMED_UNIT(*)
SI_UNIT(.KILO.,.GRAM.)
);
#1839=DERIVED_UNIT((#1834,#1835));
#1840=DERIVED_UNIT((#1836,#1837));
#1841=MEASURE_REPRESENTATION_ITEM('density measure',
POSITIVE_RATIO_MEASURE(7850.),#1839);
#1842=MEASURE_REPRESENTATION_ITEM('density measure',
POSITIVE_RATIO_MEASURE(7850.),#1840);
#1843=PROPERTY_DEFINITION_REPRESENTATION(#1853,#1847);
#1844=PROPERTY_DEFINITION_REPRESENTATION(#1854,#1848);
#1845=PROPERTY_DEFINITION_REPRESENTATION(#1855,#1849);
#1846=PROPERTY_DEFINITION_REPRESENTATION(#1856,#1850);
#1847=REPRESENTATION('material name',(#1851),#3825);
#1848=REPRESENTATION('density',(#1841),#3825);
#1849=REPRESENTATION('material name',(#1852),#3828);
#1850=REPRESENTATION('density',(#1842),#3828);
#1851=DESCRIPTIVE_REPRESENTATION_ITEM('Steel','Steel');
#1852=DESCRIPTIVE_REPRESENTATION_ITEM('Steel','Steel');
#1853=PROPERTY_DEFINITION('material property','material name',#3860);
#1854=PROPERTY_DEFINITION('material property','density of part',#3860);
#1855=PROPERTY_DEFINITION('material property','material name',#3863);
#1856=PROPERTY_DEFINITION('material property','density of part',#3863);
#1857=AXIS2_PLACEMENT_3D('',#2514,#2021,#2022);
#1858=AXIS2_PLACEMENT_3D('',#2515,#2023,#2024);
#1859=AXIS2_PLACEMENT_3D('',#2516,#2025,#2026);
#1860=AXIS2_PLACEMENT_3D('',#2578,#2030,#2031);
#1861=AXIS2_PLACEMENT_3D('',#2583,#2033,#2034);
#1862=AXIS2_PLACEMENT_3D('',#2587,#2036,#2037);
#1863=AXIS2_PLACEMENT_3D('',#2668,#2041,#2042);
#1864=AXIS2_PLACEMENT_3D('',#2670,#2043,#2044);
#1865=AXIS2_PLACEMENT_3D('',#2672,#2045,#2046);
#1866=AXIS2_PLACEMENT_3D('',#2705,#2047,#2048);
#1867=AXIS2_PLACEMENT_3D('',#2723,#2057,#2058);
#1868=AXIS2_PLACEMENT_3D('',#2795,#2063,#2064);
#1869=AXIS2_PLACEMENT_3D('',#2797,#2065,#2066);
#1870=AXIS2_PLACEMENT_3D('',#2799,#2067,#2068);
#1871=AXIS2_PLACEMENT_3D('',#2801,#2069,#2070);
#1872=AXIS2_PLACEMENT_3D('',#2803,#2071,#2072);
#1873=AXIS2_PLACEMENT_3D('',#2819,#2080,#2081);
#1874=AXIS2_PLACEMENT_3D('',#2885,#2093,#2094);
#1875=AXIS2_PLACEMENT_3D('',#2938,#2097,#2098);
#1876=AXIS2_PLACEMENT_3D('',#2942,#2100,#2101);
#1877=AXIS2_PLACEMENT_3D('',#3004,#2105,#2106);
#1878=AXIS2_PLACEMENT_3D('',#3022,#2115,#2116);
#1879=AXIS2_PLACEMENT_3D('',#3055,#2117,#2118);
#1880=AXIS2_PLACEMENT_3D('',#3057,#2119,#2120);
#1881=AXIS2_PLACEMENT_3D('',#3059,#2121,#2122);
#1882=AXIS2_PLACEMENT_3D('',#3089,#2124,#2125);
#1883=AXIS2_PLACEMENT_3D('',#3091,#2126,#2127);
#1884=AXIS2_PLACEMENT_3D('',#3093,#2128,#2129);
#1885=AXIS2_PLACEMENT_3D('',#3095,#2130,#2131);
#1886=AXIS2_PLACEMENT_3D('',#3100,#2133,#2134);
#1887=AXIS2_PLACEMENT_3D('',#3113,#2141,#2142);
#1888=AXIS2_PLACEMENT_3D('',#3122,#2147,#2148);
#1889=AXIS2_PLACEMENT_3D('',#3125,#2149,#2150);
#1890=AXIS2_PLACEMENT_3D('',#3129,#2152,#2153);
#1891=AXIS2_PLACEMENT_3D('',#3131,#2155,#2156);
#1892=AXIS2_PLACEMENT_3D('',#3139,#2161,#2162);
#1893=AXIS2_PLACEMENT_3D('',#3146,#2166,#2167);
#1894=AXIS2_PLACEMENT_3D('',#3147,#2168,#2169);
#1895=AXIS2_PLACEMENT_3D('',#3148,#2170,#2171);
#1896=AXIS2_PLACEMENT_3D('',#3150,#2173,#2174);
#1897=AXIS2_PLACEMENT_3D('',#3153,#2175,#2176);
#1898=AXIS2_PLACEMENT_3D('',#3157,#2178,#2179);
#1899=AXIS2_PLACEMENT_3D('',#3159,#2181,#2182);
#1900=AXIS2_PLACEMENT_3D('',#3168,#2188,#2189);
#1901=AXIS2_PLACEMENT_3D('',#3170,#2190,#2191);
#1902=AXIS2_PLACEMENT_3D('',#3171,#2192,#2193);
#1903=AXIS2_PLACEMENT_3D('',#3173,#2195,#2196);
#1904=AXIS2_PLACEMENT_3D('',#3187,#2204,#2205);
#1905=AXIS2_PLACEMENT_3D('',#3190,#2207,#2208);
#1906=AXIS2_PLACEMENT_3D('',#3191,#2209,#2210);
#1907=AXIS2_PLACEMENT_3D('',#3192,#2211,#2212);
#1908=AXIS2_PLACEMENT_3D('',#3195,#2214,#2215);
#1909=AXIS2_PLACEMENT_3D('',#3196,#2216,#2217);
#1910=AXIS2_PLACEMENT_3D('',#3197,#2218,#2219);
#1911=AXIS2_PLACEMENT_3D('',#3199,#2221,#2222);
#1912=AXIS2_PLACEMENT_3D('',#3204,#2226,#2227);
#1913=AXIS2_PLACEMENT_3D('',#3208,#2230,#2231);
#1914=AXIS2_PLACEMENT_3D('',#3210,#2233,#2234);
#1915=AXIS2_PLACEMENT_3D('',#3211,#2235,#2236);
#1916=AXIS2_PLACEMENT_3D('',#3213,#2237,#2238);
#1917=AXIS2_PLACEMENT_3D('',#3214,#2239,#2240);
#1918=AXIS2_PLACEMENT_3D('',#3215,#2241,#2242);
#1919=AXIS2_PLACEMENT_3D('',#3217,#2243,#2244);
#1920=AXIS2_PLACEMENT_3D('',#3219,#2246,#2247);
#1921=AXIS2_PLACEMENT_3D('',#3221,#2248,#2249);
#1922=AXIS2_PLACEMENT_3D('',#3222,#2250,#2251);
#1923=AXIS2_PLACEMENT_3D('',#3223,#2252,#2253);
#1924=AXIS2_PLACEMENT_3D('',#3225,#2254,#2255);
#1925=AXIS2_PLACEMENT_3D('',#3227,#2257,#2258);
#1926=AXIS2_PLACEMENT_3D('',#3229,#2259,#2260);
#1927=AXIS2_PLACEMENT_3D('',#3230,#2261,#2262);
#1928=AXIS2_PLACEMENT_3D('',#3231,#2263,#2264);
#1929=AXIS2_PLACEMENT_3D('',#3233,#2265,#2266);
#1930=AXIS2_PLACEMENT_3D('',#3235,#2268,#2269);
#1931=AXIS2_PLACEMENT_3D('',#3238,#2271,#2272);
#1932=AXIS2_PLACEMENT_3D('',#3239,#2273,#2274);
#1933=AXIS2_PLACEMENT_3D('',#3241,#2275,#2276);
#1934=AXIS2_PLACEMENT_3D('',#3242,#2277,#2278);
#1935=AXIS2_PLACEMENT_3D('',#3245,#2280,#2281);
#1936=AXIS2_PLACEMENT_3D('',#3246,#2282,#2283);
#1937=AXIS2_PLACEMENT_3D('',#3248,#2284,#2285);
#1938=AXIS2_PLACEMENT_3D('',#3249,#2286,#2287);
#1939=AXIS2_PLACEMENT_3D('',#3252,#2289,#2290);
#1940=AXIS2_PLACEMENT_3D('',#3253,#2291,#2292);
#1941=AXIS2_PLACEMENT_3D('',#3255,#2293,#2294);
#1942=AXIS2_PLACEMENT_3D('',#3256,#2295,#2296);
#1943=AXIS2_PLACEMENT_3D('',#3258,#2297,#2298);
#1944=AXIS2_PLACEMENT_3D('',#3259,#2299,#2300);
#1945=AXIS2_PLACEMENT_3D('',#3261,#2301,#2302);
#1946=AXIS2_PLACEMENT_3D('',#3262,#2303,#2304);
#1947=AXIS2_PLACEMENT_3D('',#3264,#2305,#2306);
#1948=AXIS2_PLACEMENT_3D('',#3265,#2307,#2308);
#1949=AXIS2_PLACEMENT_3D('',#3267,#2310,#2311);
#1950=AXIS2_PLACEMENT_3D('',#3269,#2313,#2314);
#1951=AXIS2_PLACEMENT_3D('',#3271,#2316,#2317);
#1952=AXIS2_PLACEMENT_3D('',#3274,#2319,#2320);
#1953=AXIS2_PLACEMENT_3D('',#3275,#2321,#2322);
#1954=AXIS2_PLACEMENT_3D('',#3277,#2323,#2324);
#1955=AXIS2_PLACEMENT_3D('',#3278,#2325,#2326);
#1956=AXIS2_PLACEMENT_3D('',#3281,#2328,#2329);
#1957=AXIS2_PLACEMENT_3D('',#3282,#2330,#2331);
#1958=AXIS2_PLACEMENT_3D('',#3284,#2332,#2333);
#1959=AXIS2_PLACEMENT_3D('',#3285,#2334,#2335);
#1960=AXIS2_PLACEMENT_3D('',#3287,#2337,#2338);
#1961=AXIS2_PLACEMENT_3D('',#3289,#2340,#2341);
#1962=AXIS2_PLACEMENT_3D('',#3291,#2342,#2343);
#1963=AXIS2_PLACEMENT_3D('',#3294,#2345,#2346);
#1964=AXIS2_PLACEMENT_3D('',#3295,#2347,#2348);
#1965=AXIS2_PLACEMENT_3D('',#3296,#2349,#2350);
#1966=AXIS2_PLACEMENT_3D('',#3298,#2351,#2352);
#1967=AXIS2_PLACEMENT_3D('',#3302,#2354,#2355);
#1968=AXIS2_PLACEMENT_3D('',#3304,#2357,#2358);
#1969=AXIS2_PLACEMENT_3D('',#3326,#2361,#2362);
#1970=AXIS2_PLACEMENT_3D('',#3329,#2364,#2365);
#1971=AXIS2_PLACEMENT_3D('',#3330,#2366,#2367);
#1972=AXIS2_PLACEMENT_3D('',#3331,#2368,#2369);
#1973=AXIS2_PLACEMENT_3D('',#3334,#2371,#2372);
#1974=AXIS2_PLACEMENT_3D('',#3335,#2373,#2374);
#1975=AXIS2_PLACEMENT_3D('',#3336,#2375,#2376);
#1976=AXIS2_PLACEMENT_3D('',#3338,#2378,#2379);
#1977=AXIS2_PLACEMENT_3D('',#3343,#2383,#2384);
#1978=AXIS2_PLACEMENT_3D('',#3347,#2387,#2388);
#1979=AXIS2_PLACEMENT_3D('',#3351,#2391,#2392);
#1980=AXIS2_PLACEMENT_3D('',#3353,#2394,#2395);
#1981=AXIS2_PLACEMENT_3D('',#3354,#2396,#2397);
#1982=AXIS2_PLACEMENT_3D('',#3357,#2400,#2401);
#1983=AXIS2_PLACEMENT_3D('',#3359,#2403,#2404);
#1984=AXIS2_PLACEMENT_3D('',#3361,#2406,#2407);
#1985=AXIS2_PLACEMENT_3D('',#3363,#2409,#2410);
#1986=AXIS2_PLACEMENT_3D('',#3365,#2412,#2413);
#1987=AXIS2_PLACEMENT_3D('',#3367,#2415,#2416);
#1988=AXIS2_PLACEMENT_3D('',#3369,#2418,#2419);
#1989=AXIS2_PLACEMENT_3D('',#3370,#2420,#2421);
#1990=AXIS2_PLACEMENT_3D('',#3372,#2423,#2424);
#1991=AXIS2_PLACEMENT_3D('',#3375,#2427,#2428);
#1992=AXIS2_PLACEMENT_3D('',#3377,#2430,#2431);
#1993=AXIS2_PLACEMENT_3D('',#3466,#2434,#2435);
#1994=AXIS2_PLACEMENT_3D('',#3468,#2437,#2438);
#1995=AXIS2_PLACEMENT_3D('',#3470,#2440,#2441);
#1996=AXIS2_PLACEMENT_3D('',#3556,#2445,#2446);
#1997=AXIS2_PLACEMENT_3D('',#3655,#2447,#2448);
#1998=AXIS2_PLACEMENT_3D('',#3658,#2451,#2452);
#1999=AXIS2_PLACEMENT_3D('',#3660,#2454,#2455);
#2000=AXIS2_PLACEMENT_3D('',#3749,#2458,#2459);
#2001=AXIS2_PLACEMENT_3D('',#3751,#2461,#2462);
#2002=AXIS2_PLACEMENT_3D('',#3752,#2463,#2464);
#2003=AXIS2_PLACEMENT_3D('',#3754,#2466,#2467);
#2004=AXIS2_PLACEMENT_3D('',#3784,#2469,#2470);
#2005=AXIS2_PLACEMENT_3D('',#3786,#2472,#2473);
#2006=AXIS2_PLACEMENT_3D('',#3788,#2475,#2476);
#2007=AXIS2_PLACEMENT_3D('',#3789,#2477,#2478);
#2008=AXIS2_PLACEMENT_3D('',#3795,#2482,#2483);
#2009=AXIS2_PLACEMENT_3D('',#3800,#2487,#2488);
#2010=AXIS2_PLACEMENT_3D('',#3801,#2489,#2490);
#2011=AXIS2_PLACEMENT_3D('',#3805,#2493,#2494);
#2012=AXIS2_PLACEMENT_3D('',#3807,#2496,#2497);
#2013=AXIS2_PLACEMENT_3D('',#3808,#2498,#2499);
#2014=AXIS2_PLACEMENT_3D('',#3809,#2500,#2501);
#2015=AXIS2_PLACEMENT_3D('',#3810,#2502,#2503);
#2016=AXIS2_PLACEMENT_3D('',#3811,#2504,#2505);
#2017=AXIS2_PLACEMENT_3D('',#3812,#2506,#2507);
#2018=AXIS2_PLACEMENT_3D('',#3813,#2508,#2509);
#2019=AXIS2_PLACEMENT_3D('',#3814,#2510,#2511);
#2020=AXIS2_PLACEMENT_3D('',#3815,#2512,#2513);
#2021=DIRECTION('axis',(0.,0.,1.));
#2022=DIRECTION('refdir',(1.,0.,0.));
#2023=DIRECTION('axis',(0.,0.,1.));
#2024=DIRECTION('refdir',(1.,0.,0.));
#2025=DIRECTION('axis',(0.,0.,1.));
#2026=DIRECTION('refdir',(1.,0.,0.));
#2027=DIRECTION('',(-1.95399252334028E-14,1.95399252334028E-14,-1.));
#2028=DIRECTION('',(1.95399252334028E-14,-1.95399252334028E-14,1.));
#2029=DIRECTION('',(-1.97372982155583E-17,-4.49455095055365E-14,1.));
#2030=DIRECTION('center_axis',(-5.4021601849768E-17,-4.49455090610567E-14,
1.));
#2031=DIRECTION('ref_axis',(-1.,6.14456493013648E-32,-5.4021601849768E-17));
#2032=DIRECTION('',(-0.400913522171453,0.916115903005771,4.11647699126101E-14));
#2033=DIRECTION('center_axis',(5.4021601849768E-17,4.49455090610567E-14,
-1.));
#2034=DIRECTION('ref_axis',(-1.,2.77555756156291E-16,-5.40216018497555E-17));
#2035=DIRECTION('',(-0.999999989920355,0.000141983411896408,-1.9884508892578E-17));
#2036=DIRECTION('center_axis',(5.4021601849768E-17,4.49455090610567E-14,
-1.));
#2037=DIRECTION('ref_axis',(-1.,2.77555756156291E-16,-5.40216018497555E-17));
#2038=DIRECTION('',(0.999999989920355,-0.000141983411940713,4.76400845773546E-17));
#2039=DIRECTION('',(0.64829109991126,0.761392572708618,3.42561984993786E-14));
#2040=DIRECTION('',(-0.577653820190857,0.816281853295116,3.66569976489704E-14));
#2041=DIRECTION('center_axis',(5.4021601849768E-17,4.49455090610567E-14,
-1.));
#2042=DIRECTION('ref_axis',(-0.957543673425204,-0.288288247216855,-1.30089900705608E-14));
#2043=DIRECTION('center_axis',(5.4021601849768E-17,4.49455090610567E-14,
-1.));
#2044=DIRECTION('ref_axis',(-0.981498876288266,-0.191467897687502,-8.65864427192594E-15));
#2045=DIRECTION('center_axis',(5.4021601849768E-17,4.49455090610567E-14,
-1.));
#2046=DIRECTION('ref_axis',(-0.994321308687873,-0.106419617971669,-4.83679873366852E-15));
#2047=DIRECTION('center_axis',(0.,0.,-1.));
#2048=DIRECTION('ref_axis',(-0.748316130337581,0.663342271438047,0.));
#2049=DIRECTION('',(0.663342617482599,0.74831582358743,3.36692704603526E-14));
#2050=DIRECTION('',(0.999999989920355,-0.000141983411891133,4.76400845795768E-17));
#2051=DIRECTION('',(0.000141983411927834,0.999999989920355,4.49455162781933E-14));
#2052=DIRECTION('',(-0.63825598204327,-0.769824201610979,-3.46346202395104E-14));
#2053=DIRECTION('',(-1.,-2.83390646851391E-16,-5.40216018497808E-17));
#2054=DIRECTION('',(-0.00014198341189843,-0.999999989920355,-4.49455162781933E-14));
#2055=DIRECTION('',(0.999999989920355,-0.000141983411905161,4.76400845789463E-17));
#2056=DIRECTION('',(0.614859774045417,-0.78863645506711,-3.54124512271915E-14));
#2057=DIRECTION('center_axis',(5.4021601849768E-17,4.49455090610567E-14,
-1.));
#2058=DIRECTION('ref_axis',(0.788636455067107,0.614859774045422,2.76777889502176E-14));
#2059=DIRECTION('',(-0.606151706639814,-0.79534904824086,-3.5780113140569E-14));
#2060=DIRECTION('',(-0.606230659061428,-0.795288870797239,-3.57774126998677E-14));
#2061=DIRECTION('',(0.661038345629112,-0.750352121079115,-3.36892477066295E-14));
#2062=DIRECTION('',(0.398805872764088,-0.917035373281137,0.));
#2063=DIRECTION('center_axis',(1.23314264860584E-43,6.0346373035462E-22,
-1.));
#2064=DIRECTION('ref_axis',(-1.,2.77555756156289E-16,1.67494708677207E-37));
#2065=DIRECTION('center_axis',(1.23314264860584E-43,6.0346373035462E-22,
-1.));
#2066=DIRECTION('ref_axis',(-1.,2.77555756156289E-16,1.67494708677207E-37));
#2067=DIRECTION('center_axis',(1.23314264860584E-43,6.0346373035462E-22,
-1.));
#2068=DIRECTION('ref_axis',(-1.,2.77555756156289E-16,1.67494708677207E-37));
#2069=DIRECTION('center_axis',(5.4021601849768E-17,4.49455090610567E-14,
-1.));
#2070=DIRECTION('ref_axis',(-1.,2.77555756156291E-16,-5.40216018497555E-17));
#2071=DIRECTION('center_axis',(5.4021601849768E-17,4.49455090610567E-14,
-1.));
#2072=DIRECTION('ref_axis',(-1.,2.77555756156291E-16,-5.40216018497555E-17));
#2073=DIRECTION('',(-0.000141983411895837,-0.999999989920355,-4.49455162781933E-14));
#2074=DIRECTION('',(0.999999989920355,-0.000141983411895623,4.7640084579375E-17));
#2075=DIRECTION('',(0.,-1.,-4.49455090610567E-14));
#2076=DIRECTION('',(-0.999999989920355,0.000141983411895794,-4.76400845793674E-17));
#2077=DIRECTION('',(0.000141983411896085,0.999999989920355,4.49455162781933E-14));
#2078=DIRECTION('',(0.999999989920355,-0.000141983411896064,4.76400845793552E-17));
#2079=DIRECTION('',(0.000141983411895882,0.999999989920355,4.49455162781933E-14));
#2080=DIRECTION('center_axis',(5.4021601849768E-17,4.49455090610567E-14,
-1.));
#2081=DIRECTION('ref_axis',(-1.,2.42802839543155E-30,-5.4021601849768E-17));
#2082=DIRECTION('',(0.999999989920355,-0.000141983411907679,4.76400845788331E-17));
#2083=DIRECTION('',(-0.000141983411903588,-0.999999989920355,-4.49455162781933E-14));
#2084=DIRECTION('',(0.999999989920355,-0.000141983411903621,4.76400845790155E-17));
#2085=DIRECTION('',(0.000141983411903797,0.999999989920355,4.49455162781933E-14));
#2086=DIRECTION('',(0.999999989920355,-0.000141983411907679,4.76400845788331E-17));
#2087=DIRECTION('',(-0.000141983411907631,-0.999999989920355,-4.49455162781933E-14));
#2088=DIRECTION('',(-0.999999989920355,0.000141983411907584,-4.76400845788374E-17));
#2089=DIRECTION('',(0.000141983411907631,0.999999989920355,4.49455162781933E-14));
#2090=DIRECTION('',(0.,3.90798504668055E-14,-1.));
#2091=DIRECTION('',(0.,-4.08562073062058E-14,1.));
#2092=DIRECTION('',(-8.07434927000114E-17,-4.49741254339063E-14,1.));
#2093=DIRECTION('center_axis',(-5.4021601849768E-17,-4.49455090610567E-14,
1.));
#2094=DIRECTION('ref_axis',(-1.,6.14456493013648E-32,-5.4021601849768E-17));
#2095=DIRECTION('',(-0.64829109991126,-0.761392572708618,-3.42561984993786E-14));
#2096=DIRECTION('',(-0.999999989920355,0.000141983411940713,-1.98845088905859E-17));
#2097=DIRECTION('center_axis',(-5.4021601849768E-17,-4.49455090610567E-14,
1.));
#2098=DIRECTION('ref_axis',(-1.,2.77555756156291E-16,-5.40216018497555E-17));
#2099=DIRECTION('',(0.999999989920355,-0.000141983411896553,4.76400845793332E-17));
#2100=DIRECTION('center_axis',(-5.4021601849768E-17,-4.49455090610567E-14,
1.));
#2101=DIRECTION('ref_axis',(-0.417695417967288,0.908587110743451,4.08143456431152E-14));
#2102=DIRECTION('',(-0.661038345629112,0.750352121079115,3.36892477066295E-14));
#2103=DIRECTION('',(0.606230659061428,0.795288870797239,3.57774126998677E-14));
#2104=DIRECTION('',(0.606151706639814,0.79534904824086,3.5780113140569E-14));
#2105=DIRECTION('center_axis',(-5.4021601849768E-17,-4.49455090610567E-14,
1.));
#2106=DIRECTION('ref_axis',(0.788636455067107,0.614859774045422,2.76777889502176E-14));
#2107=DIRECTION('',(-0.614859774045417,0.78863645506711,3.54124512271915E-14));
#2108=DIRECTION('',(-0.999999989920355,0.000141983411905161,-4.76400845789463E-17));
#2109=DIRECTION('',(-0.00014198341189843,-0.999999989920355,-4.49455162781933E-14));
#2110=DIRECTION('',(-1.,-2.83390646851391E-16,-5.40216018497808E-17));
#2111=DIRECTION('',(-0.63825598204327,-0.769824201610979,-3.46346202395104E-14));
#2112=DIRECTION('',(0.000141983411927834,0.999999989920355,4.49455162781933E-14));
#2113=DIRECTION('',(-0.999999989920355,0.000141983411891133,-4.76400845795768E-17));
#2114=DIRECTION('',(-0.663342617482599,-0.74831582358743,-3.36692704603526E-14));
#2115=DIRECTION('center_axis',(0.,0.,1.));
#2116=DIRECTION('ref_axis',(-0.758080270722978,0.65216125547335,0.));
#2117=DIRECTION('center_axis',(-5.4021601849768E-17,-4.49455090610567E-14,
1.));
#2118=DIRECTION('ref_axis',(-0.994321308687873,-0.106419617971669,-4.83679873366852E-15));
#2119=DIRECTION('center_axis',(-5.4021601849768E-17,-4.49455090610567E-14,
1.));
#2120=DIRECTION('ref_axis',(-0.981498876288266,-0.191467897687502,-8.65864427192594E-15));
#2121=DIRECTION('center_axis',(-5.4021601849768E-17,-4.49455090610567E-14,
1.));
#2122=DIRECTION('ref_axis',(-0.957543673425204,-0.288288247216855,-1.30089900705608E-14));
#2123=DIRECTION('',(0.577653820190857,-0.816281853295116,-3.66569976489704E-14));
#2124=DIRECTION('center_axis',(5.4021601849768E-17,4.49455090610567E-14,
-1.));
#2125=DIRECTION('ref_axis',(1.,2.24727545305287E-14,5.4021601850778E-17));
#2126=DIRECTION('center_axis',(5.4021601849768E-17,4.49455090610567E-14,
-1.));
#2127=DIRECTION('ref_axis',(1.,2.24727545305286E-14,5.4021601850778E-17));
#2128=DIRECTION('center_axis',(-5.4021601849768E-17,-4.49455090610567E-14,
1.));
#2129=DIRECTION('ref_axis',(-1.,2.77555756156291E-16,-5.40216018497555E-17));
#2130=DIRECTION('center_axis',(-5.4021601849768E-17,-4.49455090610567E-14,
1.));
#2131=DIRECTION('ref_axis',(-1.,2.77555756156291E-16,-5.40216018497555E-17));
#2132=DIRECTION('',(0.000141983411895837,0.999999989920355,4.49455162781933E-14));
#2133=DIRECTION('center_axis',(-5.4021601849768E-17,-4.49455090610567E-14,
1.));
#2134=DIRECTION('ref_axis',(-1.,2.42802839543155E-30,-5.4021601849768E-17));
#2135=DIRECTION('',(-0.000141983411895882,-0.999999989920355,-4.49455162781933E-14));
#2136=DIRECTION('',(-0.999999989920355,0.000141983411896064,-4.76400845793552E-17));
#2137=DIRECTION('',(-0.000141983411896085,-0.999999989920355,-4.49455162781933E-14));
#2138=DIRECTION('',(0.999999989920355,-0.000141983411895794,4.76400845793674E-17));
#2139=DIRECTION('',(0.,1.,4.49455090610567E-14));
#2140=DIRECTION('',(-0.999999989920355,0.000141983411895623,-4.7640084579375E-17));
#2141=DIRECTION('center_axis',(5.4021601849768E-17,4.49455090610567E-14,
-1.));
#2142=DIRECTION('ref_axis',(1.,2.24727545305286E-14,5.4021601850778E-17));
#2143=DIRECTION('',(-0.000141983411914205,-0.999999989920355,-4.49455162781933E-14));
#2144=DIRECTION('',(0.999999989920355,-0.000141983411903183,4.76400845790352E-17));
#2145=DIRECTION('',(0.000141983411914786,0.999999989920355,4.49455162781933E-14));
#2146=DIRECTION('',(-0.999999989920355,0.00014198341190423,-4.76400845789881E-17));
#2147=DIRECTION('center_axis',(0.999999989920355,-0.000141983411895714,
1.98845088926084E-17));
#2148=DIRECTION('ref_axis',(-0.000100397433367481,-0.707106774059198,0.707106781186512));
#2149=DIRECTION('center_axis',(-0.999999989920355,0.000141983411884225,
6.36838342074364E-18));
#2150=DIRECTION('ref_axis',(-0.000100397433359339,-0.707106774059198,0.707106781186512));
#2151=DIRECTION('',(-0.999999989920355,0.000141983411895714,-1.98845088926084E-17));
#2152=DIRECTION('center_axis',(0.999999989920355,-0.000141983411909515,
-6.36838342187795E-18));
#2153=DIRECTION('ref_axis',(-0.000100397433377221,-0.707106774059198,0.707106781186512));
#2154=DIRECTION('',(0.999999989920355,-0.000141983411895714,1.98845088926084E-17));
#2155=DIRECTION('center_axis',(-0.999999989920355,0.000141983411909515,
6.36838342187795E-18));
#2156=DIRECTION('ref_axis',(-0.000141983411909515,-0.999999989920355,-4.49455174658924E-14));
#2157=DIRECTION('',(-0.000141983411909515,-0.999999989920355,-4.49455174658924E-14));
#2158=DIRECTION('',(0.,-4.48530101948563E-14,1.));
#2159=DIRECTION('',(0.000141983411909515,0.999999989920355,4.49455174658924E-14));
#2160=DIRECTION('',(0.,-4.48530101948563E-14,1.));
#2161=DIRECTION('center_axis',(-2.62660266114055E-17,-4.49455141895871E-14,
1.));
#2162=DIRECTION('ref_axis',(-1.,1.97215225839097E-30,-2.62660266114055E-17));
#2163=DIRECTION('',(0.000141983411884225,0.999999989920355,4.49455174658924E-14));
#2164=DIRECTION('',(-0.483651342716631,0.8752607489705,3.93263408134038E-14));
#2165=DIRECTION('',(0.398831064331941,0.917024417408747,0.));
#2166=DIRECTION('center_axis',(2.62660266114055E-17,4.49455141895871E-14,
-1.));
#2167=DIRECTION('ref_axis',(-0.999999989920355,0.000141983411892736,-1.98845088927423E-17));
#2168=DIRECTION('center_axis',(2.62660266114055E-17,4.49455141895871E-14,
-1.));
#2169=DIRECTION('ref_axis',(-0.999999989920355,0.000141983411892736,-1.98845088927423E-17));
#2170=DIRECTION('center_axis',(2.62660266114055E-17,4.49455141895871E-14,
-1.));
#2171=DIRECTION('ref_axis',(-0.409787537035141,0.91218099875555,4.09876805326865E-14));
#2172=DIRECTION('',(-0.490394377185395,-0.871500633863768,-3.91829248173194E-14));
#2173=DIRECTION('center_axis',(-0.999999989920355,0.000141983411903598,
-6.36968776335234E-18));
#2174=DIRECTION('ref_axis',(-1.019437730164E-18,3.76822191531539E-14,1.));
#2175=DIRECTION('center_axis',(0.999999989920355,-0.000141983411907631,
0.));
#2176=DIRECTION('ref_axis',(5.35024996913612E-18,3.76822182487639E-14,1.));
#2177=DIRECTION('',(0.999999989920355,-0.000141983411903598,6.36642772129403E-18));
#2178=DIRECTION('center_axis',(-0.999999989920355,0.000141983411907631,
0.));
#2179=DIRECTION('ref_axis',(5.35024996913612E-18,3.76822182487639E-14,1.));
#2180=DIRECTION('',(-0.999999989920355,0.000141983411903598,-6.37601080514858E-18));
#2181=DIRECTION('center_axis',(0.000100397433373037,0.707106774059194,0.707106781186516));
#2182=DIRECTION('ref_axis',(-0.999999989920355,0.000141983411903598,-6.32903018188413E-18));
#2183=DIRECTION('',(-0.000100397433373284,-0.70710677405913,0.707106781186579));
#2184=DIRECTION('',(-0.000100397433373333,-0.70710677405913,0.707106781186579));
#2185=DIRECTION('',(0.999999989920355,-0.000141983411907086,3.49434294433917E-15));
#2186=DIRECTION('',(0.00010039743337797,0.70710677405913,-0.707106781186579));
#2187=DIRECTION('',(0.000100397433373284,0.70710677405913,-0.707106781186579));
#2188=DIRECTION('center_axis',(-0.000100397433373037,-0.707106774059194,
-0.707106781186516));
#2189=DIRECTION('ref_axis',(-0.999999989920355,0.000141983411903598,-6.38324029050841E-18));
#2190=DIRECTION('center_axis',(-0.000100397433373037,-0.707106774059194,
-0.707106781186516));
#2191=DIRECTION('ref_axis',(-0.999999989920355,0.000141983411903598,-6.38324029050841E-18));
#2192=DIRECTION('center_axis',(0.999999989920355,-0.000141983411907631,
0.));
#2193=DIRECTION('ref_axis',(0.,0.,-1.));
#2194=DIRECTION('',(-0.000100397433373022,-0.707106774059194,-0.707106781186516));
#2195=DIRECTION('center_axis',(-0.999999989920355,0.000141983411914205,
1.07914301409814E-14));
#2196=DIRECTION('ref_axis',(0.000100397433372886,0.707106774059019,-0.707106781186691));
#2197=DIRECTION('',(-0.000100397433372903,-0.707106774059134,0.707106781186576));
#2198=DIRECTION('',(0.000141983411914205,0.999999989920355,4.49455162781933E-14));
#2199=DIRECTION('',(0.000100397433372914,0.707106774059217,-0.707106781186493));
#2200=DIRECTION('',(-0.000100397433388188,-0.707106774059305,-0.707106781186405));
#2201=DIRECTION('',(-0.000100397433388188,-0.707106774059305,-0.707106781186405));
#2202=DIRECTION('',(0.000100397433372886,0.707106774059019,-0.707106781186691));
#2203=DIRECTION('',(-0.000100397433388188,-0.707106774059305,-0.707106781186405));
#2204=DIRECTION('center_axis',(-0.00010039743337309,-0.707106774059197,
-0.707106781186513));
#2205=DIRECTION('ref_axis',(-0.999999989920355,0.000141983411903635,3.07913416985883E-17));
#2206=DIRECTION('',(-0.00010039743337309,-0.707106774059197,-0.707106781186513));
#2207=DIRECTION('center_axis',(-0.000100397433373037,-0.707106774059194,
-0.707106781186516));
#2208=DIRECTION('ref_axis',(-0.999999989920355,0.000141983411903598,-6.3425827090402E-18));
#2209=DIRECTION('center_axis',(0.000100397433373037,0.707106774059194,0.707106781186516));
#2210=DIRECTION('ref_axis',(-0.999999989920355,0.000141983411903598,-6.3425827090402E-18));
#2211=DIRECTION('center_axis',(-0.00010039743337309,-0.707106774059197,
-0.707106781186513));
#2212=DIRECTION('ref_axis',(-0.999999989920355,0.000141983411903635,3.07913416985883E-17));
#2213=DIRECTION('',(-0.00010039743337309,-0.707106774059197,-0.707106781186513));
#2214=DIRECTION('center_axis',(-0.000100397433373037,-0.707106774059194,
-0.707106781186516));
#2215=DIRECTION('ref_axis',(-0.999999989920355,0.000141983411903598,-6.3425827090402E-18));
#2216=DIRECTION('center_axis',(0.000100397433373037,0.707106774059194,0.707106781186516));
#2217=DIRECTION('ref_axis',(-0.999999989920355,0.000141983411903598,-6.3425827090402E-18));
#2218=DIRECTION('center_axis',(-0.999999989920355,0.000141983411907631,
0.));
#2219=DIRECTION('ref_axis',(0.,0.,1.));
#2220=DIRECTION('',(0.000100397433373022,0.707106774059194,0.707106781186516));
#2221=DIRECTION('center_axis',(0.000100397433373067,0.707106774059019,-0.707106781186691));
#2222=DIRECTION('ref_axis',(0.999999989920355,-0.000141983411903621,4.79623936053275E-17));
#2223=DIRECTION('',(-0.000100397433389072,-0.707106774059306,-0.707106781186404));
#2224=DIRECTION('',(0.999999989920355,-0.000141983411903621,4.7626532051996E-17));
#2225=DIRECTION('',(-0.000100397433389072,-0.707106774059306,-0.707106781186404));
#2226=DIRECTION('center_axis',(-0.000100397433389072,-0.707106774059306,
-0.707106781186404));
#2227=DIRECTION('ref_axis',(-0.999999989920356,3.11708124589582E-19,0.000141983410495161));
#2228=DIRECTION('',(0.000100397433373038,0.707106774059135,-0.707106781186575));
#2229=DIRECTION('',(-0.999999989920355,0.000141983411914927,-1.13540633058658E-14));
#2230=DIRECTION('center_axis',(0.999999989920355,-0.000141983411903588,
1.71168417981149E-17));
#2231=DIRECTION('ref_axis',(-0.000100397433373037,-0.707106774059131,0.707106781186579));
#2232=DIRECTION('',(-0.00010039743337301,-0.707106774059108,-0.707106781186602));
#2233=DIRECTION('center_axis',(-0.000100397433373037,-0.70710677405913,
0.70710678118658));
#2234=DIRECTION('ref_axis',(-0.999999989920355,0.000141983411903598,-6.47810798060089E-18));
#2235=DIRECTION('center_axis',(-5.4021601849768E-17,-4.49455090610567E-14,
1.));
#2236=DIRECTION('ref_axis',(1.,0.,0.));
#2237=DIRECTION('center_axis',(0.,1.,4.49455090610567E-14));
#2238=DIRECTION('ref_axis',(-1.,0.,0.));
#2239=DIRECTION('center_axis',(-5.4021601849768E-17,-4.49455090610567E-14,
1.));
#2240=DIRECTION('ref_axis',(1.,2.24727545305287E-14,5.40216018507781E-17));
#2241=DIRECTION('center_axis',(0.,0.,-1.));
#2242=DIRECTION('ref_axis',(1.,-2.77555756156289E-16,0.));
#2243=DIRECTION('center_axis',(1.23314264860584E-43,6.0346373035462E-22,
-1.));
#2244=DIRECTION('ref_axis',(1.,-2.77555756156289E-16,-1.67494708677207E-37));
#2245=DIRECTION('',(0.,0.,1.));
#2246=DIRECTION('center_axis',(-5.4021601849768E-17,-4.49455090610567E-14,
1.));
#2247=DIRECTION('ref_axis',(1.,0.,0.));
#2248=DIRECTION('center_axis',(0.,1.,4.49455090610567E-14));
#2249=DIRECTION('ref_axis',(-1.,0.,0.));
#2250=DIRECTION('center_axis',(-5.4021601849768E-17,-4.49455090610567E-14,
1.));
#2251=DIRECTION('ref_axis',(1.,2.24727545305286E-14,5.4021601850778E-17));
#2252=DIRECTION('center_axis',(0.,0.,-1.));
#2253=DIRECTION('ref_axis',(1.,-2.77555756156289E-16,0.));
#2254=DIRECTION('center_axis',(1.23314264860584E-43,6.0346373035462E-22,
-1.));
#2255=DIRECTION('ref_axis',(1.,-2.77555756156289E-16,-1.67494708677207E-37));
#2256=DIRECTION('',(0.,0.,1.));
#2257=DIRECTION('center_axis',(-5.4021601849768E-17,-4.49455090610567E-14,
1.));
#2258=DIRECTION('ref_axis',(1.,0.,0.));
#2259=DIRECTION('center_axis',(0.,1.,4.49455090610567E-14));
#2260=DIRECTION('ref_axis',(-1.,0.,0.));
#2261=DIRECTION('center_axis',(-5.4021601849768E-17,-4.49455090610567E-14,
1.));
#2262=DIRECTION('ref_axis',(1.,2.24727545305286E-14,5.4021601850778E-17));
#2263=DIRECTION('center_axis',(0.,0.,-1.));
#2264=DIRECTION('ref_axis',(1.,-2.77555756156289E-16,0.));
#2265=DIRECTION('center_axis',(1.23314264860584E-43,6.0346373035462E-22,
-1.));
#2266=DIRECTION('ref_axis',(1.,-2.77555756156289E-16,-1.67494708677207E-37));
#2267=DIRECTION('',(0.,0.,1.));
#2268=DIRECTION('center_axis',(0.,0.,-1.));
#2269=DIRECTION('ref_axis',(-1.,2.77555756156289E-16,0.));
#2270=DIRECTION('',(0.,0.,-1.));
#2271=DIRECTION('center_axis',(-1.23314264860584E-43,-6.0346373035462E-22,
1.));
#2272=DIRECTION('ref_axis',(-1.,2.77555756156289E-16,1.67494708677207E-37));
#2273=DIRECTION('center_axis',(-1.23314264860584E-43,-6.0346373035462E-22,
1.));
#2274=DIRECTION('ref_axis',(-1.,2.77555756156289E-16,1.67494708677207E-37));
#2275=DIRECTION('center_axis',(-1.23314264860584E-43,-6.0346373035462E-22,
1.));
#2276=DIRECTION('ref_axis',(1.,-2.77555756156289E-16,-1.67494708677207E-37));
#2277=DIRECTION('center_axis',(0.,0.,-1.));
#2278=DIRECTION('ref_axis',(-1.,2.77555756156289E-16,0.));
#2279=DIRECTION('',(0.,0.,-1.));
#2280=DIRECTION('center_axis',(-1.23314264860584E-43,-6.0346373035462E-22,
1.));
#2281=DIRECTION('ref_axis',(-1.,2.77555756156289E-16,1.67494708677207E-37));
#2282=DIRECTION('center_axis',(-1.23314264860584E-43,-6.0346373035462E-22,
1.));
#2283=DIRECTION('ref_axis',(-1.,2.77555756156289E-16,1.67494708677207E-37));
#2284=DIRECTION('center_axis',(-1.23314264860584E-43,-6.0346373035462E-22,
1.));
#2285=DIRECTION('ref_axis',(1.,-2.77555756156289E-16,-1.67494708677207E-37));
#2286=DIRECTION('center_axis',(0.,0.,-1.));
#2287=DIRECTION('ref_axis',(-1.,2.77555756156289E-16,0.));
#2288=DIRECTION('',(0.,0.,-1.));
#2289=DIRECTION('center_axis',(-1.23314264860584E-43,-6.0346373035462E-22,
1.));
#2290=DIRECTION('ref_axis',(-1.,2.77555756156289E-16,1.67494708677207E-37));
#2291=DIRECTION('center_axis',(-1.21912966396259E-43,-6.03463724043732E-22,
1.));
#2292=DIRECTION('ref_axis',(-1.,2.77555756156289E-16,1.67494708326882E-37));
#2293=DIRECTION('center_axis',(-1.21912966396259E-43,-6.03463724043732E-22,
1.));
#2294=DIRECTION('ref_axis',(1.,-2.77555756156289E-16,-1.67494708326882E-37));
#2295=DIRECTION('center_axis',(1.23314264860584E-43,6.0346373035462E-22,
-1.));
#2296=DIRECTION('ref_axis',(1.,-2.77555756156289E-16,-1.67494708677207E-37));
#2297=DIRECTION('center_axis',(-1.23314264860584E-43,-6.0346373035462E-22,
1.));
#2298=DIRECTION('ref_axis',(1.,-2.77555756156289E-16,-1.67494708677207E-37));
#2299=DIRECTION('center_axis',(1.23314264860584E-43,6.0346373035462E-22,
-1.));
#2300=DIRECTION('ref_axis',(1.,-2.77555756156289E-16,-1.67494708677207E-37));
#2301=DIRECTION('center_axis',(-1.23314264860584E-43,-6.0346373035462E-22,
1.));
#2302=DIRECTION('ref_axis',(1.,-2.77555756156289E-16,-1.67494708677207E-37));
#2303=DIRECTION('center_axis',(1.23314264860584E-43,6.0346373035462E-22,
-1.));
#2304=DIRECTION('ref_axis',(1.,-2.77555756156289E-16,-1.67494708677207E-37));
#2305=DIRECTION('center_axis',(-1.23314264860584E-43,-6.0346373035462E-22,
1.));
#2306=DIRECTION('ref_axis',(1.,-2.77555756156289E-16,-1.67494708677207E-37));
#2307=DIRECTION('center_axis',(0.,0.,1.));
#2308=DIRECTION('ref_axis',(1.,-2.77555756156289E-16,0.));
#2309=DIRECTION('',(0.,0.,1.));
#2310=DIRECTION('center_axis',(0.,0.,1.));
#2311=DIRECTION('ref_axis',(1.,-2.77555756156289E-16,0.));
#2312=DIRECTION('',(0.,0.,1.));
#2313=DIRECTION('center_axis',(0.,0.,1.));
#2314=DIRECTION('ref_axis',(1.,-2.77555756156289E-16,0.));
#2315=DIRECTION('',(0.,0.,1.));
#2316=DIRECTION('center_axis',(0.,0.,-1.));
#2317=DIRECTION('ref_axis',(-1.,2.77555756156289E-16,0.));
#2318=DIRECTION('',(0.,0.,-1.));
#2319=DIRECTION('center_axis',(1.23314264860584E-43,6.0346373035462E-22,
-1.));
#2320=DIRECTION('ref_axis',(-1.,2.77555756156289E-16,1.67494708677207E-37));
#2321=DIRECTION('center_axis',(-1.23314264860584E-43,-6.0346373035462E-22,
1.));
#2322=DIRECTION('ref_axis',(-1.,2.77555756156289E-16,1.67494708677207E-37));
#2323=DIRECTION('center_axis',(-1.23314264860584E-43,-6.0346373035462E-22,
1.));
#2324=DIRECTION('ref_axis',(-1.,2.77555756156289E-16,1.67494708677207E-37));
#2325=DIRECTION('center_axis',(0.,0.,-1.));
#2326=DIRECTION('ref_axis',(-1.,2.77555756156289E-16,0.));
#2327=DIRECTION('',(0.,0.,-1.));
#2328=DIRECTION('center_axis',(1.23314264860584E-43,6.0346373035462E-22,
-1.));
#2329=DIRECTION('ref_axis',(-1.,2.77555756156289E-16,1.67494708677207E-37));
#2330=DIRECTION('center_axis',(-1.23314264860584E-43,-6.0346373035462E-22,
1.));
#2331=DIRECTION('ref_axis',(-1.,2.77555756156289E-16,1.67494708677207E-37));
#2332=DIRECTION('center_axis',(-1.23314264860584E-43,-6.0346373035462E-22,
1.));
#2333=DIRECTION('ref_axis',(-1.,2.77555756156289E-16,1.67494708677207E-37));
#2334=DIRECTION('center_axis',(0.,0.,-1.));
#2335=DIRECTION('ref_axis',(-1.,2.77555756156289E-16,0.));
#2336=DIRECTION('',(0.,0.,-1.));
#2337=DIRECTION('center_axis',(0.,0.,-1.));
#2338=DIRECTION('ref_axis',(-1.,2.77555756156289E-16,0.));
#2339=DIRECTION('',(0.,0.,-1.));
#2340=DIRECTION('center_axis',(0.,0.,-1.));
#2341=DIRECTION('ref_axis',(-1.,2.77555756156289E-16,0.));
#2342=DIRECTION('center_axis',(-1.23314264860584E-43,-6.0346373035462E-22,
1.));
#2343=DIRECTION('ref_axis',(-1.,2.77555756156289E-16,1.67494708677207E-37));
#2344=DIRECTION('',(0.,0.,-1.));
#2345=DIRECTION('center_axis',(-2.62660266114055E-17,-4.49455141895871E-14,
1.));
#2346=DIRECTION('ref_axis',(-1.,2.7755575615629E-16,-2.6266026611393E-17));
#2347=DIRECTION('center_axis',(-2.62660266114055E-17,-4.49455141895871E-14,
1.));
#2348=DIRECTION('ref_axis',(-1.,2.7755575615629E-16,-2.6266026611393E-17));
#2349=DIRECTION('center_axis',(0.,0.,-1.));
#2350=DIRECTION('ref_axis',(-0.417695417967288,0.908587110743451,0.));
#2351=DIRECTION('center_axis',(-1.23314264860584E-43,-6.0346373035462E-22,
1.));
#2352=DIRECTION('ref_axis',(-1.,2.77555756156289E-16,1.67494708677207E-37));
#2353=DIRECTION('',(0.,0.,-1.));
#2354=DIRECTION('center_axis',(-2.62660266114055E-17,-4.49455141895871E-14,
1.));
#2355=DIRECTION('ref_axis',(-0.417695417967288,0.908587110743451,4.08259436794319E-14));
#2356=DIRECTION('',(-1.54603979395397E-7,3.72904596666249E-7,0.999999999999919));
#2357=DIRECTION('center_axis',(-2.62660266114055E-17,-4.49455141895871E-14,
1.));
#2358=DIRECTION('ref_axis',(-0.417695417967288,0.908587110743451,4.08259436794319E-14));
#2359=DIRECTION('',(2.0429903475466E-14,-4.31233868218232E-14,1.));
#2360=DIRECTION('',(0.,-4.44089209850063E-14,1.));
#2361=DIRECTION('center_axis',(0.,0.,-1.));
#2362=DIRECTION('ref_axis',(-1.,2.77555756156289E-16,0.));
#2363=DIRECTION('',(0.,0.,-1.));
#2364=DIRECTION('center_axis',(1.23314264860584E-43,6.0346373035462E-22,
-1.));
#2365=DIRECTION('ref_axis',(-1.,2.77555756156289E-16,1.67494708677207E-37));
#2366=DIRECTION('center_axis',(-1.23314264860584E-43,-6.0346373035462E-22,
1.));
#2367=DIRECTION('ref_axis',(-1.,2.77555756156289E-16,1.67494708677207E-37));
#2368=DIRECTION('center_axis',(0.,0.,-1.));
#2369=DIRECTION('ref_axis',(-1.,2.77555756156289E-16,0.));
#2370=DIRECTION('',(0.,0.,-1.));
#2371=DIRECTION('center_axis',(1.23314264860584E-43,6.0346373035462E-22,
-1.));
#2372=DIRECTION('ref_axis',(-1.,2.77555756156289E-16,1.67494708677207E-37));
#2373=DIRECTION('center_axis',(-1.23314264860584E-43,-6.0346373035462E-22,
1.));
#2374=DIRECTION('ref_axis',(-1.,2.77555756156289E-16,1.67494708677207E-37));
#2375=DIRECTION('center_axis',(-0.871500633863768,0.490394377185395,2.19956639993967E-14));
#2376=DIRECTION('ref_axis',(-0.490394377185395,-0.871500633863768,-3.91829248173194E-14));
#2377=DIRECTION('',(-0.490394377185395,-0.871500633863768,-3.91829248173194E-14));
#2378=DIRECTION('center_axis',(0.91702441811004,-0.398831062719472,-1.78902331177601E-14));
#2379=DIRECTION('ref_axis',(-1.95090040836986E-14,0.,-1.));
#2380=DIRECTION('',(0.,-4.48530101948563E-14,1.));
#2381=DIRECTION('',(0.398831064331941,0.917024417408747,0.));
#2382=DIRECTION('',(0.,-4.4407945203051E-14,1.));
#2383=DIRECTION('center_axis',(0.8752607489705,0.483651342716631,2.1693218605625E-14));
#2384=DIRECTION('ref_axis',(-0.483651342716631,0.8752607489705,3.93263408134038E-14));
#2385=DIRECTION('',(0.483651342716631,-0.8752607489705,-3.93263408134038E-14));
#2386=DIRECTION('',(0.,-4.48530101948563E-14,1.));
#2387=DIRECTION('center_axis',(0.999999989920355,-0.000141983411884225,
-6.36838342074364E-18));
#2388=DIRECTION('ref_axis',(0.000141983411884225,0.999999989920355,4.49455174658924E-14));
#2389=DIRECTION('',(0.,-4.48530101948563E-14,1.));
#2390=DIRECTION('',(-0.000141983411884225,-0.999999989920355,-4.49455174658924E-14));
#2391=DIRECTION('center_axis',(-0.000141983411895714,-0.999999989920355,
-4.48530097427539E-14));
#2392=DIRECTION('ref_axis',(0.999999989920355,-0.000141983411895714,1.98845088926087E-17));
#2393=DIRECTION('',(0.999999989920355,-0.000141983411895714,1.98845088926087E-17));
#2394=DIRECTION('center_axis',(-2.62660266114055E-17,-4.49455141895871E-14,
1.));
#2395=DIRECTION('ref_axis',(-1.,1.97215225839097E-30,-2.62660266114055E-17));
#2396=DIRECTION('center_axis',(-0.999999989920355,0.000141983411896085,
0.));
#2397=DIRECTION('ref_axis',(0.000141983411896085,0.999999989920355,0.));
#2398=DIRECTION('',(0.,0.,-1.));
#2399=DIRECTION('',(0.,0.,-1.));
#2400=DIRECTION('center_axis',(-0.000141983411895794,-0.999999989920355,
0.));
#2401=DIRECTION('ref_axis',(-0.999999989920355,0.000141983411895794,0.));
#2402=DIRECTION('',(0.,0.,-1.));
#2403=DIRECTION('center_axis',(1.,0.,0.));
#2404=DIRECTION('ref_axis',(0.,-1.,0.));
#2405=DIRECTION('',(0.,0.,-1.));
#2406=DIRECTION('center_axis',(0.000141983411895623,0.999999989920355,0.));
#2407=DIRECTION('ref_axis',(0.999999989920355,-0.000141983411895623,0.));
#2408=DIRECTION('',(0.,0.,-1.));
#2409=DIRECTION('center_axis',(0.999999989920355,-0.000141983411895837,
0.));
#2410=DIRECTION('ref_axis',(-0.000141983411895837,-0.999999989920355,0.));
#2411=DIRECTION('',(0.,0.,-1.));
#2412=DIRECTION('center_axis',(0.,0.,-1.));
#2413=DIRECTION('ref_axis',(-0.0190373318567028,0.999818773576381,0.));
#2414=DIRECTION('',(0.,0.,-1.));
#2415=DIRECTION('center_axis',(-0.999999989920355,0.000141983411895882,
0.));
#2416=DIRECTION('ref_axis',(0.000141983411895882,0.999999989920355,0.));
#2417=DIRECTION('',(0.,0.,-1.));
#2418=DIRECTION('center_axis',(0.000141983411896064,0.999999989920355,0.));
#2419=DIRECTION('ref_axis',(0.999999989920355,-0.000141983411896064,0.));
#2420=DIRECTION('center_axis',(-0.816281853295116,-0.577653820190857,0.));
#2421=DIRECTION('ref_axis',(-0.577653820190857,0.816281853295116,0.));
#2422=DIRECTION('',(-6.83214169000096E-17,-4.49554923202063E-14,1.));
#2423=DIRECTION('center_axis',(0.000141983411891133,0.999999989920355,4.49555015675788E-14));
#2424=DIRECTION('ref_axis',(-0.999999989920355,0.000141983411891133,-4.76400845795768E-17));
#2425=DIRECTION('',(7.76054395626434E-20,4.49555020096956E-14,-1.));
#2426=DIRECTION('',(-6.83214169000096E-17,-4.49554923202063E-14,1.));
#2427=DIRECTION('center_axis',(-0.74831582358743,0.663342617482599,2.97697679485484E-14));
#2428=DIRECTION('ref_axis',(-0.663342617482599,-0.74831582358743,-3.36692704603526E-14));
#2429=DIRECTION('',(-6.83214169000096E-17,-4.49554923202063E-14,1.));
#2430=DIRECTION('center_axis',(-8.33265333960971E-14,-5.22203838883146E-14,
-1.));
#2431=DIRECTION('ref_axis',(-0.753213971693507,0.657775579392921,2.84134158984691E-14));
#2432=DIRECTION('',(-6.83214169000096E-17,-4.49554923202063E-14,1.));
#2433=DIRECTION('',(-6.83214169000096E-17,-4.49554923202063E-14,1.));
#2434=DIRECTION('center_axis',(-6.83214169000096E-17,-4.49554923202063E-14,
1.));
#2435=DIRECTION('ref_axis',(-0.994321308687873,-0.106419617971669,-4.85207975910808E-15));
#2436=DIRECTION('',(-6.83214169000096E-17,-4.49554923202063E-14,1.));
#2437=DIRECTION('center_axis',(-6.83214169000096E-17,-4.49554923202063E-14,
1.));
#2438=DIRECTION('ref_axis',(-0.981498876288266,-0.191467897687502,-8.67459099797032E-15));
#2439=DIRECTION('',(-6.83214169000096E-17,-4.49554923202063E-14,1.));
#2440=DIRECTION('center_axis',(-6.83214169000096E-17,-4.49554923202063E-14,
1.));
#2441=DIRECTION('ref_axis',(-0.957543673425204,-0.288288247216855,-1.30255608242751E-14));
#2442=DIRECTION('',(-6.83214169000096E-17,-4.49554923202063E-14,1.));
#2443=DIRECTION('',(-1.97372982155583E-17,-4.49455095055365E-14,1.));
#2444=DIRECTION('',(-1.97372982155583E-17,-4.49455095055365E-14,1.));
#2445=DIRECTION('center_axis',(-0.761392572708618,0.64829109991126,2.91227459611496E-14));
#2446=DIRECTION('ref_axis',(-0.64829109991126,-0.761392572708618,-3.42382099664426E-14));
#2447=DIRECTION('center_axis',(0.000141983411905161,0.999999989920355,4.49555015675788E-14));
#2448=DIRECTION('ref_axis',(-0.999999989920355,0.000141983411905161,-4.76400845789463E-17));
#2449=DIRECTION('',(-6.83214169000096E-17,-4.49554923202063E-14,1.));
#2450=DIRECTION('',(-7.76054395465704E-20,-4.49555020096956E-14,1.));
#2451=DIRECTION('center_axis',(0.78863645506711,0.614859774045417,2.76952046101318E-14));
#2452=DIRECTION('ref_axis',(-0.614859774045417,0.78863645506711,3.5412451227191E-14));
#2453=DIRECTION('',(-6.83214169000096E-17,-4.49554923202063E-14,1.));
#2454=DIRECTION('center_axis',(-6.83214169000096E-17,-4.49554923202063E-14,
1.));
#2455=DIRECTION('ref_axis',(0.788636455067107,0.614859774045422,2.76952046101319E-14));
#2456=DIRECTION('',(-6.83214169000096E-17,-4.49554923202063E-14,1.));
#2457=DIRECTION('',(-6.83214169000096E-17,-4.49554923202063E-14,1.));
#2458=DIRECTION('center_axis',(0.79534904824086,-0.606151706639814,-2.71955090188202E-14));
#2459=DIRECTION('ref_axis',(0.606151706639814,0.79534904824086,3.5780113140569E-14));
#2460=DIRECTION('',(-6.83214169000096E-17,-4.49554923202063E-14,1.));
#2461=DIRECTION('center_axis',(0.795288870797239,-0.606230659061428,-2.7199062475212E-14));
#2462=DIRECTION('ref_axis',(0.606230659061428,0.795288870797239,3.57774126998677E-14));
#2463=DIRECTION('center_axis',(-0.999999989920355,0.00014198341189843,6.30533012017897E-18));
#2464=DIRECTION('ref_axis',(-0.00014198341189843,-0.999999989920355,-4.49455162781933E-14));
#2465=DIRECTION('',(0.,-4.44089209850063E-14,1.));
#2466=DIRECTION('center_axis',(0.750352121079115,0.661038345629112,2.97902075239564E-14));
#2467=DIRECTION('ref_axis',(-0.661038345629112,0.750352121079115,3.36892477066295E-14));
#2468=DIRECTION('',(-8.07434927000114E-17,-4.49741254339063E-14,1.));
#2469=DIRECTION('center_axis',(-2.83390646851394E-16,1.,4.44089209850063E-14));
#2470=DIRECTION('ref_axis',(-1.,-2.83390646851392E-16,-5.40216018497808E-17));
#2471=DIRECTION('',(0.,-4.44089209850063E-14,1.));
#2472=DIRECTION('center_axis',(-0.769824201610979,0.63825598204327,2.83442594747672E-14));
#2473=DIRECTION('ref_axis',(-0.63825598204327,-0.769824201610979,-3.46346202395104E-14));
#2474=DIRECTION('',(0.,-4.44089209850063E-14,1.));
#2475=DIRECTION('center_axis',(0.999999989920355,-0.000141983411927834,
-6.30533012148476E-18));
#2476=DIRECTION('ref_axis',(0.000141983411927834,0.999999989920355,4.49455162781933E-14));
#2477=DIRECTION('center_axis',(-0.000100397433373024,-0.707106774059191,
-0.707106781186519));
#2478=DIRECTION('ref_axis',(0.000100397433373026,0.707106774059134,-0.707106781186576));
#2479=DIRECTION('',(0.999999989920355,-0.000141983411914927,1.13540768583928E-14));
#2480=DIRECTION('',(-0.000100397433373038,-0.707106774059134,0.707106781186576));
#2481=DIRECTION('',(-0.999999989920355,0.000141983411903621,-4.76400845790155E-17));
#2482=DIRECTION('center_axis',(0.000100397433389084,0.707106774059217,-0.707106781186493));
#2483=DIRECTION('ref_axis',(-0.999999989920356,-1.35525271560688E-19,-0.000141983410495161));
#2484=DIRECTION('',(0.999999989920355,-0.000141983411914895,1.13860743750083E-14));
#2485=DIRECTION('',(-0.00010039743337301,-0.707106774059108,-0.707106781186602));
#2486=DIRECTION('',(-0.000100397433388188,-0.707106774059305,-0.707106781186405));
#2487=DIRECTION('center_axis',(-0.999999989920355,0.000141983411903797,
-2.26327203506349E-16));
#2488=DIRECTION('ref_axis',(0.000100397433373333,0.707106774059131,-0.707106781186579));
#2489=DIRECTION('center_axis',(-0.000100397433372967,-0.707106774059108,
-0.707106781186602));
#2490=DIRECTION('ref_axis',(0.999999989920355,-0.000141983411903557,4.73254248289923E-17));
#2491=DIRECTION('',(0.999999989920355,-0.000141983411903557,4.76400845790184E-17));
#2492=DIRECTION('',(-0.000100397433377982,-0.707106774059217,0.707106781186493));
#2493=DIRECTION('center_axis',(-5.4021601849768E-17,-4.49455090610567E-14,
1.));
#2494=DIRECTION('ref_axis',(-1.,6.14456493013648E-32,-5.4021601849768E-17));
#2495=DIRECTION('',(-0.000141983411903588,-0.999999989920355,-4.49455162781933E-14));
#2496=DIRECTION('center_axis',(0.999999989920355,-0.000141983411903588,
1.71168417981149E-17));
#2497=DIRECTION('ref_axis',(-0.000100397433373037,-0.707106774059131,0.707106781186579));
#2498=DIRECTION('axis',(0.,0.,1.));
#2499=DIRECTION('refdir',(1.,0.,0.));
#2500=DIRECTION('axis',(0.,0.,1.));
#2501=DIRECTION('refdir',(1.,0.,0.));
#2502=DIRECTION('axis',(0.,0.,1.));
#2503=DIRECTION('refdir',(1.,0.,0.));
#2504=DIRECTION('',(-2.62660267151212E-17,-4.49455152733395E-14,1.));
#2505=DIRECTION('',(1.,3.33066907387545E-16,2.62660267151362E-17));
#2506=DIRECTION('',(-1.54074395550979E-33,0.,1.));
#2507=DIRECTION('',(1.,-1.33597264947645E-33,1.54074395550979E-33));
#2508=DIRECTION('',(-1.02429934192031E-33,-4.49936487607504E-14,1.));
#2509=DIRECTION('',(1.,2.77555756156287E-16,1.24892705033624E-29));
#2510=DIRECTION('',(1.17542788376034E-17,-4.81334874109124E-17,1.));
#2511=DIRECTION('',(1.,-5.55111512312591E-17,-1.17542788376034E-17));
#2512=DIRECTION('',(-2.71118570279977E-49,4.81334874109053E-17,1.));
#2513=DIRECTION('',(1.,2.71050543134688E-20,-1.30466079056898E-36));
#2514=CARTESIAN_POINT('',(0.,0.,0.));
#2515=CARTESIAN_POINT('',(0.,0.,0.));
#2516=CARTESIAN_POINT('',(0.,0.,0.));
#2517=CARTESIAN_POINT('Ctrl Pts',(60.7309614998309,61.7571868651431,430.359016809989));
#2518=CARTESIAN_POINT('Ctrl Pts',(60.730961499831,61.757186865143,436.359016809989));
#2519=CARTESIAN_POINT('Ctrl Pts',(60.8619970128903,61.5720207540418,430.359016809989));
#2520=CARTESIAN_POINT('Ctrl Pts',(60.8619970128904,61.5720207540417,436.359016809989));
#2521=CARTESIAN_POINT('Ctrl Pts',(60.9921271254668,61.1097559478271,430.359016809989));
#2522=CARTESIAN_POINT('Ctrl Pts',(60.9921271254669,61.109755947827,436.359016809989));
#2523=CARTESIAN_POINT('Ctrl Pts',(60.8034601544798,60.6681369136784,430.359016809989));
#2524=CARTESIAN_POINT('Ctrl Pts',(60.8034601544799,60.6681369136783,436.359016809989));
#2525=CARTESIAN_POINT('Ctrl Pts',(60.6496360925517,60.5014187312414,430.359016809989));
#2526=CARTESIAN_POINT('Ctrl Pts',(60.6496360925518,60.5014187312413,436.359016809989));
#2527=CARTESIAN_POINT('',(60.730961499831,61.757186865143,435.359016809989));
#2528=CARTESIAN_POINT('',(60.6496360925518,60.5014187312413,435.359016809989));
#2529=CARTESIAN_POINT('Ctrl Pts',(60.730961499831,61.757186865143,435.359016809989));
#2530=CARTESIAN_POINT('Ctrl Pts',(60.8619970128904,61.5720207540416,435.359016809989));
#2531=CARTESIAN_POINT('Ctrl Pts',(60.9921271254668,61.109755947827,435.359016809989));
#2532=CARTESIAN_POINT('Ctrl Pts',(60.8034601544799,60.6681369136783,435.359016809989));
#2533=CARTESIAN_POINT('Ctrl Pts',(60.6496360925518,60.5014187312413,435.359016809989));
#2534=CARTESIAN_POINT('',(60.6496360925518,60.5014187312415,430.359016809989));
#2535=CARTESIAN_POINT('',(60.6496360925518,60.5014187312413,435.359016809989));
#2536=CARTESIAN_POINT('',(60.7309614998309,61.7571868651431,430.359016809989));
#2537=CARTESIAN_POINT('Ctrl Pts',(60.6496360925517,60.5014187312414,430.359016809989));
#2538=CARTESIAN_POINT('Ctrl Pts',(60.8034601544798,60.6681369136784,430.359016809989));
#2539=CARTESIAN_POINT('Ctrl Pts',(60.9921271254668,61.1097559478272,430.359016809989));
#2540=CARTESIAN_POINT('Ctrl Pts',(60.8619970128903,61.5720207540418,430.359016809989));
#2541=CARTESIAN_POINT('Ctrl Pts',(60.7309614998309,61.7571868651431,430.359016809989));
#2542=CARTESIAN_POINT('',(60.7309614998309,61.7571868651431,430.359016809989));
#2543=CARTESIAN_POINT('Ctrl Pts',(61.9361697483555,61.8633221241318,355.35945729723));
#2544=CARTESIAN_POINT('Ctrl Pts',(61.9361697483555,61.8633221241173,679.35945729723));
#2545=CARTESIAN_POINT('Ctrl Pts',(61.6606972992787,61.5783150479463,355.35945729723));
#2546=CARTESIAN_POINT('Ctrl Pts',(61.6606972992787,61.5783150479318,679.35945729723));
#2547=CARTESIAN_POINT('Ctrl Pts',(61.3830135442519,61.2871794269072,355.35945729723));
#2548=CARTESIAN_POINT('Ctrl Pts',(61.3830135442519,61.2871794268927,679.35945729723));
#2549=CARTESIAN_POINT('Ctrl Pts',(61.1041257498515,60.9899352873534,355.35945729723));
#2550=CARTESIAN_POINT('Ctrl Pts',(61.1041257498515,60.9899352873389,679.35945729723));
#2551=CARTESIAN_POINT('Ctrl Pts',(60.8005743052772,60.6664041405465,355.35945729723));
#2552=CARTESIAN_POINT('Ctrl Pts',(60.8005743052772,60.666404140532,679.35945729723));
#2553=CARTESIAN_POINT('Ctrl Pts',(60.4955381557415,60.3357300764846,355.35945729723));
#2554=CARTESIAN_POINT('Ctrl Pts',(60.4955381557415,60.3357300764701,679.35945729723));
#2555=CARTESIAN_POINT('Ctrl Pts',(60.1890056804095,59.998082067749,355.35945729723));
#2556=CARTESIAN_POINT('Ctrl Pts',(60.1890056804095,59.9980820677345,679.35945729723));
#2557=CARTESIAN_POINT('Ctrl Pts',(59.5901869250016,59.3384783499437,355.35945729723));
#2558=CARTESIAN_POINT('Ctrl Pts',(59.5901869250016,59.3384783499292,679.35945729723));
#2559=CARTESIAN_POINT('Ctrl Pts',(58.9865266578242,58.6513592462575,355.35945729723));
#2560=CARTESIAN_POINT('Ctrl Pts',(58.9865266578242,58.651359246243,679.35945729723));
#2561=CARTESIAN_POINT('Ctrl Pts',(58.377694002138,57.9368173814799,355.35945729723));
#2562=CARTESIAN_POINT('Ctrl Pts',(58.377694002138,57.9368173814654,679.35945729723));
#2563=CARTESIAN_POINT('',(58.377694002138,57.9368173814763,435.359016809989));
#2564=CARTESIAN_POINT('Ctrl Pts',(58.377694002138,57.9368173814764,435.359016809989));
#2565=CARTESIAN_POINT('Ctrl Pts',(58.9865266578242,58.651359246254,435.359016809989));
#2566=CARTESIAN_POINT('Ctrl Pts',(59.5901869250016,59.3384783499401,435.359016809989));
#2567=CARTESIAN_POINT('Ctrl Pts',(60.3429259415469,60.1676264842735,435.359016809989));
#2568=CARTESIAN_POINT('Ctrl Pts',(60.4964689218344,60.3354125031457,435.359016809989));
#2569=CARTESIAN_POINT('Ctrl Pts',(60.6496360925518,60.5014187312413,435.359016809989));
#2570=CARTESIAN_POINT('',(58.377694002138,57.9368173814765,430.359016809989));
#2571=CARTESIAN_POINT('',(58.377694002138,57.9368173814798,355.35945729723));
#2572=CARTESIAN_POINT('Ctrl Pts',(60.6496360925518,60.5014187312415,430.359016809989));
#2573=CARTESIAN_POINT('Ctrl Pts',(60.4964689218344,60.3354125031458,430.359016809989));
#2574=CARTESIAN_POINT('Ctrl Pts',(60.3429259415469,60.1676264842737,430.359016809989));
#2575=CARTESIAN_POINT('Ctrl Pts',(59.5901869250016,59.3384783499403,430.359016809989));
#2576=CARTESIAN_POINT('Ctrl Pts',(58.9865266578242,58.6513592462542,430.359016809989));
#2577=CARTESIAN_POINT('Ctrl Pts',(58.377694002138,57.9368173814766,430.359016809989));
#2578=CARTESIAN_POINT('Origin',(0.109589354918729,79.3648121392685,435.35901680999));
#2579=CARTESIAN_POINT('',(-25.6508503210088,-3.35453698682246,435.35945729723));
#2580=CARTESIAN_POINT('',(-27.1118666883979,-0.0160111038912721,435.359455900049));
#2581=CARTESIAN_POINT('',(-27.1205584874968,0.00385066945948581,435.359457297228));
#2582=CARTESIAN_POINT('',(-23.1132327724889,-4.99671835472386,435.35945729723));
#2583=CARTESIAN_POINT('Origin',(-24.9132327543455,-4.99646278458245,435.35901680999));
#2584=CARTESIAN_POINT('',(23.1308690820756,-5.00328425015144,435.35945729723));
#2585=CARTESIAN_POINT('',(24.9308690639321,-5.00353982029285,435.359457297228));
#2586=CARTESIAN_POINT('',(25.6544713770535,-3.35538943502869,435.35945729723));
#2587=CARTESIAN_POINT('Origin',(24.9308690639322,-5.00353982029285,435.35901680999));
#2588=CARTESIAN_POINT('',(27.1167173145777,-0.00385012409025768,435.359237053608));
#2589=CARTESIAN_POINT('Ctrl Pts',(27.1167173145777,-0.0038501240902687,
435.359457297228));
#2590=CARTESIAN_POINT('Ctrl Pts',(26.7606565093643,-0.822523054767504,435.359457297228));
#2591=CARTESIAN_POINT('Ctrl Pts',(26.3955120855368,-1.66061532070961,435.359457297228));
#2592=CARTESIAN_POINT('Ctrl Pts',(25.9091253409903,-2.77360910929406,435.359457297228));
#2593=CARTESIAN_POINT('Ctrl Pts',(25.7822333759981,-3.06367698834712,435.359457297228));
#2594=CARTESIAN_POINT('Ctrl Pts',(25.6544713770535,-3.35538943502869,435.359457297228));
#2595=CARTESIAN_POINT('',(27.1342692159185,-0.0038526161691102,435.359016809987));
#2596=CARTESIAN_POINT('',(27.1167173145776,-0.00385012409024665,435.359016809987));
#2597=CARTESIAN_POINT('',(57.0683195711571,56.3623511389975,435.359016809989));
#2598=CARTESIAN_POINT('Ctrl Pts',(27.1342692159866,-0.00385261619743366,
435.359016809987));
#2599=CARTESIAN_POINT('Ctrl Pts',(27.3440166709746,0.478421848868201,435.359016809987));
#2600=CARTESIAN_POINT('Ctrl Pts',(27.5537643031411,0.96120318303792,435.359016809987));
#2601=CARTESIAN_POINT('Ctrl Pts',(28.0665309669507,2.14230740531274,435.359016809987));
#2602=CARTESIAN_POINT('Ctrl Pts',(28.369742746861,2.84143369071457,435.359016809987));
#2603=CARTESIAN_POINT('Ctrl Pts',(29.2262654361424,4.81658234694397,435.359016809987));
#2604=CARTESIAN_POINT('Ctrl Pts',(29.7800605604351,6.09387823948278,435.359016809987));
#2605=CARTESIAN_POINT('Ctrl Pts',(30.3895050937038,7.49551238361383,435.359016809987));
#2606=CARTESIAN_POINT('Ctrl Pts',(30.4440777710541,7.62098641759443,435.359016809987));
#2607=CARTESIAN_POINT('Ctrl Pts',(31.6363224899183,10.3613533008971,435.359016809987));
#2608=CARTESIAN_POINT('Ctrl Pts',(32.7821249190071,12.9784189088672,435.359016809987));
#2609=CARTESIAN_POINT('Ctrl Pts',(34.0324493647247,15.7806817795896,435.359016809987));
#2610=CARTESIAN_POINT('Ctrl Pts',(34.1163331175767,15.9684313966661,435.359016809987));
#2611=CARTESIAN_POINT('Ctrl Pts',(35.342304786998,18.7085295525103,435.359016809987));
#2612=CARTESIAN_POINT('Ctrl Pts',(36.5045494746239,21.2570254107677,435.359016809988));
#2613=CARTESIAN_POINT('Ctrl Pts',(37.8161952641327,24.0431723498093,435.359016809988));
#2614=CARTESIAN_POINT('Ctrl Pts',(37.9332901325346,24.2911392134062,435.359016809988));
#2615=CARTESIAN_POINT('Ctrl Pts',(39.2230844111362,27.013753815956,435.359016809988));
#2616=CARTESIAN_POINT('Ctrl Pts',(40.427685689811,29.4777021469864,435.359016809988));
#2617=CARTESIAN_POINT('Ctrl Pts',(41.8333330966244,32.2282535299803,435.359016809988));
#2618=CARTESIAN_POINT('Ctrl Pts',(41.9900980556454,32.5333431402991,435.359016809988));
#2619=CARTESIAN_POINT('Ctrl Pts',(43.3773982109181,35.2179822229318,435.359016809988));
#2620=CARTESIAN_POINT('Ctrl Pts',(44.651638837086,37.5787128994962,435.359016809988));
#2621=CARTESIAN_POINT('Ctrl Pts',(46.1876816870513,40.2678252941878,435.359016809988));
#2622=CARTESIAN_POINT('Ctrl Pts',(46.3933928189708,40.6248983380299,435.359016809988));
#2623=CARTESIAN_POINT('Ctrl Pts',(47.9157340038245,43.2439931869663,435.359016809989));
#2624=CARTESIAN_POINT('Ctrl Pts',(49.2877843445988,45.4771094050425,435.359016809989));
#2625=CARTESIAN_POINT('Ctrl Pts',(50.994456951224,48.0692637026406,435.359016809989));
#2626=CARTESIAN_POINT('Ctrl Pts',(51.2616235819225,48.4700142880449,435.359016809989));
#2627=CARTESIAN_POINT('Ctrl Pts',(52.9604025258514,50.9853208529365,435.359016809989));
#2628=CARTESIAN_POINT('Ctrl Pts',(54.4581356904659,53.057874457566,435.359016809989));
#2629=CARTESIAN_POINT('Ctrl Pts',(56.3763668014669,55.5033307331313,435.359016809989));
#2630=CARTESIAN_POINT('Ctrl Pts',(56.7204235703509,55.9343573819117,435.359016809989));
#2631=CARTESIAN_POINT('Ctrl Pts',(57.0683195711571,56.3623511389975,435.359016809989));
#2632=CARTESIAN_POINT('',(58.3342319406669,57.8857728880331,435.359016809989));
#2633=CARTESIAN_POINT('Ctrl Pts',(57.0683195711571,56.3623511389975,435.359016809989));
#2634=CARTESIAN_POINT('Ctrl Pts',(57.4847872874402,56.8746962231449,435.359016809989));
#2635=CARTESIAN_POINT('Ctrl Pts',(57.9066990039283,57.3826243975376,435.359016809989));
#2636=CARTESIAN_POINT('Ctrl Pts',(58.334231940667,57.8857728880332,435.359016809989));
#2637=CARTESIAN_POINT('',(51.421667420834,49.7672358843779,435.359016809989));
#2638=CARTESIAN_POINT('',(58.5319100847565,64.8646635264943,435.359016809989));
#2639=CARTESIAN_POINT('',(46.7005412210178,81.5835553013718,435.35901680999));
#2640=CARTESIAN_POINT('',(48.2169205119204,86.7915599904415,435.35901680999));
#2641=CARTESIAN_POINT('Ctrl Pts',(58.5319100847565,64.8646635264932,435.359016809989));
#2642=CARTESIAN_POINT('Ctrl Pts',(58.1923442142301,65.3445036113687,435.35901680999));
#2643=CARTESIAN_POINT('Ctrl Pts',(57.8580917621173,65.830655260754,435.35901680999));
#2644=CARTESIAN_POINT('Ctrl Pts',(57.1408114274005,66.904944574287,435.35901680999));
#2645=CARTESIAN_POINT('Ctrl Pts',(56.759972729239,67.495538777829,435.35901680999));
#2646=CARTESIAN_POINT('Ctrl Pts',(56.0141301445281,68.6938508525169,435.35901680999));
#2647=CARTESIAN_POINT('Ctrl Pts',(55.6491353753792,69.3015540360392,435.35901680999));
#2648=CARTESIAN_POINT('Ctrl Pts',(54.9354558390003,70.5336673936929,435.35901680999));
#2649=CARTESIAN_POINT('Ctrl Pts',(54.586772029984,71.1580758993173,435.35901680999));
#2650=CARTESIAN_POINT('Ctrl Pts',(53.9061826240429,72.423177597776,435.35901680999));
#2651=CARTESIAN_POINT('Ctrl Pts',(53.5742840723713,73.0638576562103,435.35901680999));
#2652=CARTESIAN_POINT('Ctrl Pts',(52.9277151185384,74.360976404953,435.35901680999));
#2653=CARTESIAN_POINT('Ctrl Pts',(52.613055147348,75.0173941144556,435.35901680999));
#2654=CARTESIAN_POINT('Ctrl Pts',(52.0013575556555,76.3453403127333,435.35901680999));
#2655=CARTESIAN_POINT('Ctrl Pts',(51.7043333992799,77.0168395000631,435.35901680999));
#2656=CARTESIAN_POINT('Ctrl Pts',(51.1282080724701,78.3741580708822,435.35901680999));
#2657=CARTESIAN_POINT('Ctrl Pts',(50.8491054347642,79.059980925902,435.35901680999));
#2658=CARTESIAN_POINT('Ctrl Pts',(50.3091132312609,80.445225983538,435.35901680999));
#2659=CARTESIAN_POINT('Ctrl Pts',(50.0482219611896,81.1446525735268,435.35901680999));
#2660=CARTESIAN_POINT('Ctrl Pts',(49.5449664226396,82.5563888755538,435.35901680999));
#2661=CARTESIAN_POINT('Ctrl Pts',(49.3026026929817,83.2686970719068,435.35901680999));
#2662=CARTESIAN_POINT('Ctrl Pts',(48.8367247571522,84.7054410703194,435.35901680999));
#2663=CARTESIAN_POINT('Ctrl Pts',(48.6132174557393,85.4298555185289,435.35901680999));
#2664=CARTESIAN_POINT('Ctrl Pts',(48.3376911693562,86.3699840604825,435.35901680999));
#2665=CARTESIAN_POINT('Ctrl Pts',(48.2769089060285,86.5805459418668,435.35901680999));
#2666=CARTESIAN_POINT('Ctrl Pts',(48.2169205119698,86.7915599902673,435.35901680999));
#2667=CARTESIAN_POINT('',(46.4227564263724,94.1200618304753,435.359016809991));
#2668=CARTESIAN_POINT('Origin',(117.262888955978,107.579271060502,435.359016809991));
#2669=CARTESIAN_POINT('',(45.1728430589507,103.414705668125,435.359016809991));
#2670=CARTESIAN_POINT('Origin',(124.497676634922,109.350686333055,435.359016809991));
#2671=CARTESIAN_POINT('',(47.3537223375902,130.686303395092,435.359016809992));
#2672=CARTESIAN_POINT('Origin',(118.559330599359,111.26907014779,435.359016809992));
#2673=CARTESIAN_POINT('',(60.7953140000354,157.210184437492,435.359016809994));
#2674=CARTESIAN_POINT('Ctrl Pts',(47.3537223379313,130.686303396619,435.359016809992));
#2675=CARTESIAN_POINT('Ctrl Pts',(47.5317039678403,131.395808888338,435.359016809993));
#2676=CARTESIAN_POINT('Ctrl Pts',(47.7202758088792,132.100112173032,435.359016809993));
#2677=CARTESIAN_POINT('Ctrl Pts',(48.131517535192,133.548333574573,435.359016809993));
#2678=CARTESIAN_POINT('Ctrl Pts',(48.3556778322148,134.29148861151,435.359016809993));
#2679=CARTESIAN_POINT('Ctrl Pts',(48.8251484942421,135.764578248171,435.359016809993));
#2680=CARTESIAN_POINT('Ctrl Pts',(49.0706235769421,136.495030448237,435.359016809993));
#2681=CARTESIAN_POINT('Ctrl Pts',(49.5839779926166,137.942278638903,435.359016809993));
#2682=CARTESIAN_POINT('Ctrl Pts',(49.8517651893139,138.658814455063,435.359016809993));
#2683=CARTESIAN_POINT('Ctrl Pts',(50.4091121869743,140.076255568258,435.359016809993));
#2684=CARTESIAN_POINT('Ctrl Pts',(50.6986217055492,140.777032441764,435.359016809993));
#2685=CARTESIAN_POINT('Ctrl Pts',(51.2984660936813,142.161990243219,435.359016809993));
#2686=CARTESIAN_POINT('Ctrl Pts',(51.6088292957808,142.84623679343,435.359016809993));
#2687=CARTESIAN_POINT('Ctrl Pts',(52.2498399662025,144.197285774575,435.359016809993));
#2688=CARTESIAN_POINT('Ctrl Pts',(52.5804945040736,144.864103129713,435.359016809993));
#2689=CARTESIAN_POINT('Ctrl Pts',(53.261593935505,146.179345770096,435.359016809993));
#2690=CARTESIAN_POINT('Ctrl Pts',(53.6119986781945,146.82769334999,435.359016809993));
#2691=CARTESIAN_POINT('Ctrl Pts',(54.3317162046483,148.105159497603,435.359016809993));
#2692=CARTESIAN_POINT('Ctrl Pts',(54.7010129576787,148.734249536308,435.359016809993));
#2693=CARTESIAN_POINT('Ctrl Pts',(55.4576056806984,149.972627735557,435.359016809993));
#2694=CARTESIAN_POINT('Ctrl Pts',(55.8449084873798,150.581927089826,435.359016809993));
#2695=CARTESIAN_POINT('Ctrl Pts',(56.6367252335101,151.780237312832,435.359016809993));
#2696=CARTESIAN_POINT('Ctrl Pts',(57.0412196210092,152.369218524594,435.359016809993));
#2697=CARTESIAN_POINT('Ctrl Pts',(57.8665025848744,153.526493432267,435.359016809994));
#2698=CARTESIAN_POINT('Ctrl Pts',(58.2872741764187,154.094763256199,435.359016809994));
#2699=CARTESIAN_POINT('Ctrl Pts',(59.1441546648602,155.210386247405,435.359016809994));
#2700=CARTESIAN_POINT('Ctrl Pts',(59.5802553977687,155.757728755483,435.359016809994));
#2701=CARTESIAN_POINT('Ctrl Pts',(60.2784599792422,156.603247098541,435.359016809994));
#2702=CARTESIAN_POINT('Ctrl Pts',(60.5357406168331,156.908453442535,435.359016809994));
#2703=CARTESIAN_POINT('Ctrl Pts',(60.7953140000354,157.210184437491,435.359016809994));
#2704=CARTESIAN_POINT('',(61.3745968184451,157.873527054975,435.359016809994));
#2705=CARTESIAN_POINT('Origin',(105.770381796005,118.519035476655,435.359016809994));
#2706=CARTESIAN_POINT('',(62.1354942237678,158.731894290131,435.359016809994));
#2707=CARTESIAN_POINT('',(28.7905644660902,121.11552845376,435.359016809992));
#2708=CARTESIAN_POINT('',(62.7986555420348,158.731800132223,435.359016809994));
#2709=CARTESIAN_POINT('',(31.4597574781769,158.73624973594,435.359016809994));
#2710=CARTESIAN_POINT('',(62.7993656536236,163.733170165647,435.359016809994));
#2711=CARTESIAN_POINT('',(62.7985458478264,157.959215463414,435.359016809994));
#2712=CARTESIAN_POINT('',(62.7988997411647,163.732608211357,435.359016809994));
#2713=CARTESIAN_POINT('',(62.7993656536236,163.733170165647,435.359016809994));
#2714=CARTESIAN_POINT('',(-62.5656356897992,163.732608211357,435.359016809994));
#2715=CARTESIAN_POINT('',(62.7988997411647,163.732608211357,435.359016809994));
#2716=CARTESIAN_POINT('',(-62.5663454962252,158.733387461911,435.359016809994));
#2717=CARTESIAN_POINT('',(-62.5656356897992,163.732608211357,435.359016809994));
#2718=CARTESIAN_POINT('',(-62.1007764309441,158.733321358826,435.359016809994));
#2719=CARTESIAN_POINT('',(-30.9899596592594,158.728904138869,435.359016809994));
#2720=CARTESIAN_POINT('',(-61.777855158247,158.31913344393,435.359016809994));
#2721=CARTESIAN_POINT('',(-30.9369942405963,118.761777031934,435.359016809992));
#2722=CARTESIAN_POINT('',(-48.1339316337103,87.0864671944736,435.35901680999));
#2723=CARTESIAN_POINT('Origin',(-124.560465024244,109.370722464241,435.359016809991));
#2724=CARTESIAN_POINT('',(-58.5373447811459,64.8581834499818,435.359016809989));
#2725=CARTESIAN_POINT('Ctrl Pts',(-48.1339316337103,87.0864671944725,435.35901680999));
#2726=CARTESIAN_POINT('Ctrl Pts',(-48.1398264233566,87.0654321595396,435.35901680999));
#2727=CARTESIAN_POINT('Ctrl Pts',(-48.1457290695695,87.0444015516848,435.35901680999));
#2728=CARTESIAN_POINT('Ctrl Pts',(-48.1516395700799,87.0233753823525,435.35901680999));
#2729=CARTESIAN_POINT('Ctrl Pts',(-48.2328017943911,86.7346467596677,435.35901680999));
#2730=CARTESIAN_POINT('Ctrl Pts',(-48.3154464073169,86.4467597736938,435.35901680999));
#2731=CARTESIAN_POINT('Ctrl Pts',(-48.6135410582101,85.4296842565019,435.35901680999));
#2732=CARTESIAN_POINT('Ctrl Pts',(-48.8370657566225,84.7052725529156,435.35901680999));
#2733=CARTESIAN_POINT('Ctrl Pts',(-49.3029806850678,83.2685368899603,435.35901680999));
#2734=CARTESIAN_POINT('Ctrl Pts',(-49.54536493847,82.5562348775898,435.35901680999));
#2735=CARTESIAN_POINT('Ctrl Pts',(-50.048657823624,81.1445131224382,435.35901680999));
#2736=CARTESIAN_POINT('Ctrl Pts',(-50.3095663186727,80.4450951690742,435.35901680999));
#2737=CARTESIAN_POINT('Ctrl Pts',(-50.8495826375809,79.0598685881536,435.35901680999));
#2738=CARTESIAN_POINT('Ctrl Pts',(-51.1286920574594,78.3740554859836,435.35901680999));
#2739=CARTESIAN_POINT('Ctrl Pts',(-51.7048133823081,77.0167563646784,435.35901680999));
#2740=CARTESIAN_POINT('Ctrl Pts',(-52.0018261518806,76.3452663871538,435.35901680999));
#2741=CARTESIAN_POINT('Ctrl Pts',(-52.4331551962423,75.4088241221821,435.35901680999));
#2742=CARTESIAN_POINT('Ctrl Pts',(-52.5601331610987,75.1376354570694,435.35901680999));
#2743=CARTESIAN_POINT('Ctrl Pts',(-52.688581396104,74.8677357243925,435.35901680999));
#2744=CARTESIAN_POINT('Ctrl Pts',(-52.8731587612472,74.479895583901,435.35901680999));
#2745=CARTESIAN_POINT('Ctrl Pts',(-53.0607760217267,74.0947321661817,435.35901680999));
#2746=CARTESIAN_POINT('Ctrl Pts',(-53.5746787859986,73.0637223504424,435.35901680999));
#2747=CARTESIAN_POINT('Ctrl Pts',(-53.9065853245269,72.4230336257662,435.35901680999));
#2748=CARTESIAN_POINT('Ctrl Pts',(-54.5872114731415,71.1579221246256,435.35901680999));
#2749=CARTESIAN_POINT('Ctrl Pts',(-54.9359243815071,70.533512818304,435.35901680999));
#2750=CARTESIAN_POINT('Ctrl Pts',(-55.6496760572489,69.3014044974095,435.35901680999));
#2751=CARTESIAN_POINT('Ctrl Pts',(-56.0147139647336,68.6937072532492,435.35901680999));
#2752=CARTESIAN_POINT('Ctrl Pts',(-56.7606493285186,67.4954124591073,435.35901680999));
#2753=CARTESIAN_POINT('Ctrl Pts',(-57.1415375322421,66.9048294533882,435.35901680999));
#2754=CARTESIAN_POINT('Ctrl Pts',(-57.8603724169591,65.8283713426792,435.359016809989));
#2755=CARTESIAN_POINT('Ctrl Pts',(-58.1961775604876,65.3400965313824,435.359016809989));
#2756=CARTESIAN_POINT('Ctrl Pts',(-58.5373447811459,64.8581834499808,435.359016809989));
#2757=CARTESIAN_POINT('',(-58.5761689723824,64.8072411145723,435.359016809989));
#2758=CARTESIAN_POINT('',(-44.2858931100398,83.5579221432859,435.35901680999));
#2759=CARTESIAN_POINT('',(-60.7914161361368,61.9011501918095,435.359016809989));
#2760=CARTESIAN_POINT('',(-45.6467539966335,81.7688046423092,435.35901680999));
#2761=CARTESIAN_POINT('',(-60.7303046161051,60.6159617891272,435.359016809989));
#2762=CARTESIAN_POINT('Ctrl Pts',(-60.7303046161051,60.6159617891272,435.359016809989));
#2763=CARTESIAN_POINT('Ctrl Pts',(-60.9110566779754,60.8114144092292,435.359016809989));
#2764=CARTESIAN_POINT('Ctrl Pts',(-61.0809406715027,61.2844222600808,435.359016809989));
#2765=CARTESIAN_POINT('Ctrl Pts',(-60.912459134715,61.7423588997192,435.359016809989));
#2766=CARTESIAN_POINT('Ctrl Pts',(-60.7914161361368,61.9011501918095,435.359016809989));
#2767=CARTESIAN_POINT('',(-58.3683270417615,57.9537895064206,435.359016809989));
#2768=CARTESIAN_POINT('Ctrl Pts',(-60.7303046161051,60.6159617891272,435.359016809989));
#2769=CARTESIAN_POINT('Ctrl Pts',(-60.527067130223,60.3961950063442,435.359016809989));
#2770=CARTESIAN_POINT('Ctrl Pts',(-60.3203153595405,60.1702553617183,435.359016809989));
#2771=CARTESIAN_POINT('Ctrl Pts',(-59.8237708752054,59.6226485305764,435.359016809989));
#2772=CARTESIAN_POINT('Ctrl Pts',(-59.5264125409588,59.2895382271128,435.359016809989));
#2773=CARTESIAN_POINT('Ctrl Pts',(-58.9270211113529,58.6053067567457,435.359016809989));
#2774=CARTESIAN_POINT('Ctrl Pts',(-58.6427587645936,58.2749457430777,435.359016809989));
#2775=CARTESIAN_POINT('Ctrl Pts',(-58.3683270417616,57.9537895064196,435.359016809989));
#2776=CARTESIAN_POINT('',(-58.324290175891,57.9038027606742,435.359016809989));
#2777=CARTESIAN_POINT('',(-50.879768494006,49.4534417924225,435.359016809989));
#2778=CARTESIAN_POINT('',(-27.1205584874968,0.00385066945766788,435.359016809987));
#2779=CARTESIAN_POINT('Ctrl Pts',(-58.324290175891,57.9038027606731,435.359016809989));
#2780=CARTESIAN_POINT('Ctrl Pts',(-56.2608032686222,55.4743924237381,435.359016809989));
#2781=CARTESIAN_POINT('Ctrl Pts',(-54.3269736864682,52.9334992045388,435.359016809989));
#2782=CARTESIAN_POINT('Ctrl Pts',(-50.680227734269,47.7023603476801,435.359016809989));
#2783=CARTESIAN_POINT('Ctrl Pts',(-48.96769398284,45.0137717252613,435.359016809989));
#2784=CARTESIAN_POINT('Ctrl Pts',(-45.7178996336706,39.5427786347198,435.359016809988));
#2785=CARTESIAN_POINT('Ctrl Pts',(-44.1799499618425,36.7601799732908,435.359016809988));
#2786=CARTESIAN_POINT('Ctrl Pts',(-41.2339236787175,31.1374045801714,435.359016809988));
#2787=CARTESIAN_POINT('Ctrl Pts',(-39.8257511992241,28.2976182622903,435.359016809988));
#2788=CARTESIAN_POINT('Ctrl Pts',(-35.7361073586807,19.7316498727005,435.359016809987));
#2789=CARTESIAN_POINT('Ctrl Pts',(-33.1878154117888,13.9619811748819,435.359016809987));
#2790=CARTESIAN_POINT('Ctrl Pts',(-29.4897267862452,5.46834496058483,435.359016809987));
#2791=CARTESIAN_POINT('Ctrl Pts',(-28.3066942973664,2.73135465847653,435.359016809987));
#2792=CARTESIAN_POINT('Ctrl Pts',(-27.1205584874968,0.00385066945628873,
435.359016809987));
#2793=CARTESIAN_POINT('',(-27.1205584874968,0.00385066945766552,435.359016809987));
#2794=CARTESIAN_POINT('',(-16.8588504841227,108.223593565231,435.359016809986));
#2795=CARTESIAN_POINT('Origin',(-18.3088504841227,108.223593565231,435.359016809986));
#2796=CARTESIAN_POINT('',(19.1411491530101,108.218482162402,435.359016809986));
#2797=CARTESIAN_POINT('Origin',(17.6911491530101,108.218482162402,435.359016809986));
#2798=CARTESIAN_POINT('',(1.13067805792516,34.4710393732432,435.359016809986));
#2799=CARTESIAN_POINT('Origin',(-0.319321942074846,34.4710393732432,435.359016809986));
#2800=CARTESIAN_POINT('',(48.9859806804831,147.405662401144,435.359016809986));
#2801=CARTESIAN_POINT('Origin',(47.1859806804831,147.405662401144,435.35901680999));
#2802=CARTESIAN_POINT('',(-46.0058429783654,147.419149664506,435.359016809986));
#2803=CARTESIAN_POINT('Origin',(-47.8058429783654,147.419149664506,435.35901680999));
#2804=CARTESIAN_POINT('',(5.93738787982138,104.819963176129,435.35901680999));
#2805=CARTESIAN_POINT('',(5.93645081596169,98.2201510027841,435.35901680999));
#2806=CARTESIAN_POINT('',(5.93558071650019,92.0919741889223,435.359016809991));
#2807=CARTESIAN_POINT('',(21.1868891819453,98.2179856934902,435.35901680999));
#2808=CARTESIAN_POINT('',(3.02435871683155,98.2205644715603,435.359016809991));
#2809=CARTESIAN_POINT('',(21.1868891819453,78.2179854918973,435.35901680999));
#2810=CARTESIAN_POINT('',(21.1868891819453,88.7913989163793,435.359016809991));
#2811=CARTESIAN_POINT('',(-21.8131099512052,78.2240907785473,435.35901680999));
#2812=CARTESIAN_POINT('',(10.6481580657044,78.2194818169133,435.35901680999));
#2813=CARTESIAN_POINT('',(-21.8102702829673,98.2240905769544,435.35901680999));
#2814=CARTESIAN_POINT('',(-21.8130287484776,78.7960077772169,435.35901680999));
#2815=CARTESIAN_POINT('',(-6.11745250492782,98.2218624571215,435.35901680999));
#2816=CARTESIAN_POINT('',(-10.8490018326329,98.2225342586454,435.359016809991));
#2817=CARTESIAN_POINT('',(-6.1165482715849,104.590446799003,435.35901680999));
#2818=CARTESIAN_POINT('',(-6.11879113631917,88.7937795565876,435.359016809991));
#2819=CARTESIAN_POINT('Origin',(-0.3088506655563,116.221037863816,435.35901680999));
#2820=CARTESIAN_POINT('',(-22.8126149988749,158.465601152067,435.359016809986));
#2821=CARTESIAN_POINT('',(-17.8126150492732,158.464891235008,435.359016809986));
#2822=CARTESIAN_POINT('',(-10.3458975632077,158.463831084965,435.359016809994));
#2823=CARTESIAN_POINT('',(-17.8134182287401,152.808037042533,435.359016809989));
#2824=CARTESIAN_POINT('',(-17.818230318123,118.916124812291,435.359016809992));
#2825=CARTESIAN_POINT('',(21.1865813781537,152.802499689468,435.359016809989));
#2826=CARTESIAN_POINT('',(-8.84670075779432,152.806763917375,435.359016809993));
#2827=CARTESIAN_POINT('',(21.1873845576207,158.459353881944,435.359016809986));
#2828=CARTESIAN_POINT('',(21.1811664021834,114.664411281002,435.359016809992));
#2829=CARTESIAN_POINT('',(26.1873845072225,158.458643964884,435.359016809986));
#2830=CARTESIAN_POINT('',(12.1541022100003,158.460636458198,435.359016809994));
#2831=CARTESIAN_POINT('',(26.1843705762726,137.231298607633,435.359016809993));
#2832=CARTESIAN_POINT('',(26.1817692383724,118.909877542167,435.359016809992));
#2833=CARTESIAN_POINT('',(-22.8156289298248,137.238255794817,435.359016809993));
#2834=CARTESIAN_POINT('',(-10.3489114941576,137.236485727722,435.359016809993));
#2835=CARTESIAN_POINT('',(-22.8189837504624,113.609998390037,435.359016809992));
#2836=CARTESIAN_POINT('Ctrl Pts',(-60.7303046161051,60.6159617891274,430.359016809989));
#2837=CARTESIAN_POINT('Ctrl Pts',(-60.7303046161051,60.6159617891272,436.359016809989));
#2838=CARTESIAN_POINT('Ctrl Pts',(-60.9110566779754,60.8114144092294,430.359016809989));
#2839=CARTESIAN_POINT('Ctrl Pts',(-60.9110566779754,60.8114144092292,436.359016809989));
#2840=CARTESIAN_POINT('Ctrl Pts',(-61.0809406715026,61.2844222600809,430.359016809989));
#2841=CARTESIAN_POINT('Ctrl Pts',(-61.0809406715026,61.2844222600807,436.359016809989));
#2842=CARTESIAN_POINT('Ctrl Pts',(-60.9124591347149,61.7423588997194,430.359016809989));
#2843=CARTESIAN_POINT('Ctrl Pts',(-60.9124591347149,61.7423588997192,436.359016809989));
#2844=CARTESIAN_POINT('Ctrl Pts',(-60.7914161361368,61.9011501918097,430.359016809989));
#2845=CARTESIAN_POINT('Ctrl Pts',(-60.7914161361368,61.9011501918094,436.359016809989));
#2846=CARTESIAN_POINT('',(-60.7914161361368,61.9011501918097,430.359016809989));
#2847=CARTESIAN_POINT('',(-60.7914161361368,61.9011501918095,435.359016809989));
#2848=CARTESIAN_POINT('',(-60.7303046161051,60.6159617891273,430.359016809989));
#2849=CARTESIAN_POINT('Ctrl Pts',(-60.7914161361368,61.9011501918097,430.359016809989));
#2850=CARTESIAN_POINT('Ctrl Pts',(-60.9124591347149,61.7423588997194,430.359016809989));
#2851=CARTESIAN_POINT('Ctrl Pts',(-61.0809406715028,61.2844222600808,430.359016809989));
#2852=CARTESIAN_POINT('Ctrl Pts',(-60.9110566779754,60.8114144092294,430.359016809989));
#2853=CARTESIAN_POINT('Ctrl Pts',(-60.7303046161051,60.6159617891274,430.359016809989));
#2854=CARTESIAN_POINT('',(-60.7303046161051,60.6159617891274,430.359016809989));
#2855=CARTESIAN_POINT('Ctrl Pts',(-58.3683270417615,57.9537895064232,355.359016809989));
#2856=CARTESIAN_POINT('Ctrl Pts',(-58.3683270417616,57.9537895064161,513.759016809989));
#2857=CARTESIAN_POINT('Ctrl Pts',(-58.6427587645935,58.2749457430813,355.359016809989));
#2858=CARTESIAN_POINT('Ctrl Pts',(-58.6427587645936,58.2749457430742,513.759016809989));
#2859=CARTESIAN_POINT('Ctrl Pts',(-58.9270211113529,58.6053067567493,355.359016809989));
#2860=CARTESIAN_POINT('Ctrl Pts',(-58.927021111353,58.6053067567422,513.759016809989));
#2861=CARTESIAN_POINT('Ctrl Pts',(-59.5264125409588,59.2895382271164,355.359016809989));
#2862=CARTESIAN_POINT('Ctrl Pts',(-59.5264125409589,59.2895382271093,513.759016809989));
#2863=CARTESIAN_POINT('Ctrl Pts',(-59.8237708752054,59.62264853058,355.359016809989));
#2864=CARTESIAN_POINT('Ctrl Pts',(-59.8237708752055,59.6226485305729,513.759016809989));
#2865=CARTESIAN_POINT('Ctrl Pts',(-60.4242647068908,60.2848943809791,355.359016809989));
#2866=CARTESIAN_POINT('Ctrl Pts',(-60.4242647068909,60.284894380972,513.759016809989));
#2867=CARTESIAN_POINT('Ctrl Pts',(-60.7576264625473,60.6475826741266,355.359016809989));
#2868=CARTESIAN_POINT('Ctrl Pts',(-60.7576264625474,60.6475826741195,513.759016809989));
#2869=CARTESIAN_POINT('Ctrl Pts',(-61.1436056130388,61.0594003360257,355.359016809989));
#2870=CARTESIAN_POINT('Ctrl Pts',(-61.1436056130389,61.0594003360186,513.759016809989));
#2871=CARTESIAN_POINT('Ctrl Pts',(-61.2257580674773,61.1464535305918,355.359016809989));
#2872=CARTESIAN_POINT('Ctrl Pts',(-61.2257580674774,61.1464535305847,513.759016809989));
#2873=CARTESIAN_POINT('Ctrl Pts',(-61.3038912351455,61.2288553536832,355.359016809989));
#2874=CARTESIAN_POINT('Ctrl Pts',(-61.3038912351456,61.2288553536761,513.759016809989));
#2875=CARTESIAN_POINT('',(-58.3683270417615,57.9537895064208,430.359016809989));
#2876=CARTESIAN_POINT('Ctrl Pts',(-58.3683270417616,57.9537895064198,430.359016809989));
#2877=CARTESIAN_POINT('Ctrl Pts',(-58.6427587645936,58.274945743078,430.359016809989));
#2878=CARTESIAN_POINT('Ctrl Pts',(-58.9270211113529,58.6053067567459,430.359016809989));
#2879=CARTESIAN_POINT('Ctrl Pts',(-59.5264125409588,59.289538227113,430.359016809989));
#2880=CARTESIAN_POINT('Ctrl Pts',(-59.8237708752054,59.6226485305766,430.359016809989));
#2881=CARTESIAN_POINT('Ctrl Pts',(-60.3203153595405,60.1702553617184,430.359016809989));
#2882=CARTESIAN_POINT('Ctrl Pts',(-60.527067130223,60.3961950063444,430.359016809989));
#2883=CARTESIAN_POINT('Ctrl Pts',(-60.7303046161051,60.6159617891273,430.359016809989));
#2884=CARTESIAN_POINT('',(-58.3683270417615,57.9537895064242,355.359016809989));
#2885=CARTESIAN_POINT('Origin',(0.109589354918729,79.3648121392687,430.35901680999));
#2886=CARTESIAN_POINT('',(58.3342319406669,57.8857728880334,430.359016809989));
#2887=CARTESIAN_POINT('',(51.421667420834,49.7672358843781,430.359016809989));
#2888=CARTESIAN_POINT('',(57.0683195711571,56.3623511389978,430.359016809989));
#2889=CARTESIAN_POINT('Ctrl Pts',(58.334231940667,57.8857728880334,430.359016809989));
#2890=CARTESIAN_POINT('Ctrl Pts',(57.9066990039282,57.3826243975378,430.359016809989));
#2891=CARTESIAN_POINT('Ctrl Pts',(57.4847872874402,56.8746962231451,430.359016809989));
#2892=CARTESIAN_POINT('Ctrl Pts',(57.0683195711571,56.3623511389977,430.359016809989));
#2893=CARTESIAN_POINT('',(27.1342692159185,-0.00385261616888832,430.359457297228));
#2894=CARTESIAN_POINT('Ctrl Pts',(57.0683195711571,56.3623511389978,430.359016809989));
#2895=CARTESIAN_POINT('Ctrl Pts',(56.7204235703509,55.9343573819119,430.359016809989));
#2896=CARTESIAN_POINT('Ctrl Pts',(56.3763668014669,55.5033307331315,430.359016809989));
#2897=CARTESIAN_POINT('Ctrl Pts',(54.4581356904658,53.0578744575662,430.359016809989));
#2898=CARTESIAN_POINT('Ctrl Pts',(52.9604025258514,50.9853208529368,430.359016809989));
#2899=CARTESIAN_POINT('Ctrl Pts',(51.2616235819225,48.4700142880451,430.359016809989));
#2900=CARTESIAN_POINT('Ctrl Pts',(50.994456951224,48.0692637026408,430.359016809989));
#2901=CARTESIAN_POINT('Ctrl Pts',(49.2877843445988,45.4771094050427,430.359016809989));
#2902=CARTESIAN_POINT('Ctrl Pts',(47.9157340038245,43.2439931869665,430.359016809989));
#2903=CARTESIAN_POINT('Ctrl Pts',(46.3933928189708,40.6248983380301,430.359016809988));
#2904=CARTESIAN_POINT('Ctrl Pts',(46.1876816870513,40.267825294188,430.359016809988));
#2905=CARTESIAN_POINT('Ctrl Pts',(44.651638837086,37.5787128994964,430.359016809988));
#2906=CARTESIAN_POINT('Ctrl Pts',(43.3773982109181,35.217982222932,430.359016809988));
#2907=CARTESIAN_POINT('Ctrl Pts',(41.9900980556454,32.5333431402993,430.359016809988));
#2908=CARTESIAN_POINT('Ctrl Pts',(41.8333330966244,32.2282535299806,430.359016809988));
#2909=CARTESIAN_POINT('Ctrl Pts',(40.427685689811,29.4777021469866,430.359016809988));
#2910=CARTESIAN_POINT('Ctrl Pts',(39.2230844111362,27.0137538159563,430.359016809988));
#2911=CARTESIAN_POINT('Ctrl Pts',(37.9332901325346,24.2911392134064,430.359016809988));
#2912=CARTESIAN_POINT('Ctrl Pts',(37.8161952641327,24.0431723498095,430.359016809988));
#2913=CARTESIAN_POINT('Ctrl Pts',(36.5045494746239,21.2570254107679,430.359016809988));
#2914=CARTESIAN_POINT('Ctrl Pts',(35.342304786998,18.7085295525105,430.359016809987));
#2915=CARTESIAN_POINT('Ctrl Pts',(34.1163331175767,15.9684313966663,430.359016809987));
#2916=CARTESIAN_POINT('Ctrl Pts',(34.0324493647247,15.7806817795898,430.359016809987));
#2917=CARTESIAN_POINT('Ctrl Pts',(32.7821249190071,12.9784189088674,430.359016809987));
#2918=CARTESIAN_POINT('Ctrl Pts',(31.6363224899183,10.3613533008974,430.359016809987));
#2919=CARTESIAN_POINT('Ctrl Pts',(30.4440777710541,7.62098641759465,430.359016809987));
#2920=CARTESIAN_POINT('Ctrl Pts',(30.3895050937038,7.49551238361406,430.359016809987));
#2921=CARTESIAN_POINT('Ctrl Pts',(29.7800605604351,6.093878239483,430.359016809987));
#2922=CARTESIAN_POINT('Ctrl Pts',(29.2262654361424,4.8165823469442,430.359016809987));
#2923=CARTESIAN_POINT('Ctrl Pts',(28.369742746861,2.8414336907148,430.359016809987));
#2924=CARTESIAN_POINT('Ctrl Pts',(28.0665309669507,2.14230740531297,430.359016809987));
#2925=CARTESIAN_POINT('Ctrl Pts',(27.5537643031411,0.961203183038145,430.359016809987));
#2926=CARTESIAN_POINT('Ctrl Pts',(27.3440166709746,0.478421848868424,430.359016809987));
#2927=CARTESIAN_POINT('Ctrl Pts',(27.1342692159866,-0.00385261619721078,
430.359016809987));
#2928=CARTESIAN_POINT('',(27.1167173145777,-0.0038501240900358,430.359237053608));
#2929=CARTESIAN_POINT('',(13.5625751057109,-0.00192566071388234,430.359457297228));
#2930=CARTESIAN_POINT('',(25.3131556910104,-4.13385198275733,430.359016809987));
#2931=CARTESIAN_POINT('Ctrl Pts',(27.1167173145777,-0.00385012409004681,
430.359016809987));
#2932=CARTESIAN_POINT('Ctrl Pts',(26.7606565093643,-0.822523054767282,430.359016809987));
#2933=CARTESIAN_POINT('Ctrl Pts',(26.3955120855368,-1.66061532070939,430.359016809987));
#2934=CARTESIAN_POINT('Ctrl Pts',(25.7983926405698,-3.02699760958313,430.359016809987));
#2935=CARTESIAN_POINT('Ctrl Pts',(25.5553677377091,-3.5820485140768,430.359016809987));
#2936=CARTESIAN_POINT('Ctrl Pts',(25.3131556910104,-4.13385198275733,430.359016809987));
#2937=CARTESIAN_POINT('',(23.9808690735079,-5.00340493605133,430.359016809986));
#2938=CARTESIAN_POINT('Origin',(24.9308690639322,-5.00353982029285,430.35901680999));
#2939=CARTESIAN_POINT('',(-23.9632327639212,-4.99659766882353,430.359016809986));
#2940=CARTESIAN_POINT('',(-24.9342387078226,-4.99645980208525,430.359016809986));
#2941=CARTESIAN_POINT('',(-25.3131370547805,-4.13473396964496,430.359016809987));
#2942=CARTESIAN_POINT('Origin',(-24.9132327543455,-4.99646278458245,430.35901680999));
#2943=CARTESIAN_POINT('',(-27.1205584874968,0.00385066945788645,430.359016809987));
#2944=CARTESIAN_POINT('Ctrl Pts',(-25.3131370547805,-4.13473396964496,430.359016809987));
#2945=CARTESIAN_POINT('Ctrl Pts',(-25.5523719027665,-3.58987651427749,430.359016809987));
#2946=CARTESIAN_POINT('Ctrl Pts',(-25.7910992966634,-3.04477013526853,430.359016809987));
#2947=CARTESIAN_POINT('Ctrl Pts',(-26.3938978256867,-1.66553958828841,430.359016809987));
#2948=CARTESIAN_POINT('Ctrl Pts',(-26.757588563299,-0.830793987508201,430.359016809987));
#2949=CARTESIAN_POINT('Ctrl Pts',(-27.1205584874968,0.00385066945788756,
430.359016809987));
#2950=CARTESIAN_POINT('',(-58.324290175891,57.9038027606744,430.359016809989));
#2951=CARTESIAN_POINT('Ctrl Pts',(-27.1205584874968,0.0038506694565136,
430.359016809987));
#2952=CARTESIAN_POINT('Ctrl Pts',(-28.3066942973664,2.73135465847675,430.359016809987));
#2953=CARTESIAN_POINT('Ctrl Pts',(-29.4897267862452,5.46834496058505,430.359016809987));
#2954=CARTESIAN_POINT('Ctrl Pts',(-33.1878154117888,13.9619811748821,430.359016809987));
#2955=CARTESIAN_POINT('Ctrl Pts',(-35.7361073586807,19.7316498727008,430.359016809987));
#2956=CARTESIAN_POINT('Ctrl Pts',(-39.8257511992241,28.2976182622905,430.359016809988));
#2957=CARTESIAN_POINT('Ctrl Pts',(-41.2339236787175,31.1374045801717,430.359016809988));
#2958=CARTESIAN_POINT('Ctrl Pts',(-44.1799499618425,36.7601799732911,430.359016809988));
#2959=CARTESIAN_POINT('Ctrl Pts',(-45.7178996336706,39.54277863472,430.359016809988));
#2960=CARTESIAN_POINT('Ctrl Pts',(-48.96769398284,45.0137717252615,430.359016809988));
#2961=CARTESIAN_POINT('Ctrl Pts',(-50.680227734269,47.7023603476803,430.359016809989));
#2962=CARTESIAN_POINT('Ctrl Pts',(-54.3269736864682,52.933499204539,430.359016809989));
#2963=CARTESIAN_POINT('Ctrl Pts',(-56.2608032686222,55.4743924237383,430.359016809989));
#2964=CARTESIAN_POINT('Ctrl Pts',(-58.324290175891,57.9038027606733,430.359016809989));
#2965=CARTESIAN_POINT('',(-50.879768494006,49.4534417924227,430.359016809989));
#2966=CARTESIAN_POINT('',(-58.5761689723824,64.8072411145725,430.359016809989));
#2967=CARTESIAN_POINT('',(-45.6467539966335,81.7688046423095,430.35901680999));
#2968=CARTESIAN_POINT('',(-58.5373447811459,64.858183449982,430.359016809989));
#2969=CARTESIAN_POINT('',(-44.2858931100398,83.5579221432862,430.35901680999));
#2970=CARTESIAN_POINT('',(-48.1339316337103,87.0864671944738,430.35901680999));
#2971=CARTESIAN_POINT('Ctrl Pts',(-58.5373447811459,64.858183449981,430.359016809989));
#2972=CARTESIAN_POINT('Ctrl Pts',(-58.1961775604876,65.3400965313826,430.359016809989));
#2973=CARTESIAN_POINT('Ctrl Pts',(-57.8603724169591,65.8283713426794,430.359016809989));
#2974=CARTESIAN_POINT('Ctrl Pts',(-57.1415375322421,66.9048294533884,430.35901680999));
#2975=CARTESIAN_POINT('Ctrl Pts',(-56.7606493285186,67.4954124591076,430.35901680999));
#2976=CARTESIAN_POINT('Ctrl Pts',(-56.0147139647336,68.6937072532494,430.35901680999));
#2977=CARTESIAN_POINT('Ctrl Pts',(-55.6496760572489,69.3014044974097,430.35901680999));
#2978=CARTESIAN_POINT('Ctrl Pts',(-54.9359243815071,70.5335128183042,430.35901680999));
#2979=CARTESIAN_POINT('Ctrl Pts',(-54.5872114731415,71.1579221246258,430.35901680999));
#2980=CARTESIAN_POINT('Ctrl Pts',(-53.9065853245269,72.4230336257665,430.35901680999));
#2981=CARTESIAN_POINT('Ctrl Pts',(-53.5746787859986,73.0637223504427,430.35901680999));
#2982=CARTESIAN_POINT('Ctrl Pts',(-53.0607760217267,74.0947321661819,430.35901680999));
#2983=CARTESIAN_POINT('Ctrl Pts',(-52.8731587612472,74.4798955839012,430.35901680999));
#2984=CARTESIAN_POINT('Ctrl Pts',(-52.688581396104,74.8677357243927,430.35901680999));
#2985=CARTESIAN_POINT('Ctrl Pts',(-52.5601331610987,75.1376354570696,430.35901680999));
#2986=CARTESIAN_POINT('Ctrl Pts',(-52.4331551962423,75.4088241221823,430.35901680999));
#2987=CARTESIAN_POINT('Ctrl Pts',(-52.0018261518806,76.345266387154,430.35901680999));
#2988=CARTESIAN_POINT('Ctrl Pts',(-51.7048133823081,77.0167563646786,430.35901680999));
#2989=CARTESIAN_POINT('Ctrl Pts',(-51.1286920574594,78.3740554859838,430.35901680999));
#2990=CARTESIAN_POINT('Ctrl Pts',(-50.8495826375809,79.0598685881539,430.35901680999));
#2991=CARTESIAN_POINT('Ctrl Pts',(-50.3095663186727,80.4450951690744,430.35901680999));
#2992=CARTESIAN_POINT('Ctrl Pts',(-50.048657823624,81.1445131224384,430.35901680999));
#2993=CARTESIAN_POINT('Ctrl Pts',(-49.54536493847,82.55623487759,430.35901680999));
#2994=CARTESIAN_POINT('Ctrl Pts',(-49.3029806850678,83.2685368899605,430.35901680999));
#2995=CARTESIAN_POINT('Ctrl Pts',(-48.8370657566225,84.7052725529158,430.35901680999));
#2996=CARTESIAN_POINT('Ctrl Pts',(-48.6135410582101,85.4296842565021,430.35901680999));
#2997=CARTESIAN_POINT('Ctrl Pts',(-48.3154464073169,86.446759773694,430.35901680999));
#2998=CARTESIAN_POINT('Ctrl Pts',(-48.2328017943911,86.7346467596679,430.35901680999));
#2999=CARTESIAN_POINT('Ctrl Pts',(-48.1516395700799,87.0233753823527,430.35901680999));
#3000=CARTESIAN_POINT('Ctrl Pts',(-48.1457290695695,87.044401551685,430.35901680999));
#3001=CARTESIAN_POINT('Ctrl Pts',(-48.1398264233566,87.0654321595398,430.35901680999));
#3002=CARTESIAN_POINT('Ctrl Pts',(-48.1339316337103,87.0864671944727,430.35901680999));
#3003=CARTESIAN_POINT('',(-61.777855158247,158.31913344393,430.359016809994));
#3004=CARTESIAN_POINT('Origin',(-124.560465024244,109.370722464242,430.359016809991));
#3005=CARTESIAN_POINT('',(-62.1007764309441,158.733321358826,430.359016809994));
#3006=CARTESIAN_POINT('',(-30.9369942405963,118.761777031934,430.359016809992));
#3007=CARTESIAN_POINT('',(-62.5663454962252,158.733387461911,430.359016809994));
#3008=CARTESIAN_POINT('',(-30.9899596592594,158.728904138869,430.359016809994));
#3009=CARTESIAN_POINT('',(-62.5656356897992,163.732608211358,430.359016809994));
#3010=CARTESIAN_POINT('',(-62.5656356897992,163.732608211358,430.359016809994));
#3011=CARTESIAN_POINT('',(62.7988997411647,163.732608211358,430.359016809994));
#3012=CARTESIAN_POINT('',(62.7988997411647,163.732608211358,430.359016809994));
#3013=CARTESIAN_POINT('',(62.7993656536236,163.733170165647,430.359016809994));
#3014=CARTESIAN_POINT('',(62.7993656536236,163.733170165647,430.359016809994));
#3015=CARTESIAN_POINT('',(62.7986555420348,158.731800132223,430.359016809994));
#3016=CARTESIAN_POINT('',(62.7985458478264,157.959215463414,430.359016809994));
#3017=CARTESIAN_POINT('',(62.1354942237678,158.731894290131,430.359016809994));
#3018=CARTESIAN_POINT('',(31.4597574781769,158.73624973594,430.359016809994));
#3019=CARTESIAN_POINT('',(61.3745968184451,157.873527054975,430.359016809994));
#3020=CARTESIAN_POINT('',(28.7905644660902,121.11552845376,430.359016809992));
#3021=CARTESIAN_POINT('',(60.7953140000355,157.210184437492,430.359016809994));
#3022=CARTESIAN_POINT('Origin',(105.7703817965,118.519035476223,430.359016809994));
#3023=CARTESIAN_POINT('',(47.3537223375901,130.686303395093,430.359016809992));
#3024=CARTESIAN_POINT('Ctrl Pts',(60.7953140000354,157.210184437491,430.359016809994));
#3025=CARTESIAN_POINT('Ctrl Pts',(60.5357406168331,156.908453442535,430.359016809994));
#3026=CARTESIAN_POINT('Ctrl Pts',(60.2784599792422,156.603247098541,430.359016809994));
#3027=CARTESIAN_POINT('Ctrl Pts',(59.5802553977687,155.757728755484,430.359016809994));
#3028=CARTESIAN_POINT('Ctrl Pts',(59.1441546648602,155.210386247406,430.359016809994));
#3029=CARTESIAN_POINT('Ctrl Pts',(58.2872741764187,154.094763256199,430.359016809993));
#3030=CARTESIAN_POINT('Ctrl Pts',(57.8665025848744,153.526493432268,430.359016809993));
#3031=CARTESIAN_POINT('Ctrl Pts',(57.0412196210092,152.369218524594,430.359016809993));
#3032=CARTESIAN_POINT('Ctrl Pts',(56.6367252335101,151.780237312832,430.359016809993));
#3033=CARTESIAN_POINT('Ctrl Pts',(55.8449084873798,150.581927089826,430.359016809993));
#3034=CARTESIAN_POINT('Ctrl Pts',(55.4576056806984,149.972627735557,430.359016809993));
#3035=CARTESIAN_POINT('Ctrl Pts',(54.7010129576787,148.734249536308,430.359016809993));
#3036=CARTESIAN_POINT('Ctrl Pts',(54.3317162046483,148.105159497603,430.359016809993));
#3037=CARTESIAN_POINT('Ctrl Pts',(53.6119986781945,146.82769334999,430.359016809993));
#3038=CARTESIAN_POINT('Ctrl Pts',(53.261593935505,146.179345770096,430.359016809993));
#3039=CARTESIAN_POINT('Ctrl Pts',(52.5804945040736,144.864103129713,430.359016809993));
#3040=CARTESIAN_POINT('Ctrl Pts',(52.2498399662025,144.197285774575,430.359016809993));
#3041=CARTESIAN_POINT('Ctrl Pts',(51.6088292957808,142.846236793431,430.359016809993));
#3042=CARTESIAN_POINT('Ctrl Pts',(51.2984660936813,142.161990243219,430.359016809993));
#3043=CARTESIAN_POINT('Ctrl Pts',(50.6986217055492,140.777032441765,430.359016809993));
#3044=CARTESIAN_POINT('Ctrl Pts',(50.4091121869743,140.076255568258,430.359016809993));
#3045=CARTESIAN_POINT('Ctrl Pts',(49.8517651893139,138.658814455064,430.359016809993));
#3046=CARTESIAN_POINT('Ctrl Pts',(49.5839779926166,137.942278638903,430.359016809993));
#3047=CARTESIAN_POINT('Ctrl Pts',(49.0706235769421,136.495030448237,430.359016809993));
#3048=CARTESIAN_POINT('Ctrl Pts',(48.8251484942421,135.764578248171,430.359016809993));
#3049=CARTESIAN_POINT('Ctrl Pts',(48.3556778322148,134.291488611511,430.359016809993));
#3050=CARTESIAN_POINT('Ctrl Pts',(48.131517535192,133.548333574573,430.359016809993));
#3051=CARTESIAN_POINT('Ctrl Pts',(47.7202758088792,132.100112173032,430.359016809992));
#3052=CARTESIAN_POINT('Ctrl Pts',(47.5317039678403,131.395808888339,430.359016809992));
#3053=CARTESIAN_POINT('Ctrl Pts',(47.3537223379313,130.686303396619,430.359016809992));
#3054=CARTESIAN_POINT('',(45.1728430589507,103.414705668125,430.359016809991));
#3055=CARTESIAN_POINT('Origin',(118.559330599359,111.269070147791,430.359016809992));
#3056=CARTESIAN_POINT('',(46.4227564263724,94.1200618304755,430.359016809991));
#3057=CARTESIAN_POINT('Origin',(124.497676634922,109.350686333055,430.359016809991));
#3058=CARTESIAN_POINT('',(48.2169205119204,86.7915599904417,430.35901680999));
#3059=CARTESIAN_POINT('Origin',(117.262888955978,107.579271060502,430.359016809991));
#3060=CARTESIAN_POINT('',(58.5319100847565,64.8646635264945,430.359016809989));
#3061=CARTESIAN_POINT('Ctrl Pts',(48.2169205119698,86.7915599902675,430.35901680999));
#3062=CARTESIAN_POINT('Ctrl Pts',(48.2769089060285,86.580545941867,430.35901680999));
#3063=CARTESIAN_POINT('Ctrl Pts',(48.3376911693562,86.3699840604828,430.35901680999));
#3064=CARTESIAN_POINT('Ctrl Pts',(48.6132174557393,85.4298555185291,430.35901680999));
#3065=CARTESIAN_POINT('Ctrl Pts',(48.8367247571522,84.7054410703196,430.35901680999));
#3066=CARTESIAN_POINT('Ctrl Pts',(49.3026026929817,83.268697071907,430.35901680999));
#3067=CARTESIAN_POINT('Ctrl Pts',(49.5449664226396,82.556388875554,430.35901680999));
#3068=CARTESIAN_POINT('Ctrl Pts',(50.0482219611896,81.144652573527,430.35901680999));
#3069=CARTESIAN_POINT('Ctrl Pts',(50.3091132312609,80.4452259835382,430.35901680999));
#3070=CARTESIAN_POINT('Ctrl Pts',(50.8491054347642,79.0599809259022,430.35901680999));
#3071=CARTESIAN_POINT('Ctrl Pts',(51.1282080724701,78.3741580708824,430.35901680999));
#3072=CARTESIAN_POINT('Ctrl Pts',(51.7043333992799,77.0168395000633,430.35901680999));
#3073=CARTESIAN_POINT('Ctrl Pts',(52.0013575556555,76.3453403127335,430.35901680999));
#3074=CARTESIAN_POINT('Ctrl Pts',(52.613055147348,75.0173941144558,430.35901680999));
#3075=CARTESIAN_POINT('Ctrl Pts',(52.9277151185384,74.3609764049532,430.35901680999));
#3076=CARTESIAN_POINT('Ctrl Pts',(53.5742840723713,73.0638576562105,430.35901680999));
#3077=CARTESIAN_POINT('Ctrl Pts',(53.9061826240429,72.4231775977762,430.35901680999));
#3078=CARTESIAN_POINT('Ctrl Pts',(54.586772029984,71.1580758993175,430.35901680999));
#3079=CARTESIAN_POINT('Ctrl Pts',(54.9354558390003,70.5336673936931,430.35901680999));
#3080=CARTESIAN_POINT('Ctrl Pts',(55.6491353753792,69.3015540360394,430.35901680999));
#3081=CARTESIAN_POINT('Ctrl Pts',(56.0141301445281,68.6938508525171,430.35901680999));
#3082=CARTESIAN_POINT('Ctrl Pts',(56.759972729239,67.4955387778292,430.35901680999));
#3083=CARTESIAN_POINT('Ctrl Pts',(57.1408114274005,66.9049445742872,430.35901680999));
#3084=CARTESIAN_POINT('Ctrl Pts',(57.8580917621173,65.8306552607542,430.35901680999));
#3085=CARTESIAN_POINT('Ctrl Pts',(58.1923442142301,65.3445036113689,430.359016809989));
#3086=CARTESIAN_POINT('Ctrl Pts',(58.5319100847565,64.8646635264934,430.359016809989));
#3087=CARTESIAN_POINT('',(46.7005412210177,81.5835553013719,430.35901680999));
#3088=CARTESIAN_POINT('',(-6.31932194207485,34.471039373243,430.359016809988));
#3089=CARTESIAN_POINT('Origin',(-0.319321942074846,34.4710393732431,430.359016809988));
#3090=CARTESIAN_POINT('',(-24.3088504841227,108.223593565231,430.359016809991));
#3091=CARTESIAN_POINT('Origin',(-18.3088504841227,108.223593565231,430.359016809991));
#3092=CARTESIAN_POINT('',(-46.8558429783654,147.419149664506,430.35901680999));
#3093=CARTESIAN_POINT('Origin',(-47.8058429783654,147.419149664506,430.35901680999));
#3094=CARTESIAN_POINT('',(48.1359806804831,147.405662401144,430.35901680999));
#3095=CARTESIAN_POINT('Origin',(47.1859806804831,147.405662401144,430.35901680999));
#3096=CARTESIAN_POINT('',(5.93645081596169,98.2201510027841,430.359016809991));
#3097=CARTESIAN_POINT('',(5.93738787982138,104.819963176129,430.359016809991));
#3098=CARTESIAN_POINT('',(5.93558071650019,92.0919741889226,430.359016809991));
#3099=CARTESIAN_POINT('',(-6.1165482715849,104.590446799003,430.359016809991));
#3100=CARTESIAN_POINT('Origin',(-0.3088506655563,116.221037863816,430.35901680999));
#3101=CARTESIAN_POINT('',(-6.11745250492782,98.2218624571215,430.359016809991));
#3102=CARTESIAN_POINT('',(-6.11879113631917,88.7937795565878,430.359016809991));
#3103=CARTESIAN_POINT('',(-21.8102702829673,98.2240905769544,430.359016809991));
#3104=CARTESIAN_POINT('',(-10.8490018326329,98.2225342586454,430.359016809991));
#3105=CARTESIAN_POINT('',(-21.8131099512052,78.2240907785473,430.35901680999));
#3106=CARTESIAN_POINT('',(-21.8130287484776,78.7960077772171,430.35901680999));
#3107=CARTESIAN_POINT('',(21.1868891819453,78.2179854918973,430.35901680999));
#3108=CARTESIAN_POINT('',(10.6481580657044,78.2194818169133,430.35901680999));
#3109=CARTESIAN_POINT('',(21.1868891819453,98.2179856934902,430.359016809991));
#3110=CARTESIAN_POINT('',(21.1868891819453,88.7913989163795,430.359016809991));
#3111=CARTESIAN_POINT('',(3.02435871683155,98.2205644715603,430.359016809991));
#3112=CARTESIAN_POINT('',(11.6911491530101,108.218482162402,430.359016809991));
#3113=CARTESIAN_POINT('Origin',(17.6911491530101,108.218482162402,430.359016809991));
#3114=CARTESIAN_POINT('',(15.185871521572,147.803351640341,430.359016809993));
#3115=CARTESIAN_POINT('',(15.1842430752025,136.334079765102,430.359016809993));
#3116=CARTESIAN_POINT('',(15.1809581379866,113.198016625301,430.359016809992));
#3117=CARTESIAN_POINT('',(21.1842430147246,136.333227864631,430.359016809993));
#3118=CARTESIAN_POINT('',(10.6509606822238,136.33472341601,430.359016809993));
#3119=CARTESIAN_POINT('',(21.1858714610941,147.802499739869,430.359016809993));
#3120=CARTESIAN_POINT('',(21.181365189101,116.064482693638,430.359016809992));
#3121=CARTESIAN_POINT('',(7.65258915883204,147.804421241484,430.359016809993));
#3122=CARTESIAN_POINT('Origin',(-14.9589437395108,-9.01577784679183,434.359457297228));
#3123=CARTESIAN_POINT('',(29.9399257041293,-10.0221527516096,434.359457297228));
#3124=CARTESIAN_POINT('',(29.9400676875412,-9.02215276168929,435.359457297228));
#3125=CARTESIAN_POINT('Origin',(29.9400676875412,-9.02215276168924,434.359457297228));
#3126=CARTESIAN_POINT('',(-29.9250399834172,-9.01365290936298,435.359457297228));
#3127=CARTESIAN_POINT('',(-14.9589437395108,-9.01577784679187,435.359457297228));
#3128=CARTESIAN_POINT('',(-29.9251819668291,-10.0136528992833,434.359457297228));
#3129=CARTESIAN_POINT('Origin',(-29.9250399834171,-9.01365290936294,434.359457297228));
#3130=CARTESIAN_POINT('',(-14.9590857229227,-10.0157778367122,434.359457297228));
#3131=CARTESIAN_POINT('Origin',(-29.924472150566,-5.01436286674072,430.359457297228));
#3132=CARTESIAN_POINT('',(-29.924472150566,-5.01436286674095,435.359457297228));
#3133=CARTESIAN_POINT('',(-29.9251819668291,-10.0136528992833,435.359457297228));
#3134=CARTESIAN_POINT('',(-29.924472150566,-5.01436286674072,430.359457297228));
#3135=CARTESIAN_POINT('',(-29.924472150566,-5.01436286674072,430.359457297228));
#3136=CARTESIAN_POINT('',(-29.9251819668291,-10.0136528992831,430.359457297228));
#3137=CARTESIAN_POINT('',(-29.9251819668291,-10.0136528992831,430.359457297228));
#3138=CARTESIAN_POINT('',(-29.9251819668291,-10.0136528992831,430.359457297228));
#3139=CARTESIAN_POINT('Origin',(0.00772027258391478,-5.01906816640435,435.359457297228));
#3140=CARTESIAN_POINT('',(29.9406225119969,-5.11448183899386,435.359457297228));
#3141=CARTESIAN_POINT('',(29.9406225119969,-5.11448183899386,435.359457297228));
#3142=CARTESIAN_POINT('',(27.1264839222644,-0.0217531894087146,435.359457297228));
#3143=CARTESIAN_POINT('',(27.1264839222325,-0.0217531887457079,435.359457297228));
#3144=CARTESIAN_POINT('',(27.1264839222325,-0.0217531887456779,435.359457297228));
#3145=CARTESIAN_POINT('',(26.7308690639322,-5.00353982029285,435.359457297228));
#3146=CARTESIAN_POINT('Origin',(24.9308690639322,-5.00353982029285,435.359457297228));
#3147=CARTESIAN_POINT('Origin',(24.9308690639322,-5.00353982029285,435.359457297228));
#3148=CARTESIAN_POINT('Origin',(-24.9132327543455,-4.99646278458245,435.359457297228));
#3149=CARTESIAN_POINT('',(-27.1107918798419,-0.0140523951977656,435.359457297228));
#3150=CARTESIAN_POINT('Origin',(12.9358776753028,147.846852566464,443.144262470851));
#3151=CARTESIAN_POINT('',(-22.8139211694831,149.266142021558,444.558476033224));
#3152=CARTESIAN_POINT('',(-22.8143227592166,146.437714925321,444.558476033224));
#3153=CARTESIAN_POINT('Origin',(-22.8141219643498,147.85192847344,443.144262470851));
#3154=CARTESIAN_POINT('',(26.1856767468808,146.430757738138,444.558476033224));
#3155=CARTESIAN_POINT('',(12.9356768804361,146.432639018346,444.558476033224));
#3156=CARTESIAN_POINT('',(26.1860783366143,149.259184834375,444.558476033224));
#3157=CARTESIAN_POINT('Origin',(26.1858775417476,147.844971286256,443.144262470851));
#3158=CARTESIAN_POINT('',(12.9360784701696,149.261066114582,444.558476033224));
#3159=CARTESIAN_POINT('Origin',(1.68663127143631,153.155286219162,440.665853202792));
#3160=CARTESIAN_POINT('',(26.1873845072225,158.458643964884,435.359016809986));
#3161=CARTESIAN_POINT('',(21.1861687447026,149.896290848087,443.922079930156));
#3162=CARTESIAN_POINT('',(21.1873845576207,158.459353881944,435.359016809986));
#3163=CARTESIAN_POINT('',(-17.8138308621913,149.901828201152,443.922079930156));
#3164=CARTESIAN_POINT('',(-8.06383096046785,149.900443862885,443.922079930157));
#3165=CARTESIAN_POINT('',(-17.8135946772293,151.565296887126,442.258611227414));
#3166=CARTESIAN_POINT('',(-22.81442315665,145.730608151262,448.094009939157));
#3167=CARTESIAN_POINT('',(25.2867766098351,154.177240233027,439.640548370071));
#3168=CARTESIAN_POINT('Origin',(23.6867766259625,154.177467406486,439.640548370071));
#3169=CARTESIAN_POINT('',(-18.7132229466605,154.18348750315,439.640548370071));
#3170=CARTESIAN_POINT('Origin',(-20.3132229305331,154.18371467661,439.640548370071));
#3171=CARTESIAN_POINT('Origin',(26.1873845072225,158.458643964884,435.359016809986));
#3172=CARTESIAN_POINT('',(26.1858775417476,147.844971286256,445.972689595597));
#3173=CARTESIAN_POINT('Origin',(15.1857621955753,147.03336031362,441.058297466351));
#3174=CARTESIAN_POINT('',(15.1859790540313,148.56071094558,435.359016809993));
#3175=CARTESIAN_POINT('',(15.1854660231468,144.947395330144,438.972332461851));
#3176=CARTESIAN_POINT('',(15.1854660231468,144.947395330145,438.97233246185));
#3177=CARTESIAN_POINT('',(15.1849730717488,141.475501069519,435.359016809993));
#3178=CARTESIAN_POINT('',(15.1809581379866,113.198016625301,435.359016809992));
#3179=CARTESIAN_POINT('',(15.1849630320055,141.404790392113,435.429727488112));
#3180=CARTESIAN_POINT('',(15.1849680518772,141.440145730817,435.394372149052));
#3181=CARTESIAN_POINT('',(15.1857621955753,147.03336031362,441.058297466352));
#3182=CARTESIAN_POINT('',(15.1865764187599,152.767996251237,435.323661470929));
#3183=CARTESIAN_POINT('',(15.1865764187599,152.767996251237,435.323661470929));
#3184=CARTESIAN_POINT('',(15.1857621955753,147.03336031362,441.058297466352));
#3185=CARTESIAN_POINT('',(15.1861693071676,149.900678282429,438.19097946864));
#3186=CARTESIAN_POINT('',(15.1857621955753,147.03336031362,441.058297466352));
#3187=CARTESIAN_POINT('Origin',(-20.3132229305331,154.183714676609,439.640548370071));
#3188=CARTESIAN_POINT('',(-18.7137249338274,150.647953632854,436.105014464139));
#3189=CARTESIAN_POINT('',(-18.7132229466605,154.18348750315,439.640548370071));
#3190=CARTESIAN_POINT('Origin',(-20.3137249177,150.648180806313,436.105014464138));
#3191=CARTESIAN_POINT('Origin',(-20.3137249177,150.648180806313,436.105014464138));
#3192=CARTESIAN_POINT('Origin',(23.6867766259625,154.177467406486,439.640548370071));
#3193=CARTESIAN_POINT('',(25.2862746226682,150.641706362731,436.105014464139));
#3194=CARTESIAN_POINT('',(25.2867766098351,154.177240233027,439.640548370071));
#3195=CARTESIAN_POINT('Origin',(23.6862746387957,150.64193353619,436.105014464138));
#3196=CARTESIAN_POINT('Origin',(23.6862746387957,150.64193353619,436.105014464138));
#3197=CARTESIAN_POINT('Origin',(-22.8141219643498,147.85192847344,445.972689595597));
#3198=CARTESIAN_POINT('',(-22.8141219643499,147.85192847344,445.972689595597));
#3199=CARTESIAN_POINT('Origin',(-17.8134182287401,152.808037042528,435.359016809993));
#3200=CARTESIAN_POINT('',(-17.8134232486118,152.77268170383,435.323661470929));
#3201=CARTESIAN_POINT('',(-17.8134182287401,152.808037042533,435.359016809989));
#3202=CARTESIAN_POINT('',(-8.84670577766599,152.771408578672,435.323661470934));
#3203=CARTESIAN_POINT('',(21.1865813781537,152.802499689468,435.359016809989));
#3204=CARTESIAN_POINT('Origin',(-17.8134232486118,152.77268170383,435.32366147093));
#3205=CARTESIAN_POINT('',(-17.8142374717965,147.038045766212,441.05829746635));
#3206=CARTESIAN_POINT('',(-17.8132224537451,154.186895251949,433.909447908555));
#3207=CARTESIAN_POINT('',(-17.8142374717965,147.038045766211,441.058297466351));
#3208=CARTESIAN_POINT('Origin',(-17.8126150492732,158.464891235008,435.359016809986));
#3209=CARTESIAN_POINT('',(-17.8138308621913,149.90182820115,443.922079930156));
#3210=CARTESIAN_POINT('Origin',(24.1858775619068,147.84525525308,445.972689595597));
#3211=CARTESIAN_POINT('Origin',(-0.319321942074846,34.4710393732432,428.35901680999));
#3212=CARTESIAN_POINT('',(-4.31932194207485,34.4710393732431,428.35901680999));
#3213=CARTESIAN_POINT('Origin',(-6.31932194207485,34.4710393732432,428.35901680999));
#3214=CARTESIAN_POINT('Origin',(-0.319321942074846,34.4710393732432,428.35901680999));
#3215=CARTESIAN_POINT('Origin',(-0.319321942074846,34.4710393732432,430.359016809986));
#3216=CARTESIAN_POINT('',(-4.31932194207485,34.4710393732432,425.359016809986));
#3217=CARTESIAN_POINT('Origin',(-0.319321942074846,34.4710393732432,425.359016809986));
#3218=CARTESIAN_POINT('',(-4.31932194207485,34.4710393732432,430.359016809986));
#3219=CARTESIAN_POINT('Origin',(17.6911491530101,108.218482162402,428.35901680999));
#3220=CARTESIAN_POINT('',(13.6911491530101,108.218482162402,428.35901680999));
#3221=CARTESIAN_POINT('Origin',(11.6911491530101,108.218482162402,428.35901680999));
#3222=CARTESIAN_POINT('Origin',(17.6911491530101,108.218482162402,428.35901680999));
#3223=CARTESIAN_POINT('Origin',(17.6911491530101,108.218482162402,430.359016809986));
#3224=CARTESIAN_POINT('',(13.6911491530101,108.218482162402,425.359016809986));
#3225=CARTESIAN_POINT('Origin',(17.6911491530101,108.218482162402,425.359016809986));
#3226=CARTESIAN_POINT('',(13.6911491530101,108.218482162402,430.359016809986));
#3227=CARTESIAN_POINT('Origin',(-18.3088504841227,108.223593565231,428.35901680999));
#3228=CARTESIAN_POINT('',(-22.3088504841227,108.223593565231,428.35901680999));
#3229=CARTESIAN_POINT('Origin',(-24.3088504841227,108.223593565231,428.35901680999));
#3230=CARTESIAN_POINT('Origin',(-18.3088504841227,108.223593565231,428.35901680999));
#3231=CARTESIAN_POINT('Origin',(-18.3088504841227,108.223593565231,430.359016809986));
#3232=CARTESIAN_POINT('',(-22.3088504841227,108.223593565231,425.359016809986));
#3233=CARTESIAN_POINT('Origin',(-18.3088504841227,108.223593565231,425.359016809986));
#3234=CARTESIAN_POINT('',(-22.3088504841227,108.223593565231,430.359016809986));
#3235=CARTESIAN_POINT('Origin',(-18.3088504841227,108.223593565231,435.359016809986));
#3236=CARTESIAN_POINT('',(-16.8588504841227,108.223593565231,430.359016809986));
#3237=CARTESIAN_POINT('',(-16.8588504841227,108.223593565231,435.359016809986));
#3238=CARTESIAN_POINT('Origin',(-18.3088504841227,108.223593565231,430.359016809986));
#3239=CARTESIAN_POINT('Origin',(-18.3088504841227,108.223593565231,430.359016809986));
#3240=CARTESIAN_POINT('',(-20.3088504841227,108.223593565231,430.359016809986));
#3241=CARTESIAN_POINT('Origin',(-18.3088504841227,108.223593565231,430.359016809986));
#3242=CARTESIAN_POINT('Origin',(17.6911491530101,108.218482162402,435.359016809986));
#3243=CARTESIAN_POINT('',(19.1411491530101,108.218482162402,430.359016809986));
#3244=CARTESIAN_POINT('',(19.1411491530101,108.218482162402,435.359016809986));
#3245=CARTESIAN_POINT('Origin',(17.6911491530101,108.218482162402,430.359016809986));
#3246=CARTESIAN_POINT('Origin',(17.6911491530101,108.218482162402,430.359016809986));
#3247=CARTESIAN_POINT('',(15.6911491530101,108.218482162402,430.359016809986));
#3248=CARTESIAN_POINT('Origin',(17.6911491530101,108.218482162402,430.359016809986));
#3249=CARTESIAN_POINT('Origin',(-0.319321942074846,34.4710393732432,435.359016809986));
#3250=CARTESIAN_POINT('',(1.13067805792516,34.4710393732432,430.359016809986));
#3251=CARTESIAN_POINT('',(1.13067805792515,34.4710393732432,435.359016809986));
#3252=CARTESIAN_POINT('Origin',(-0.319321942074846,34.4710393732432,430.359016809986));
#3253=CARTESIAN_POINT('Origin',(-0.319321942074846,34.4710393732432,430.359016809986));
#3254=CARTESIAN_POINT('',(-2.31932194207485,34.4710393732432,430.359016809986));
#3255=CARTESIAN_POINT('Origin',(-0.319321942074846,34.4710393732432,430.359016809986));
#3256=CARTESIAN_POINT('Origin',(-0.319321942074846,34.4710393732432,425.359016809986));
#3257=CARTESIAN_POINT('',(-2.31932194207485,34.4710393732432,425.359016809986));
#3258=CARTESIAN_POINT('Origin',(-0.319321942074846,34.4710393732432,425.359016809986));
#3259=CARTESIAN_POINT('Origin',(-18.3088504841227,108.223593565231,425.359016809986));
#3260=CARTESIAN_POINT('',(-20.3088504841227,108.223593565231,425.359016809986));
#3261=CARTESIAN_POINT('Origin',(-18.3088504841227,108.223593565231,425.359016809986));
#3262=CARTESIAN_POINT('Origin',(17.6911491530101,108.218482162402,425.359016809986));
#3263=CARTESIAN_POINT('',(15.6911491530101,108.218482162402,425.359016809986));
#3264=CARTESIAN_POINT('Origin',(17.6911491530101,108.218482162402,425.359016809986));
#3265=CARTESIAN_POINT('Origin',(-18.3088504841227,108.223593565231,430.359016809986));
#3266=CARTESIAN_POINT('',(-20.3088504841227,108.223593565231,430.359016809986));
#3267=CARTESIAN_POINT('Origin',(-0.319321942074846,34.4710393732432,430.359016809986));
#3268=CARTESIAN_POINT('',(-2.31932194207485,34.4710393732432,430.359016809986));
#3269=CARTESIAN_POINT('Origin',(17.6911491530101,108.218482162402,430.359016809986));
#3270=CARTESIAN_POINT('',(15.6911491530101,108.218482162402,430.359016809986));
#3271=CARTESIAN_POINT('Origin',(47.1859806804831,147.405662401144,435.359016809986));
#3272=CARTESIAN_POINT('',(48.9859806804831,147.405662401144,433.359016809986));
#3273=CARTESIAN_POINT('',(48.9859806804831,147.405662401144,435.359016809986));
#3274=CARTESIAN_POINT('Origin',(47.1859806804831,147.405662401144,433.359016809986));
#3275=CARTESIAN_POINT('Origin',(47.1859806804831,147.405662401144,433.359016809986));
#3276=CARTESIAN_POINT('',(48.1359806804831,147.405662401144,433.359016809986));
#3277=CARTESIAN_POINT('Origin',(47.1859806804831,147.405662401144,433.359016809986));
#3278=CARTESIAN_POINT('Origin',(-47.8058429783654,147.419149664506,435.359016809986));
#3279=CARTESIAN_POINT('',(-46.0058429783654,147.419149664506,433.359016809986));
#3280=CARTESIAN_POINT('',(-46.0058429783654,147.419149664506,435.359016809986));
#3281=CARTESIAN_POINT('Origin',(-47.8058429783654,147.419149664506,433.359016809986));
#3282=CARTESIAN_POINT('Origin',(-47.8058429783654,147.419149664506,433.359016809986));
#3283=CARTESIAN_POINT('',(-46.8558429783654,147.419149664506,433.359016809986));
#3284=CARTESIAN_POINT('Origin',(-47.8058429783654,147.419149664506,433.359016809986));
#3285=CARTESIAN_POINT('Origin',(-47.8058429783654,147.419149664506,435.359016809986));
#3286=CARTESIAN_POINT('',(-46.8558429783654,147.419149664506,435.359016809986));
#3287=CARTESIAN_POINT('Origin',(47.1859806804831,147.405662401144,435.359016809986));
#3288=CARTESIAN_POINT('',(48.1359806804831,147.405662401144,435.359016809986));
#3289=CARTESIAN_POINT('Origin',(24.9308690639322,-5.00353982029285,435.359457297228));
#3290=CARTESIAN_POINT('',(25.8808690639322,-5.00353982029285,433.359016809986));
#3291=CARTESIAN_POINT('Origin',(24.9308690639322,-5.00353982029285,433.359016809986));
#3292=CARTESIAN_POINT('',(25.8808690639322,-5.00353982029285,430.359457297228));
#3293=CARTESIAN_POINT('',(25.8808690639322,-5.00353982029285,435.359457297228));
#3294=CARTESIAN_POINT('Origin',(24.9308690639322,-5.00353982029285,430.359457297228));
#3295=CARTESIAN_POINT('Origin',(24.9308690639322,-5.00353982029285,430.359457297228));
#3296=CARTESIAN_POINT('Origin',(-24.9132327543455,-4.99646278458245,435.359457297228));
#3297=CARTESIAN_POINT('',(-24.5164221072766,-5.85962053978873,433.359016809986));
#3298=CARTESIAN_POINT('Origin',(-24.9132327543455,-4.99646278458245,433.359016809986));
#3299=CARTESIAN_POINT('',(-24.5164221072766,-5.85962053978873,430.359457297228));
#3300=CARTESIAN_POINT('',(-24.5164221072766,-5.85962053978873,435.359457297228));
#3301=CARTESIAN_POINT('',(-25.3131370548486,-4.1347339694807,430.359457297228));
#3302=CARTESIAN_POINT('Origin',(-24.9132327543455,-4.99646278458245,430.359457297228));
#3303=CARTESIAN_POINT('',(-25.3131370547805,-4.13473396964496,430.359016809987));
#3304=CARTESIAN_POINT('Origin',(-24.9132327543455,-4.99646278458245,430.359457297228));
#3305=CARTESIAN_POINT('Ctrl Pts',(-27.1205584874968,0.00385066945788756,
430.359016809987));
#3306=CARTESIAN_POINT('Ctrl Pts',(-27.1205584874968,0.00385066945756782,
437.559016809987));
#3307=CARTESIAN_POINT('Ctrl Pts',(-26.757588563299,-0.830793987508201,430.359016809987));
#3308=CARTESIAN_POINT('Ctrl Pts',(-26.757588563299,-0.830793987508521,437.559016809987));
#3309=CARTESIAN_POINT('Ctrl Pts',(-26.3938978256867,-1.66553958828841,430.359016809987));
#3310=CARTESIAN_POINT('Ctrl Pts',(-26.3938978256867,-1.66553958828873,437.559016809987));
#3311=CARTESIAN_POINT('Ctrl Pts',(-25.6654489523884,-3.33226385782867,430.359016809987));
#3312=CARTESIAN_POINT('Ctrl Pts',(-25.6654489523884,-3.33226385782899,437.559016809987));
#3313=CARTESIAN_POINT('Ctrl Pts',(-25.3004706706273,-4.16475497094372,430.359016809987));
#3314=CARTESIAN_POINT('Ctrl Pts',(-25.3004706706273,-4.16475497094404,437.559016809987));
#3315=CARTESIAN_POINT('Ctrl Pts',(-24.9342387078226,-4.99645980208528,430.359016809987));
#3316=CARTESIAN_POINT('Ctrl Pts',(-24.9342387078226,-4.9964598020856,437.559016809987));
#3317=CARTESIAN_POINT('',(-27.1119091823823,-0.0160380009007187,430.359457297228));
#3318=CARTESIAN_POINT('Ctrl Pts',(-25.3131370549234,-4.13473396931955,430.359457297228));
#3319=CARTESIAN_POINT('Ctrl Pts',(-25.5523719028616,-3.58987651406045,430.359457297228));
#3320=CARTESIAN_POINT('Ctrl Pts',(-25.7910992967109,-3.04477013516,430.359457297228));
#3321=CARTESIAN_POINT('Ctrl Pts',(-26.3910024434225,-1.67216435505816,430.359457297228));
#3322=CARTESIAN_POINT('Ctrl Pts',(-26.7518109476622,-0.844054647835367,
430.359457297228));
#3323=CARTESIAN_POINT('Ctrl Pts',(-27.1119091823799,-0.0160380009061901,
430.359457297228));
#3324=CARTESIAN_POINT('',(-27.1119091823823,-0.0160380009007187,430.359457297228));
#3325=CARTESIAN_POINT('',(-27.1205584874968,0.00385066945788645,430.359016809987));
#3326=CARTESIAN_POINT('Origin',(24.9308690639322,-5.00353982029285,435.359016809986));
#3327=CARTESIAN_POINT('',(26.7308690639322,-5.00353982029285,433.359016809986));
#3328=CARTESIAN_POINT('',(26.7308690639322,-5.00353982029285,435.359016809986));
#3329=CARTESIAN_POINT('Origin',(24.9308690639322,-5.00353982029285,433.359016809986));
#3330=CARTESIAN_POINT('Origin',(24.9308690639322,-5.00353982029285,433.359016809986));
#3331=CARTESIAN_POINT('Origin',(-24.9132327543455,-4.99646278458245,435.359016809986));
#3332=CARTESIAN_POINT('',(-23.1132327543455,-4.99646278458245,433.359016809986));
#3333=CARTESIAN_POINT('',(-23.1132327543455,-4.99646278458245,435.359016809986));
#3334=CARTESIAN_POINT('Origin',(-24.9132327543455,-4.99646278458245,433.359016809986));
#3335=CARTESIAN_POINT('Origin',(-24.9132327543455,-4.99646278458245,433.359016809986));
#3336=CARTESIAN_POINT('Origin',(-27.1118785603554,-0.0159835811988431,430.359457297228));
#3337=CARTESIAN_POINT('',(-27.1107918798419,-0.0140523951975413,430.359457297228));
#3338=CARTESIAN_POINT('Origin',(27.1303766923055,-0.0128026774192603,430.359457297228));
#3339=CARTESIAN_POINT('',(27.1264839222644,-0.0217531894084904,430.359457297228));
#3340=CARTESIAN_POINT('',(27.1264839222325,-0.0217531887454836,430.359457297228));
#3341=CARTESIAN_POINT('',(27.1264839222325,-0.0217531887454536,430.359457297228));
#3342=CARTESIAN_POINT('',(27.1342692159185,-0.00385261616888816,430.359016809987));
#3343=CARTESIAN_POINT('Origin',(29.9406225119969,-5.11448183899363,430.359457297228));
#3344=CARTESIAN_POINT('',(29.9406225119969,-5.11448183899363,430.359457297228));
#3345=CARTESIAN_POINT('',(27.1264839222325,-0.0217531887454836,430.359457297228));
#3346=CARTESIAN_POINT('',(29.9406225119969,-5.11448183899363,430.359457297228));
#3347=CARTESIAN_POINT('Origin',(29.9399257041293,-10.0221527516094,430.359457297228));
#3348=CARTESIAN_POINT('',(29.9399257041293,-10.0221527516094,430.359457297228));
#3349=CARTESIAN_POINT('',(29.9399257041293,-10.0221527516094,430.359457297228));
#3350=CARTESIAN_POINT('',(29.9406225119969,-5.11448183899363,430.359457297228));
#3351=CARTESIAN_POINT('Origin',(-29.9251819668291,-10.0136528992831,430.359457297228));
#3352=CARTESIAN_POINT('',(-29.9251819668291,-10.0136528992831,430.359457297228));
#3353=CARTESIAN_POINT('Origin',(0.00772027258391478,-5.01906816640413,430.359457297228));
#3354=CARTESIAN_POINT('Origin',(-21.8131099512052,78.2240907785473,435.35901680999));
#3355=CARTESIAN_POINT('',(-21.8102702829673,98.2240905769544,435.35901680999));
#3356=CARTESIAN_POINT('',(-21.8131099512052,78.2240907785473,435.35901680999));
#3357=CARTESIAN_POINT('Origin',(21.1868891819453,78.2179854918973,435.35901680999));
#3358=CARTESIAN_POINT('',(21.1868891819453,78.2179854918973,435.35901680999));
#3359=CARTESIAN_POINT('Origin',(21.1868891819453,98.2179856934902,435.35901680999));
#3360=CARTESIAN_POINT('',(21.1868891819453,98.2179856934902,435.35901680999));
#3361=CARTESIAN_POINT('Origin',(5.93645081596169,98.2201510027841,435.35901680999));
#3362=CARTESIAN_POINT('',(5.93645081596169,98.2201510027841,435.35901680999));
#3363=CARTESIAN_POINT('Origin',(5.93738787982138,104.819963176129,435.35901680999));
#3364=CARTESIAN_POINT('',(5.93738787982138,104.819963176129,435.35901680999));
#3365=CARTESIAN_POINT('Origin',(-0.3088506655563,116.221037863816,435.35901680999));
#3366=CARTESIAN_POINT('',(-6.1165482715849,104.590446799003,435.35901680999));
#3367=CARTESIAN_POINT('Origin',(-6.11745250492782,98.2218624571215,435.35901680999));
#3368=CARTESIAN_POINT('',(-6.11745250492782,98.2218624571215,435.35901680999));
#3369=CARTESIAN_POINT('Origin',(-21.8102702829673,98.2240905769544,435.35901680999));
#3370=CARTESIAN_POINT('Origin',(61.2009931608623,61.0929857433582,435.35901680999));
#3371=CARTESIAN_POINT('',(58.5319100847565,64.8646635264979,355.359016809989));
#3372=CARTESIAN_POINT('Origin',(62.7986555420348,158.731800132227,355.359016809994));
#3373=CARTESIAN_POINT('',(62.7986555420348,158.731800132225,392.859016809994));
#3374=CARTESIAN_POINT('',(62.1354942237678,158.731894290134,355.359016809994));
#3375=CARTESIAN_POINT('Origin',(62.1354942237678,158.731894290134,355.359016809994));
#3376=CARTESIAN_POINT('',(61.3745968184447,157.873527054978,355.359016809994));
#3377=CARTESIAN_POINT('Origin',(105.768790822906,118.520443658259,355.359016809992));
#3378=CARTESIAN_POINT('',(60.7953140000354,157.210184437496,355.359016809994));
#3379=CARTESIAN_POINT('Ctrl Pts',(60.7953140000354,157.210184437495,355.359016809994));
#3380=CARTESIAN_POINT('Ctrl Pts',(60.7953140000354,157.210184437487,542.559016809994));
#3381=CARTESIAN_POINT('Ctrl Pts',(60.5357406168331,156.908453442539,355.359016809994));
#3382=CARTESIAN_POINT('Ctrl Pts',(60.5357406168331,156.908453442531,542.559016809994));
#3383=CARTESIAN_POINT('Ctrl Pts',(60.2784599792422,156.603247098544,355.359016809994));
#3384=CARTESIAN_POINT('Ctrl Pts',(60.2784599792422,156.603247098536,542.559016809994));
#3385=CARTESIAN_POINT('Ctrl Pts',(60.0235580171349,156.294563525904,355.359016809994));
#3386=CARTESIAN_POINT('Ctrl Pts',(60.0235580171349,156.294563525896,542.559016809994));
#3387=CARTESIAN_POINT('Ctrl Pts',(59.5802553977687,155.757728755487,355.359016809994));
#3388=CARTESIAN_POINT('Ctrl Pts',(59.5802553977687,155.757728755479,542.559016809994));
#3389=CARTESIAN_POINT('Ctrl Pts',(59.1441546648602,155.210386247409,355.359016809994));
#3390=CARTESIAN_POINT('Ctrl Pts',(59.1441546648602,155.210386247401,542.559016809994));
#3391=CARTESIAN_POINT('Ctrl Pts',(58.7157144206394,154.652574751806,355.359016809993));
#3392=CARTESIAN_POINT('Ctrl Pts',(58.7157144206394,154.652574751798,542.559016809993));
#3393=CARTESIAN_POINT('Ctrl Pts',(58.2872741764187,154.094763256202,355.359016809993));
#3394=CARTESIAN_POINT('Ctrl Pts',(58.2872741764187,154.094763256194,542.559016809993));
#3395=CARTESIAN_POINT('Ctrl Pts',(57.8665025848744,153.526493432271,355.359016809993));
#3396=CARTESIAN_POINT('Ctrl Pts',(57.8665025848744,153.526493432263,542.559016809993));
#3397=CARTESIAN_POINT('Ctrl Pts',(57.4538611029418,152.947855978434,355.359016809993));
#3398=CARTESIAN_POINT('Ctrl Pts',(57.4538611029418,152.947855978426,542.559016809993));
#3399=CARTESIAN_POINT('Ctrl Pts',(57.0412196210092,152.369218524598,355.359016809993));
#3400=CARTESIAN_POINT('Ctrl Pts',(57.0412196210092,152.36921852459,542.559016809993));
#3401=CARTESIAN_POINT('Ctrl Pts',(56.6367252335101,151.780237312836,355.359016809993));
#3402=CARTESIAN_POINT('Ctrl Pts',(56.6367252335101,151.780237312828,542.559016809993));
#3403=CARTESIAN_POINT('Ctrl Pts',(56.240816860445,151.181082201332,355.359016809993));
#3404=CARTESIAN_POINT('Ctrl Pts',(56.240816860445,151.181082201324,542.559016809993));
#3405=CARTESIAN_POINT('Ctrl Pts',(55.8449084873798,150.581927089829,355.359016809993));
#3406=CARTESIAN_POINT('Ctrl Pts',(55.8449084873798,150.581927089821,542.559016809993));
#3407=CARTESIAN_POINT('Ctrl Pts',(55.4576056806984,149.972627735561,355.359016809993));
#3408=CARTESIAN_POINT('Ctrl Pts',(55.4576056806984,149.972627735553,542.559016809993));
#3409=CARTESIAN_POINT('Ctrl Pts',(55.0793093191886,149.353438635936,355.359016809993));
#3410=CARTESIAN_POINT('Ctrl Pts',(55.0793093191886,149.353438635928,542.559016809993));
#3411=CARTESIAN_POINT('Ctrl Pts',(54.7010129576787,148.734249536312,355.359016809993));
#3412=CARTESIAN_POINT('Ctrl Pts',(54.7010129576787,148.734249536304,542.559016809993));
#3413=CARTESIAN_POINT('Ctrl Pts',(54.3317162046483,148.105159497606,355.359016809993));
#3414=CARTESIAN_POINT('Ctrl Pts',(54.3317162046483,148.105159497598,542.559016809993));
#3415=CARTESIAN_POINT('Ctrl Pts',(53.9718574414214,147.4664264238,355.359016809993));
#3416=CARTESIAN_POINT('Ctrl Pts',(53.9718574414214,147.466426423792,542.559016809993));
#3417=CARTESIAN_POINT('Ctrl Pts',(53.6119986781945,146.827693349993,355.359016809993));
#3418=CARTESIAN_POINT('Ctrl Pts',(53.6119986781945,146.827693349985,542.559016809993));
#3419=CARTESIAN_POINT('Ctrl Pts',(53.261593935505,146.1793457701,355.359016809993));
#3420=CARTESIAN_POINT('Ctrl Pts',(53.261593935505,146.179345770092,542.559016809993));
#3421=CARTESIAN_POINT('Ctrl Pts',(52.9210442197893,145.521724449908,355.359016809993));
#3422=CARTESIAN_POINT('Ctrl Pts',(52.9210442197893,145.5217244499,542.559016809993));
#3423=CARTESIAN_POINT('Ctrl Pts',(52.5804945040736,144.864103129717,355.359016809993));
#3424=CARTESIAN_POINT('Ctrl Pts',(52.5804945040736,144.864103129709,542.559016809993));
#3425=CARTESIAN_POINT('Ctrl Pts',(52.2498399662025,144.197285774578,355.359016809993));
#3426=CARTESIAN_POINT('Ctrl Pts',(52.2498399662025,144.19728577457,542.559016809993));
#3427=CARTESIAN_POINT('Ctrl Pts',(51.9293346309917,143.521761284006,355.359016809993));
#3428=CARTESIAN_POINT('Ctrl Pts',(51.9293346309917,143.521761283998,542.559016809993));
#3429=CARTESIAN_POINT('Ctrl Pts',(51.6088292957809,142.846236793434,355.359016809993));
#3430=CARTESIAN_POINT('Ctrl Pts',(51.6088292957809,142.846236793426,542.559016809993));
#3431=CARTESIAN_POINT('Ctrl Pts',(51.2984660936813,142.161990243222,355.359016809993));
#3432=CARTESIAN_POINT('Ctrl Pts',(51.2984660936813,142.161990243214,542.559016809993));
#3433=CARTESIAN_POINT('Ctrl Pts',(50.9985438996152,141.469511342495,355.359016809993));
#3434=CARTESIAN_POINT('Ctrl Pts',(50.9985438996152,141.469511342487,542.559016809993));
#3435=CARTESIAN_POINT('Ctrl Pts',(50.6986217055492,140.777032441768,355.359016809993));
#3436=CARTESIAN_POINT('Ctrl Pts',(50.6986217055492,140.77703244176,542.559016809993));
#3437=CARTESIAN_POINT('Ctrl Pts',(50.4091121869743,140.076255568261,355.359016809993));
#3438=CARTESIAN_POINT('Ctrl Pts',(50.4091121869743,140.076255568253,542.559016809993));
#3439=CARTESIAN_POINT('Ctrl Pts',(50.1304386881441,139.367535011664,355.359016809993));
#3440=CARTESIAN_POINT('Ctrl Pts',(50.1304386881441,139.367535011656,542.559016809993));
#3441=CARTESIAN_POINT('Ctrl Pts',(49.8517651893139,138.658814455067,355.359016809993));
#3442=CARTESIAN_POINT('Ctrl Pts',(49.8517651893139,138.658814455059,542.559016809993));
#3443=CARTESIAN_POINT('Ctrl Pts',(49.5839779926166,137.942278638907,355.359016809993));
#3444=CARTESIAN_POINT('Ctrl Pts',(49.5839779926166,137.942278638899,542.559016809993));
#3445=CARTESIAN_POINT('Ctrl Pts',(49.3273007847793,137.218654543574,355.359016809993));
#3446=CARTESIAN_POINT('Ctrl Pts',(49.3273007847793,137.218654543566,542.559016809993));
#3447=CARTESIAN_POINT('Ctrl Pts',(49.0706235769421,136.49503044824,355.359016809993));
#3448=CARTESIAN_POINT('Ctrl Pts',(49.0706235769421,136.495030448232,542.559016809993));
#3449=CARTESIAN_POINT('Ctrl Pts',(48.8251484942421,135.764578248175,355.359016809993));
#3450=CARTESIAN_POINT('Ctrl Pts',(48.8251484942421,135.764578248167,542.559016809993));
#3451=CARTESIAN_POINT('Ctrl Pts',(48.5904131632284,135.028033429844,355.359016809993));
#3452=CARTESIAN_POINT('Ctrl Pts',(48.5904131632284,135.028033429836,542.559016809993));
#3453=CARTESIAN_POINT('Ctrl Pts',(48.3556778322148,134.291488611514,355.359016809993));
#3454=CARTESIAN_POINT('Ctrl Pts',(48.3556778322148,134.291488611506,542.559016809993));
#3455=CARTESIAN_POINT('Ctrl Pts',(48.131517535192,133.548333574577,355.359016809993));
#3456=CARTESIAN_POINT('Ctrl Pts',(48.131517535192,133.548333574569,542.559016809993));
#3457=CARTESIAN_POINT('Ctrl Pts',(47.9187403627775,132.799021344971,355.359016809993));
#3458=CARTESIAN_POINT('Ctrl Pts',(47.9187403627775,132.799021344963,542.559016809993));
#3459=CARTESIAN_POINT('Ctrl Pts',(47.7202758088793,132.100112173036,355.359016809992));
#3460=CARTESIAN_POINT('Ctrl Pts',(47.7202758088793,132.100112173028,542.559016809992));
#3461=CARTESIAN_POINT('Ctrl Pts',(47.5317039678403,131.395808888342,355.359016809992));
#3462=CARTESIAN_POINT('Ctrl Pts',(47.5317039678403,131.395808888334,542.559016809992));
#3463=CARTESIAN_POINT('Ctrl Pts',(47.3537223379313,130.686303396622,355.359016809992));
#3464=CARTESIAN_POINT('Ctrl Pts',(47.3537223379313,130.686303396614,542.559016809992));
#3465=CARTESIAN_POINT('',(47.3537223370675,130.68630339318,355.359016809992));
#3466=CARTESIAN_POINT('Origin',(118.559330599359,111.269070147794,355.359016809991));
#3467=CARTESIAN_POINT('',(45.1728430589507,103.414705668128,355.359016809991));
#3468=CARTESIAN_POINT('Origin',(124.497676634922,109.350686333059,355.359016809991));
#3469=CARTESIAN_POINT('',(46.4227564263725,94.1200618304789,355.359016809991));
#3470=CARTESIAN_POINT('Origin',(117.262888955978,107.579271060506,355.359016809991));
#3471=CARTESIAN_POINT('',(48.2169205119204,86.7915599904451,355.35901680999));
#3472=CARTESIAN_POINT('Ctrl Pts',(48.2169205119698,86.7915599902709,355.35901680999));
#3473=CARTESIAN_POINT('Ctrl Pts',(48.2169205119698,86.7915599902624,542.559016809992));
#3474=CARTESIAN_POINT('Ctrl Pts',(48.2769089060285,86.5805459418704,355.35901680999));
#3475=CARTESIAN_POINT('Ctrl Pts',(48.2769089060285,86.5805459418619,542.559016809992));
#3476=CARTESIAN_POINT('Ctrl Pts',(48.3376911693562,86.3699840604861,355.35901680999));
#3477=CARTESIAN_POINT('Ctrl Pts',(48.3376911693562,86.3699840604776,542.559016809992));
#3478=CARTESIAN_POINT('Ctrl Pts',(48.3992653942606,86.159885463212,355.35901680999));
#3479=CARTESIAN_POINT('Ctrl Pts',(48.3992653942606,86.1598854632035,542.559016809992));
#3480=CARTESIAN_POINT('Ctrl Pts',(48.6132174557393,85.4298555185325,355.35901680999));
#3481=CARTESIAN_POINT('Ctrl Pts',(48.6132174557393,85.429855518524,542.559016809992));
#3482=CARTESIAN_POINT('Ctrl Pts',(48.8367247571522,84.705441070323,355.35901680999));
#3483=CARTESIAN_POINT('Ctrl Pts',(48.8367247571522,84.7054410703145,542.559016809992));
#3484=CARTESIAN_POINT('Ctrl Pts',(49.069663725067,83.9870690711167,355.35901680999));
#3485=CARTESIAN_POINT('Ctrl Pts',(49.069663725067,83.9870690711082,542.559016809992));
#3486=CARTESIAN_POINT('Ctrl Pts',(49.3026026929817,83.2686970719104,355.35901680999));
#3487=CARTESIAN_POINT('Ctrl Pts',(49.3026026929817,83.2686970719019,542.559016809992));
#3488=CARTESIAN_POINT('Ctrl Pts',(49.5449664226396,82.5563888755574,355.35901680999));
#3489=CARTESIAN_POINT('Ctrl Pts',(49.5449664226396,82.5563888755489,542.559016809992));
#3490=CARTESIAN_POINT('Ctrl Pts',(49.7965941919146,81.850520724544,355.35901680999));
#3491=CARTESIAN_POINT('Ctrl Pts',(49.7965941919146,81.8505207245355,542.559016809992));
#3492=CARTESIAN_POINT('Ctrl Pts',(50.0482219611897,81.1446525735304,355.35901680999));
#3493=CARTESIAN_POINT('Ctrl Pts',(50.0482219611897,81.1446525735219,542.559016809992));
#3494=CARTESIAN_POINT('Ctrl Pts',(50.3091132312609,80.4452259835415,355.35901680999));
#3495=CARTESIAN_POINT('Ctrl Pts',(50.3091132312609,80.445225983533,542.559016809992));
#3496=CARTESIAN_POINT('Ctrl Pts',(50.5791093330125,79.7526034547236,355.35901680999));
#3497=CARTESIAN_POINT('Ctrl Pts',(50.5791093330125,79.7526034547151,542.559016809992));
#3498=CARTESIAN_POINT('Ctrl Pts',(50.8491054347642,79.0599809259056,355.35901680999));
#3499=CARTESIAN_POINT('Ctrl Pts',(50.8491054347642,79.0599809258971,542.559016809992));
#3500=CARTESIAN_POINT('Ctrl Pts',(51.1282080724701,78.3741580708858,355.35901680999));
#3501=CARTESIAN_POINT('Ctrl Pts',(51.1282080724701,78.3741580708773,542.559016809992));
#3502=CARTESIAN_POINT('Ctrl Pts',(51.416270735875,77.6954987854762,355.35901680999));
#3503=CARTESIAN_POINT('Ctrl Pts',(51.416270735875,77.6954987854677,542.559016809992));
#3504=CARTESIAN_POINT('Ctrl Pts',(51.7043333992799,77.0168395000667,355.35901680999));
#3505=CARTESIAN_POINT('Ctrl Pts',(51.7043333992799,77.0168395000582,542.559016809992));
#3506=CARTESIAN_POINT('Ctrl Pts',(52.0013575556555,76.3453403127369,355.35901680999));
#3507=CARTESIAN_POINT('Ctrl Pts',(52.0013575556555,76.3453403127284,542.559016809992));
#3508=CARTESIAN_POINT('Ctrl Pts',(52.3072063515018,75.681367213598,355.35901680999));
#3509=CARTESIAN_POINT('Ctrl Pts',(52.3072063515018,75.6813672135895,542.559016809992));
#3510=CARTESIAN_POINT('Ctrl Pts',(52.613055147348,75.0173941144592,355.35901680999));
#3511=CARTESIAN_POINT('Ctrl Pts',(52.613055147348,75.0173941144507,542.559016809992));
#3512=CARTESIAN_POINT('Ctrl Pts',(52.9277151185384,74.3609764049566,355.35901680999));
#3513=CARTESIAN_POINT('Ctrl Pts',(52.9277151185384,74.3609764049481,542.559016809992));
#3514=CARTESIAN_POINT('Ctrl Pts',(53.2509995954549,73.7124170305852,355.35901680999));
#3515=CARTESIAN_POINT('Ctrl Pts',(53.2509995954549,73.7124170305767,542.559016809992));
#3516=CARTESIAN_POINT('Ctrl Pts',(53.5742840723713,73.0638576562139,355.35901680999));
#3517=CARTESIAN_POINT('Ctrl Pts',(53.5742840723713,73.0638576562054,542.559016809992));
#3518=CARTESIAN_POINT('Ctrl Pts',(53.9061826240429,72.4231775977796,355.35901680999));
#3519=CARTESIAN_POINT('Ctrl Pts',(53.9061826240429,72.4231775977711,542.559016809992));
#3520=CARTESIAN_POINT('Ctrl Pts',(54.2464773270135,71.7906267485502,355.35901680999));
#3521=CARTESIAN_POINT('Ctrl Pts',(54.2464773270135,71.7906267485417,542.559016809992));
#3522=CARTESIAN_POINT('Ctrl Pts',(54.586772029984,71.1580758993208,355.35901680999));
#3523=CARTESIAN_POINT('Ctrl Pts',(54.586772029984,71.1580758993123,542.559016809992));
#3524=CARTESIAN_POINT('Ctrl Pts',(54.9354558390003,70.5336673936965,355.35901680999));
#3525=CARTESIAN_POINT('Ctrl Pts',(54.9354558390003,70.533667393688,542.559016809992));
#3526=CARTESIAN_POINT('Ctrl Pts',(55.2922956071898,69.9176107148696,355.35901680999));
#3527=CARTESIAN_POINT('Ctrl Pts',(55.2922956071898,69.9176107148611,542.559016809992));
#3528=CARTESIAN_POINT('Ctrl Pts',(55.6491353753792,69.3015540360428,355.35901680999));
#3529=CARTESIAN_POINT('Ctrl Pts',(55.6491353753792,69.3015540360343,542.559016809992));
#3530=CARTESIAN_POINT('Ctrl Pts',(56.0141301445282,68.6938508525205,355.35901680999));
#3531=CARTESIAN_POINT('Ctrl Pts',(56.0141301445282,68.693850852512,542.559016809992));
#3532=CARTESIAN_POINT('Ctrl Pts',(56.3870514368836,68.0946948151765,355.35901680999));
#3533=CARTESIAN_POINT('Ctrl Pts',(56.3870514368836,68.094694815168,542.559016809992));
#3534=CARTESIAN_POINT('Ctrl Pts',(56.759972729239,67.4955387778326,355.35901680999));
#3535=CARTESIAN_POINT('Ctrl Pts',(56.759972729239,67.4955387778241,542.559016809992));
#3536=CARTESIAN_POINT('Ctrl Pts',(57.1408114274005,66.9049445742906,355.359016809989));
#3537=CARTESIAN_POINT('Ctrl Pts',(57.1408114274005,66.9049445742821,542.559016809991));
#3538=CARTESIAN_POINT('Ctrl Pts',(57.529322559791,66.323061400426,355.35901680999));
#3539=CARTESIAN_POINT('Ctrl Pts',(57.529322559791,66.3230614004175,542.559016809992));
#3540=CARTESIAN_POINT('Ctrl Pts',(57.8580917621173,65.8306552607576,355.35901680999));
#3541=CARTESIAN_POINT('Ctrl Pts',(57.8580917621173,65.8306552607491,542.559016809992));
#3542=CARTESIAN_POINT('Ctrl Pts',(58.1923442142301,65.3445036113723,355.359016809989));
#3543=CARTESIAN_POINT('Ctrl Pts',(58.1923442142301,65.3445036113638,542.559016809991));
#3544=CARTESIAN_POINT('Ctrl Pts',(58.5319100847565,64.8646635264968,355.359016809989));
#3545=CARTESIAN_POINT('Ctrl Pts',(58.5319100847565,64.8646635264883,542.559016809991));
#3546=CARTESIAN_POINT('Ctrl Pts',(58.334231940667,57.8857728880368,355.35945729723));
#3547=CARTESIAN_POINT('Ctrl Pts',(58.334231940667,57.8857728880223,679.35945729723));
#3548=CARTESIAN_POINT('Ctrl Pts',(57.9066485825198,57.3825650583573,355.35945729723));
#3549=CARTESIAN_POINT('Ctrl Pts',(57.9066485825198,57.3825650583428,679.35945729723));
#3550=CARTESIAN_POINT('Ctrl Pts',(57.484733480727,56.8746300292901,355.35945729723));
#3551=CARTESIAN_POINT('Ctrl Pts',(57.484733480727,56.8746300292756,679.35945729723));
#3552=CARTESIAN_POINT('Ctrl Pts',(57.0683195711571,56.3623511390011,355.35945729723));
#3553=CARTESIAN_POINT('Ctrl Pts',(57.0683195711571,56.3623511389866,679.35945729723));
#3554=CARTESIAN_POINT('',(57.0683195711571,56.3623511390011,355.359457297229));
#3555=CARTESIAN_POINT('',(58.3342319406669,57.8857728880367,355.35945729723));
#3556=CARTESIAN_POINT('Origin',(58.377694002138,57.9368173814799,355.35945729723));
#3557=CARTESIAN_POINT('Ctrl Pts',(57.0683195711571,56.3623511390011,355.35945729723));
#3558=CARTESIAN_POINT('Ctrl Pts',(57.0683195711571,56.3623511389866,679.35945729723));
#3559=CARTESIAN_POINT('Ctrl Pts',(56.7204235703509,55.9343573819153,355.359457297229));
#3560=CARTESIAN_POINT('Ctrl Pts',(56.7204235703509,55.9343573819008,679.359457297229));
#3561=CARTESIAN_POINT('Ctrl Pts',(56.3763668014669,55.5033307331349,355.359457297229));
#3562=CARTESIAN_POINT('Ctrl Pts',(56.3763668014669,55.5033307331204,679.359457297229));
#3563=CARTESIAN_POINT('Ctrl Pts',(56.0360411699749,55.0694667182647,355.359457297229));
#3564=CARTESIAN_POINT('Ctrl Pts',(56.0360411699749,55.0694667182502,679.359457297229));
#3565=CARTESIAN_POINT('Ctrl Pts',(54.4581356904659,53.0578744575696,355.359457297229));
#3566=CARTESIAN_POINT('Ctrl Pts',(54.4581356904659,53.0578744575551,679.359457297229));
#3567=CARTESIAN_POINT('Ctrl Pts',(52.9604025258514,50.9853208529401,355.359457297229));
#3568=CARTESIAN_POINT('Ctrl Pts',(52.9604025258514,50.9853208529256,679.359457297229));
#3569=CARTESIAN_POINT('Ctrl Pts',(51.5312104532186,48.8691796000528,355.359457297229));
#3570=CARTESIAN_POINT('Ctrl Pts',(51.5312104532186,48.8691796000383,679.359457297229));
#3571=CARTESIAN_POINT('Ctrl Pts',(51.2616235819225,48.4700142880485,355.359457297229));
#3572=CARTESIAN_POINT('Ctrl Pts',(51.2616235819225,48.470014288034,679.359457297229));
#3573=CARTESIAN_POINT('Ctrl Pts',(50.994456951224,48.0692637026442,355.359457297229));
#3574=CARTESIAN_POINT('Ctrl Pts',(50.994456951224,48.0692637026297,679.359457297229));
#3575=CARTESIAN_POINT('Ctrl Pts',(50.7296444937104,47.6670572412897,355.359457297229));
#3576=CARTESIAN_POINT('Ctrl Pts',(50.7296444937104,47.6670572412752,679.359457297229));
#3577=CARTESIAN_POINT('Ctrl Pts',(49.2877843445988,45.4771094050461,355.359457297229));
#3578=CARTESIAN_POINT('Ctrl Pts',(49.2877843445988,45.4771094050316,679.359457297229));
#3579=CARTESIAN_POINT('Ctrl Pts',(47.9157340038245,43.2439931869698,355.359457297229));
#3580=CARTESIAN_POINT('Ctrl Pts',(47.9157340038245,43.2439931869553,679.359457297229));
#3581=CARTESIAN_POINT('Ctrl Pts',(46.6005098450575,40.981230506898,355.359457297229));
#3582=CARTESIAN_POINT('Ctrl Pts',(46.6005098450575,40.9812305068835,679.359457297229));
#3583=CARTESIAN_POINT('Ctrl Pts',(46.3933928189708,40.6248983380334,355.359457297229));
#3584=CARTESIAN_POINT('Ctrl Pts',(46.3933928189708,40.6248983380189,679.359457297229));
#3585=CARTESIAN_POINT('Ctrl Pts',(46.1876816870513,40.2678252941914,355.359457297229));
#3586=CARTESIAN_POINT('Ctrl Pts',(46.1876816870513,40.2678252941769,679.359457297229));
#3587=CARTESIAN_POINT('Ctrl Pts',(45.983323389518,39.9100602547153,355.359457297229));
#3588=CARTESIAN_POINT('Ctrl Pts',(45.983323389518,39.9100602547008,679.359457297229));
#3589=CARTESIAN_POINT('Ctrl Pts',(44.651638837086,37.5787128994998,355.359457297229));
#3590=CARTESIAN_POINT('Ctrl Pts',(44.651638837086,37.5787128994853,679.359457297229));
#3591=CARTESIAN_POINT('Ctrl Pts',(43.3773982109181,35.2179822229354,355.359457297229));
#3592=CARTESIAN_POINT('Ctrl Pts',(43.3773982109181,35.2179822229209,679.359457297229));
#3593=CARTESIAN_POINT('Ctrl Pts',(42.1475917811612,32.8381177121084,355.359457297228));
#3594=CARTESIAN_POINT('Ctrl Pts',(42.1475917811612,32.8381177120939,679.359457297228));
#3595=CARTESIAN_POINT('Ctrl Pts',(41.9900980556454,32.5333431403027,355.359457297228));
#3596=CARTESIAN_POINT('Ctrl Pts',(41.9900980556454,32.5333431402882,679.359457297228));
#3597=CARTESIAN_POINT('Ctrl Pts',(41.8333330966244,32.2282535299839,355.359457297228));
#3598=CARTESIAN_POINT('Ctrl Pts',(41.8333330966244,32.2282535299694,679.359457297228));
#3599=CARTESIAN_POINT('Ctrl Pts',(41.677269747148,31.9228709285889,355.359457297228));
#3600=CARTESIAN_POINT('Ctrl Pts',(41.677269747148,31.9228709285744,679.359457297228));
#3601=CARTESIAN_POINT('Ctrl Pts',(40.427685689811,29.47770214699,355.359457297228));
#3602=CARTESIAN_POINT('Ctrl Pts',(40.427685689811,29.4777021469755,679.359457297228));
#3603=CARTESIAN_POINT('Ctrl Pts',(39.2230844111362,27.0137538159596,355.359457297228));
#3604=CARTESIAN_POINT('Ctrl Pts',(39.2230844111362,27.0137538159451,679.359457297228));
#3605=CARTESIAN_POINT('Ctrl Pts',(38.0507098992386,24.5389994937353,355.359457297228));
#3606=CARTESIAN_POINT('Ctrl Pts',(38.0507098992386,24.5389994937208,679.359457297228));
#3607=CARTESIAN_POINT('Ctrl Pts',(37.9332901325346,24.2911392134098,355.359457297228));
#3608=CARTESIAN_POINT('Ctrl Pts',(37.9332901325346,24.2911392133953,679.359457297228));
#3609=CARTESIAN_POINT('Ctrl Pts',(37.8161952641327,24.0431723498129,355.359457297228));
#3610=CARTESIAN_POINT('Ctrl Pts',(37.8161952641327,24.0431723497984,679.359457297228));
#3611=CARTESIAN_POINT('Ctrl Pts',(37.6994120309908,23.7951059509786,355.359457297228));
#3612=CARTESIAN_POINT('Ctrl Pts',(37.6994120309908,23.7951059509641,679.359457297228));
#3613=CARTESIAN_POINT('Ctrl Pts',(36.5045494746239,21.2570254107713,355.359457297228));
#3614=CARTESIAN_POINT('Ctrl Pts',(36.5045494746239,21.2570254107568,679.359457297228));
#3615=CARTESIAN_POINT('Ctrl Pts',(35.342304786998,18.7085295525139,355.359457297228));
#3616=CARTESIAN_POINT('Ctrl Pts',(35.342304786998,18.7085295524994,679.359457297228));
#3617=CARTESIAN_POINT('Ctrl Pts',(34.2003286874242,16.1561650219881,355.359457297228));
#3618=CARTESIAN_POINT('Ctrl Pts',(34.2003286874242,16.1561650219736,679.359457297228));
#3619=CARTESIAN_POINT('Ctrl Pts',(34.1163331175767,15.9684313966697,355.359457297228));
#3620=CARTESIAN_POINT('Ctrl Pts',(34.1163331175767,15.9684313966552,679.359457297228));
#3621=CARTESIAN_POINT('Ctrl Pts',(34.0324493647247,15.7806817795932,355.359457297228));
#3622=CARTESIAN_POINT('Ctrl Pts',(34.0324493647247,15.7806817795787,679.359457297228));
#3623=CARTESIAN_POINT('Ctrl Pts',(33.9486726219943,15.5929189502032,355.359457297228));
#3624=CARTESIAN_POINT('Ctrl Pts',(33.9486726219943,15.5929189501887,679.359457297228));
#3625=CARTESIAN_POINT('Ctrl Pts',(32.7821249190071,12.9784189088708,355.359457297228));
#3626=CARTESIAN_POINT('Ctrl Pts',(32.7821249190071,12.9784189088563,679.359457297228));
#3627=CARTESIAN_POINT('Ctrl Pts',(31.6363224899183,10.3613533009007,355.359457297227));
#3628=CARTESIAN_POINT('Ctrl Pts',(31.6363224899183,10.3613533008862,679.359457297227));
#3629=CARTESIAN_POINT('Ctrl Pts',(30.4986612099111,7.74644610372936,355.359457297227));
#3630=CARTESIAN_POINT('Ctrl Pts',(30.4986612099111,7.74644610371484,679.359457297227));
#3631=CARTESIAN_POINT('Ctrl Pts',(30.4440777710541,7.62098641759802,355.359457297227));
#3632=CARTESIAN_POINT('Ctrl Pts',(30.4440777710541,7.6209864175835,679.359457297227));
#3633=CARTESIAN_POINT('Ctrl Pts',(30.3895050937038,7.49551238361743,355.359457297227));
#3634=CARTESIAN_POINT('Ctrl Pts',(30.3895050937038,7.49551238360291,679.359457297227));
#3635=CARTESIAN_POINT('Ctrl Pts',(30.3349428930691,7.37002722588135,355.359457297227));
#3636=CARTESIAN_POINT('Ctrl Pts',(30.3349428930691,7.37002722586683,679.359457297227));
#3637=CARTESIAN_POINT('Ctrl Pts',(29.7800605604351,6.09387823948637,355.359457297227));
#3638=CARTESIAN_POINT('Ctrl Pts',(29.7800605604351,6.09387823947185,679.359457297227));
#3639=CARTESIAN_POINT('Ctrl Pts',(29.2262654361424,4.81658234694757,355.359457297227));
#3640=CARTESIAN_POINT('Ctrl Pts',(29.2262654361424,4.81658234693305,679.359457297227));
#3641=CARTESIAN_POINT('Ctrl Pts',(28.6733725035232,3.5416065096844,355.359457297227));
#3642=CARTESIAN_POINT('Ctrl Pts',(28.6733725035232,3.54160650966988,679.359457297227));
#3643=CARTESIAN_POINT('Ctrl Pts',(28.369742746861,2.84143369071817,355.359457297227));
#3644=CARTESIAN_POINT('Ctrl Pts',(28.369742746861,2.84143369070365,679.359457297227));
#3645=CARTESIAN_POINT('Ctrl Pts',(28.0665309669507,2.14230740531634,355.359457297227));
#3646=CARTESIAN_POINT('Ctrl Pts',(28.0665309669507,2.14230740530182,679.359457297227));
#3647=CARTESIAN_POINT('Ctrl Pts',(27.7640069012331,1.44547495387708,355.359457297227));
#3648=CARTESIAN_POINT('Ctrl Pts',(27.7640069012331,1.44547495386256,679.359457297227));
#3649=CARTESIAN_POINT('Ctrl Pts',(27.5511630793568,0.955211536915546,355.359457297227));
#3650=CARTESIAN_POINT('Ctrl Pts',(27.5511630793568,0.95521153690103,679.359457297227));
#3651=CARTESIAN_POINT('Ctrl Pts',(27.3388265470934,0.46647566558972,355.359457297227));
#3652=CARTESIAN_POINT('Ctrl Pts',(27.3388265470934,0.466475665575204,679.359457297227));
#3653=CARTESIAN_POINT('Ctrl Pts',(27.1264839222325,-0.0217531887441645,
355.359457297227));
#3654=CARTESIAN_POINT('Ctrl Pts',(27.1264839222325,-0.0217531887586809,
679.359457297227));
#3655=CARTESIAN_POINT('Origin',(-62.1007764309441,158.73332135883,355.359016809994));
#3656=CARTESIAN_POINT('',(-62.1007764309441,158.73332135883,355.359016809994));
#3657=CARTESIAN_POINT('',(-62.5663454962252,158.733387461913,392.859016809994));
#3658=CARTESIAN_POINT('Origin',(-61.777855158247,158.319133443933,355.359016809994));
#3659=CARTESIAN_POINT('',(-61.777855158247,158.319133443933,355.359016809994));
#3660=CARTESIAN_POINT('Origin',(-124.560465024244,109.370722464245,355.359016809991));
#3661=CARTESIAN_POINT('',(-48.1339316337103,87.0864671944771,355.35901680999));
#3662=CARTESIAN_POINT('Ctrl Pts',(-58.5373447811459,64.8581834499844,355.359016809989));
#3663=CARTESIAN_POINT('Ctrl Pts',(-58.5373447811459,64.858183449976,542.559016809991));
#3664=CARTESIAN_POINT('Ctrl Pts',(-58.1961775604876,65.340096531386,355.359016809989));
#3665=CARTESIAN_POINT('Ctrl Pts',(-58.1961775604876,65.3400965313776,542.559016809991));
#3666=CARTESIAN_POINT('Ctrl Pts',(-57.8603724169591,65.8283713426828,355.359016809989));
#3667=CARTESIAN_POINT('Ctrl Pts',(-57.8603724169591,65.8283713426744,542.559016809991));
#3668=CARTESIAN_POINT('Ctrl Pts',(-57.5301018948024,66.3229527686297,355.359016809989));
#3669=CARTESIAN_POINT('Ctrl Pts',(-57.5301018948024,66.3229527686213,542.559016809991));
#3670=CARTESIAN_POINT('Ctrl Pts',(-57.1415375322421,66.9048294533918,355.35901680999));
#3671=CARTESIAN_POINT('Ctrl Pts',(-57.1415375322421,66.9048294533834,542.559016809992));
#3672=CARTESIAN_POINT('Ctrl Pts',(-56.7606493285186,67.4954124591109,355.35901680999));
#3673=CARTESIAN_POINT('Ctrl Pts',(-56.7606493285186,67.4954124591025,542.559016809992));
#3674=CARTESIAN_POINT('Ctrl Pts',(-56.3876831911675,68.0945573749804,355.35901680999));
#3675=CARTESIAN_POINT('Ctrl Pts',(-56.3876831911675,68.094557374972,542.559016809992));
#3676=CARTESIAN_POINT('Ctrl Pts',(-56.0147139647336,68.6937072532528,355.35901680999));
#3677=CARTESIAN_POINT('Ctrl Pts',(-56.0147139647336,68.6937072532444,542.559016809992));
#3678=CARTESIAN_POINT('Ctrl Pts',(-55.6496760572489,69.3014044974131,355.35901680999));
#3679=CARTESIAN_POINT('Ctrl Pts',(-55.6496760572489,69.3014044974047,542.559016809992));
#3680=CARTESIAN_POINT('Ctrl Pts',(-55.2927991069589,69.9174605781652,355.35901680999));
#3681=CARTESIAN_POINT('Ctrl Pts',(-55.2927991069589,69.9174605781568,542.559016809992));
#3682=CARTESIAN_POINT('Ctrl Pts',(-54.935924381507,70.5335128183076,355.35901680999));
#3683=CARTESIAN_POINT('Ctrl Pts',(-54.935924381507,70.5335128182992,542.559016809992));
#3684=CARTESIAN_POINT('Ctrl Pts',(-54.5872114731415,71.1579221246292,355.35901680999));
#3685=CARTESIAN_POINT('Ctrl Pts',(-54.5872114731415,71.1579221246208,542.559016809992));
#3686=CARTESIAN_POINT('Ctrl Pts',(-54.2468948680481,71.790484438036,355.35901680999));
#3687=CARTESIAN_POINT('Ctrl Pts',(-54.2468948680481,71.7904844380276,542.559016809992));
#3688=CARTESIAN_POINT('Ctrl Pts',(-53.9065853245269,72.4230336257698,355.35901680999));
#3689=CARTESIAN_POINT('Ctrl Pts',(-53.9065853245269,72.4230336257614,542.559016809992));
#3690=CARTESIAN_POINT('Ctrl Pts',(-53.5746787859986,73.063722350446,355.35901680999));
#3691=CARTESIAN_POINT('Ctrl Pts',(-53.5746787859986,73.0637223504376,542.559016809992));
#3692=CARTESIAN_POINT('Ctrl Pts',(-53.2513946314585,73.7123064013142,355.35901680999));
#3693=CARTESIAN_POINT('Ctrl Pts',(-53.2513946314585,73.7123064013058,542.559016809992));
#3694=CARTESIAN_POINT('Ctrl Pts',(-53.0607760217267,74.0947321661853,355.35901680999));
#3695=CARTESIAN_POINT('Ctrl Pts',(-53.0607760217267,74.0947321661769,542.559016809992));
#3696=CARTESIAN_POINT('Ctrl Pts',(-52.8731587612472,74.4798955839046,355.35901680999));
#3697=CARTESIAN_POINT('Ctrl Pts',(-52.8731587612472,74.4798955838962,542.559016809992));
#3698=CARTESIAN_POINT('Ctrl Pts',(-52.688581396104,74.8677357243961,355.35901680999));
#3699=CARTESIAN_POINT('Ctrl Pts',(-52.688581396104,74.8677357243877,542.559016809992));
#3700=CARTESIAN_POINT('Ctrl Pts',(-52.5601331610986,75.137635457073,355.35901680999));
#3701=CARTESIAN_POINT('Ctrl Pts',(-52.5601331610986,75.1376354570646,542.559016809992));
#3702=CARTESIAN_POINT('Ctrl Pts',(-52.4331551962423,75.4088241221857,355.35901680999));
#3703=CARTESIAN_POINT('Ctrl Pts',(-52.4331551962423,75.4088241221773,542.559016809992));
#3704=CARTESIAN_POINT('Ctrl Pts',(-52.3076602881676,75.6812813969649,355.35901680999));
#3705=CARTESIAN_POINT('Ctrl Pts',(-52.3076602881676,75.6812813969565,542.559016809992));
#3706=CARTESIAN_POINT('Ctrl Pts',(-52.0018261518806,76.3452663871574,355.35901680999));
#3707=CARTESIAN_POINT('Ctrl Pts',(-52.0018261518806,76.345266387149,542.559016809992));
#3708=CARTESIAN_POINT('Ctrl Pts',(-51.7048133823081,77.016756364682,355.35901680999));
#3709=CARTESIAN_POINT('Ctrl Pts',(-51.7048133823081,77.0167563646736,542.559016809992));
#3710=CARTESIAN_POINT('Ctrl Pts',(-51.4167575484913,77.6953945494934,355.35901680999));
#3711=CARTESIAN_POINT('Ctrl Pts',(-51.4167575484913,77.695394549485,542.559016809992));
#3712=CARTESIAN_POINT('Ctrl Pts',(-51.1286920574594,78.3740554859872,355.35901680999));
#3713=CARTESIAN_POINT('Ctrl Pts',(-51.1286920574594,78.3740554859788,542.559016809992));
#3714=CARTESIAN_POINT('Ctrl Pts',(-50.8495826375809,79.0598685881572,355.35901680999));
#3715=CARTESIAN_POINT('Ctrl Pts',(-50.8495826375809,79.0598685881488,542.559016809992));
#3716=CARTESIAN_POINT('Ctrl Pts',(-50.5795752690402,79.7524798498005,355.35901680999));
#3717=CARTESIAN_POINT('Ctrl Pts',(-50.5795752690402,79.7524798497921,542.559016809992));
#3718=CARTESIAN_POINT('Ctrl Pts',(-50.3095663186727,80.4450951690778,355.35901680999));
#3719=CARTESIAN_POINT('Ctrl Pts',(-50.3095663186727,80.4450951690694,542.559016809992));
#3720=CARTESIAN_POINT('Ctrl Pts',(-50.048657823624,81.1445131224418,355.35901680999));
#3721=CARTESIAN_POINT('Ctrl Pts',(-50.048657823624,81.1445131224334,542.559016809992));
#3722=CARTESIAN_POINT('Ctrl Pts',(-49.7970086369446,81.8503816971441,355.35901680999));
#3723=CARTESIAN_POINT('Ctrl Pts',(-49.7970086369446,81.8503816971357,542.559016809992));
#3724=CARTESIAN_POINT('Ctrl Pts',(-49.54536493847,82.5562348775934,355.35901680999));
#3725=CARTESIAN_POINT('Ctrl Pts',(-49.54536493847,82.556234877585,542.559016809992));
#3726=CARTESIAN_POINT('Ctrl Pts',(-49.3029806850678,83.2685368899639,355.35901680999));
#3727=CARTESIAN_POINT('Ctrl Pts',(-49.3029806850678,83.2685368899555,542.559016809992));
#3728=CARTESIAN_POINT('Ctrl Pts',(-49.0700174583401,83.9869224912017,355.35901680999));
#3729=CARTESIAN_POINT('Ctrl Pts',(-49.0700174583401,83.9869224911933,542.559016809992));
#3730=CARTESIAN_POINT('Ctrl Pts',(-48.8370657566225,84.7052725529192,355.35901680999));
#3731=CARTESIAN_POINT('Ctrl Pts',(-48.8370657566225,84.7052725529108,542.559016809992));
#3732=CARTESIAN_POINT('Ctrl Pts',(-48.6135410582101,85.4296842565055,355.35901680999));
#3733=CARTESIAN_POINT('Ctrl Pts',(-48.6135410582101,85.4296842564971,542.559016809992));
#3734=CARTESIAN_POINT('Ctrl Pts',(-48.3995684252737,86.1597420608189,355.35901680999));
#3735=CARTESIAN_POINT('Ctrl Pts',(-48.3995684252737,86.1597420608105,542.559016809992));
#3736=CARTESIAN_POINT('Ctrl Pts',(-48.3154464073169,86.4467597736974,355.35901680999));
#3737=CARTESIAN_POINT('Ctrl Pts',(-48.3154464073169,86.446759773689,542.559016809992));
#3738=CARTESIAN_POINT('Ctrl Pts',(-48.2328017943911,86.7346467596713,355.35901680999));
#3739=CARTESIAN_POINT('Ctrl Pts',(-48.2328017943911,86.7346467596629,542.559016809992));
#3740=CARTESIAN_POINT('Ctrl Pts',(-48.1516395700799,87.0233753823561,355.35901680999));
#3741=CARTESIAN_POINT('Ctrl Pts',(-48.1516395700799,87.0233753823477,542.559016809992));
#3742=CARTESIAN_POINT('Ctrl Pts',(-48.1457290695695,87.0444015516883,355.35901680999));
#3743=CARTESIAN_POINT('Ctrl Pts',(-48.1457290695695,87.0444015516799,542.559016809992));
#3744=CARTESIAN_POINT('Ctrl Pts',(-48.1398264233566,87.0654321595431,355.35901680999));
#3745=CARTESIAN_POINT('Ctrl Pts',(-48.1398264233566,87.0654321595347,542.559016809992));
#3746=CARTESIAN_POINT('Ctrl Pts',(-48.1339316337103,87.0864671944761,355.35901680999));
#3747=CARTESIAN_POINT('Ctrl Pts',(-48.1339316337103,87.0864671944677,542.559016809992));
#3748=CARTESIAN_POINT('',(-58.5373447811459,64.8581834499854,355.359016809989));
#3749=CARTESIAN_POINT('Origin',(-58.5761689723824,64.8072411145759,355.359016809989));
#3750=CARTESIAN_POINT('',(-58.5761689723824,64.8072411145759,355.359016809989));
#3751=CARTESIAN_POINT('Origin',(-61.3038912351455,61.2288553536844,355.359016809989));
#3752=CARTESIAN_POINT('Origin',(-62.5656356897992,163.732608211358,430.359016809994));
#3753=CARTESIAN_POINT('',(-62.5656356897992,163.732608211358,430.359016809994));
#3754=CARTESIAN_POINT('Origin',(-58.324290175891,57.9038027606778,355.359016809989));
#3755=CARTESIAN_POINT('',(-58.324290175891,57.9038027606778,355.359016809989));
#3756=CARTESIAN_POINT('Ctrl Pts',(-27.1205584874968,0.00385066945988666,
355.359016809987));
#3757=CARTESIAN_POINT('Ctrl Pts',(-27.1205584874968,0.00385066945276275,
513.759016809987));
#3758=CARTESIAN_POINT('Ctrl Pts',(-28.3066942973664,2.73135465848012,355.359016809987));
#3759=CARTESIAN_POINT('Ctrl Pts',(-28.3066942973664,2.731354658473,513.759016809987));
#3760=CARTESIAN_POINT('Ctrl Pts',(-29.4897267862452,5.46834496058843,355.359016809987));
#3761=CARTESIAN_POINT('Ctrl Pts',(-29.4897267862452,5.46834496058131,513.759016809987));
#3762=CARTESIAN_POINT('Ctrl Pts',(-33.1878154117888,13.9619811748855,355.359016809987));
#3763=CARTESIAN_POINT('Ctrl Pts',(-33.1878154117888,13.9619811748784,513.759016809987));
#3764=CARTESIAN_POINT('Ctrl Pts',(-35.7361073586807,19.7316498727041,355.359016809987));
#3765=CARTESIAN_POINT('Ctrl Pts',(-35.7361073586807,19.731649872697,513.759016809987));
#3766=CARTESIAN_POINT('Ctrl Pts',(-39.8257511992241,28.2976182622939,355.359016809988));
#3767=CARTESIAN_POINT('Ctrl Pts',(-39.8257511992241,28.2976182622868,513.759016809988));
#3768=CARTESIAN_POINT('Ctrl Pts',(-41.2339236787175,31.137404580175,355.359016809988));
#3769=CARTESIAN_POINT('Ctrl Pts',(-41.2339236787175,31.1374045801679,513.759016809988));
#3770=CARTESIAN_POINT('Ctrl Pts',(-44.1799499618425,36.7601799732944,355.359016809988));
#3771=CARTESIAN_POINT('Ctrl Pts',(-44.1799499618425,36.7601799732873,513.759016809988));
#3772=CARTESIAN_POINT('Ctrl Pts',(-45.7178996336705,39.5427786347234,355.359016809988));
#3773=CARTESIAN_POINT('Ctrl Pts',(-45.7178996336705,39.5427786347163,513.759016809988));
#3774=CARTESIAN_POINT('Ctrl Pts',(-48.96769398284,45.0137717252649,355.359016809988));
#3775=CARTESIAN_POINT('Ctrl Pts',(-48.96769398284,45.0137717252578,513.759016809988));
#3776=CARTESIAN_POINT('Ctrl Pts',(-50.680227734269,47.7023603476837,355.359016809989));
#3777=CARTESIAN_POINT('Ctrl Pts',(-50.680227734269,47.7023603476766,513.759016809989));
#3778=CARTESIAN_POINT('Ctrl Pts',(-54.3269736864682,52.9334992045424,355.359016809989));
#3779=CARTESIAN_POINT('Ctrl Pts',(-54.3269736864682,52.9334992045353,513.759016809989));
#3780=CARTESIAN_POINT('Ctrl Pts',(-56.2608032686222,55.4743924237417,355.359016809989));
#3781=CARTESIAN_POINT('Ctrl Pts',(-56.2608032686222,55.4743924237346,513.759016809989));
#3782=CARTESIAN_POINT('Ctrl Pts',(-58.324290175891,57.9038027606767,355.359016809989));
#3783=CARTESIAN_POINT('Ctrl Pts',(-58.324290175891,57.9038027606696,513.759016809989));
#3784=CARTESIAN_POINT('Origin',(62.7988997411647,163.732608211358,430.359016809994));
#3785=CARTESIAN_POINT('',(62.7988997411647,163.732608211358,430.359016809994));
#3786=CARTESIAN_POINT('Origin',(62.7993656536236,163.733170165647,430.359016809994));
#3787=CARTESIAN_POINT('',(62.7993656536236,163.733170165647,430.359016809994));
#3788=CARTESIAN_POINT('Origin',(62.7985458478264,157.959215463414,430.359016809994));
#3789=CARTESIAN_POINT('Origin',(-17.8145336442249,144.952080782737,438.97233246185));
#3790=CARTESIAN_POINT('',(-17.8145336442249,144.952080782737,438.97233246185));
#3791=CARTESIAN_POINT('',(-17.8145336442249,144.952080782737,438.972332461851));
#3792=CARTESIAN_POINT('',(-17.8140206133404,148.565396398176,435.35901680999));
#3793=CARTESIAN_POINT('',(-17.8139257377658,149.233612299665,434.690800901766));
#3794=CARTESIAN_POINT('',(-8.84730314239456,148.56412327302,435.359016809993));
#3795=CARTESIAN_POINT('Origin',(-17.8138308621913,149.901828201151,443.922079930157));
#3796=CARTESIAN_POINT('',(-17.8150366353661,141.409475844706,435.429727488112));
#3797=CARTESIAN_POINT('',(-17.8150366353661,141.409475844706,435.429727488111));
#3798=CARTESIAN_POINT('',(-17.8138308621913,149.90182820115,443.922079930156));
#3799=CARTESIAN_POINT('',(21.1857621350974,147.032508413149,441.058297466351));
#3800=CARTESIAN_POINT('Origin',(21.1861787844459,149.967001525493,443.851369252037));
#3801=CARTESIAN_POINT('Origin',(-17.8150265956228,141.480186522112,435.359016809993));
#3802=CARTESIAN_POINT('',(-17.8150265956228,141.480186522112,435.359016809993));
#3803=CARTESIAN_POINT('',(-8.84830912467696,141.478913396959,435.359016809993));
#3804=CARTESIAN_POINT('',(-17.8150265956228,141.480186522112,435.359016809993));
#3805=CARTESIAN_POINT('Origin',(0.109589354918729,79.3648121392685,435.35901680999));
#3806=CARTESIAN_POINT('',(-17.818230318123,118.916124812291,435.359016809992));
#3807=CARTESIAN_POINT('Origin',(-17.8126150492732,158.464891235008,435.359016809986));
#3808=CARTESIAN_POINT('',(0.,0.,0.));
#3809=CARTESIAN_POINT('',(0.,0.,0.));
#3810=CARTESIAN_POINT('',(0.,0.,0.));
#3811=CARTESIAN_POINT('',(0.11794511774212,1896.47973957089,99.9894734575228));
#3812=CARTESIAN_POINT('',(1.73472347597681E-17,-1900.,-100.));
#3813=CARTESIAN_POINT('',(-0.132609359958487,-0.481055702443793,-231.178057685779));
#3814=CARTESIAN_POINT('',(-0.132609359958611,-0.481055702457453,-1.17849817301715));
#3815=CARTESIAN_POINT('',(0.132609209771868,0.479997926059923,1.17849817301716));
#3816=UNCERTAINTY_MEASURE_WITH_UNIT(LENGTH_MEASURE(0.01),#3830,
'DISTANCE_ACCURACY_VALUE',
'Maximum model space distance between geometric entities at asserted c
onnectivities');
#3817=UNCERTAINTY_MEASURE_WITH_UNIT(LENGTH_MEASURE(0.01),#3830,
'DISTANCE_ACCURACY_VALUE',
'Maximum model space distance between geometric entities at asserted c
onnectivities');
#3818=UNCERTAINTY_MEASURE_WITH_UNIT(LENGTH_MEASURE(0.01),#3830,
'DISTANCE_ACCURACY_VALUE',
'Maximum model space distance between geometric entities at asserted c
onnectivities');
#3819=UNCERTAINTY_MEASURE_WITH_UNIT(LENGTH_MEASURE(0.01),#3830,
'DISTANCE_ACCURACY_VALUE',
'Maximum model space distance between geometric entities at asserted c
onnectivities');
#3820=UNCERTAINTY_MEASURE_WITH_UNIT(LENGTH_MEASURE(0.01),#3830,
'DISTANCE_ACCURACY_VALUE',
'Maximum model space distance between geometric entities at asserted c
onnectivities');
#3821=UNCERTAINTY_MEASURE_WITH_UNIT(LENGTH_MEASURE(0.01),#3830,
'DISTANCE_ACCURACY_VALUE',
'Maximum model space distance between geometric entities at asserted c
onnectivities');
#3822=UNCERTAINTY_MEASURE_WITH_UNIT(LENGTH_MEASURE(0.01),#3830,
'DISTANCE_ACCURACY_VALUE',
'Maximum model space distance between geometric entities at asserted c
onnectivities');
#3823=(
GEOMETRIC_REPRESENTATION_CONTEXT(3)
GLOBAL_UNCERTAINTY_ASSIGNED_CONTEXT((#3816))
GLOBAL_UNIT_ASSIGNED_CONTEXT((#3830,#3832,#3833))
REPRESENTATION_CONTEXT('','3D')
);
#3824=(
GEOMETRIC_REPRESENTATION_CONTEXT(3)
GLOBAL_UNCERTAINTY_ASSIGNED_CONTEXT((#3817))
GLOBAL_UNIT_ASSIGNED_CONTEXT((#3830,#3832,#3833))
REPRESENTATION_CONTEXT('','3D')
);
#3825=(
GEOMETRIC_REPRESENTATION_CONTEXT(3)
GLOBAL_UNCERTAINTY_ASSIGNED_CONTEXT((#3818))
GLOBAL_UNIT_ASSIGNED_CONTEXT((#3830,#3832,#3833))
REPRESENTATION_CONTEXT('','3D')
);
#3826=(
GEOMETRIC_REPRESENTATION_CONTEXT(3)
GLOBAL_UNCERTAINTY_ASSIGNED_CONTEXT((#3819))
GLOBAL_UNIT_ASSIGNED_CONTEXT((#3830,#3832,#3833))
REPRESENTATION_CONTEXT('','3D')
);
#3827=(
GEOMETRIC_REPRESENTATION_CONTEXT(3)
GLOBAL_UNCERTAINTY_ASSIGNED_CONTEXT((#3820))
GLOBAL_UNIT_ASSIGNED_CONTEXT((#3830,#3832,#3833))
REPRESENTATION_CONTEXT('','3D')
);
#3828=(
GEOMETRIC_REPRESENTATION_CONTEXT(3)
GLOBAL_UNCERTAINTY_ASSIGNED_CONTEXT((#3821))
GLOBAL_UNIT_ASSIGNED_CONTEXT((#3830,#3832,#3833))
REPRESENTATION_CONTEXT('','3D')
);
#3829=(
GEOMETRIC_REPRESENTATION_CONTEXT(3)
GLOBAL_UNCERTAINTY_ASSIGNED_CONTEXT((#3822))
GLOBAL_UNIT_ASSIGNED_CONTEXT((#3830,#3832,#3833))
REPRESENTATION_CONTEXT('','3D')
);
#3830=(
LENGTH_UNIT()
NAMED_UNIT(*)
SI_UNIT(.MILLI.,.METRE.)
);
#3831=(
LENGTH_UNIT()
NAMED_UNIT(*)
SI_UNIT($,.METRE.)
);
#3832=(
NAMED_UNIT(*)
PLANE_ANGLE_UNIT()
SI_UNIT($,.RADIAN.)
);
#3833=(
NAMED_UNIT(*)
SI_UNIT($,.STERADIAN.)
SOLID_ANGLE_UNIT()
);
#3834=SHAPE_DEFINITION_REPRESENTATION(#3840,#3851);
#3835=SHAPE_DEFINITION_REPRESENTATION(#3841,#3852);
#3836=SHAPE_DEFINITION_REPRESENTATION(#3842,#3853);
#3837=SHAPE_DEFINITION_REPRESENTATION(#3843,#3854);
#3838=SHAPE_DEFINITION_REPRESENTATION(#3844,#3855);
#3839=SHAPE_DEFINITION_REPRESENTATION(#3845,#3856);
#3840=PRODUCT_DEFINITION_SHAPE('',$,#3858);
#3841=PRODUCT_DEFINITION_SHAPE('',$,#3859);
#3842=PRODUCT_DEFINITION_SHAPE('',$,#3860);
#3843=PRODUCT_DEFINITION_SHAPE('',$,#3861);
#3844=PRODUCT_DEFINITION_SHAPE('',$,#3862);
#3845=PRODUCT_DEFINITION_SHAPE('',$,#3863);
#3846=PRODUCT_DEFINITION_SHAPE($,$,#26);
#3847=PRODUCT_DEFINITION_SHAPE($,$,#27);
#3848=PRODUCT_DEFINITION_SHAPE($,$,#28);
#3849=PRODUCT_DEFINITION_SHAPE($,$,#29);
#3850=PRODUCT_DEFINITION_SHAPE($,$,#30);
#3851=SHAPE_REPRESENTATION('',(#1857,#2020),#3823);
#3852=SHAPE_REPRESENTATION('',(#1858,#2018,#2019),#3824);
#3853=SHAPE_REPRESENTATION('',(#1859),#3825);
#3854=SHAPE_REPRESENTATION('',(#2013,#2017),#3826);
#3855=SHAPE_REPRESENTATION('',(#2014,#2016),#3827);
#3856=SHAPE_REPRESENTATION('',(#2015),#3828);
#3857=PRODUCT_DEFINITION_CONTEXT('part definition',#3877,'design');
#3858=PRODUCT_DEFINITION('Robot back','Robot Head Design V1 v9',#3864,#3857);
#3859=PRODUCT_DEFINITION('Robot back_1','Robot Head Final v1',#3865,#3857);
#3860=PRODUCT_DEFINITION('Robot back_1_1','Robot Head Lid v1 (1)',#3866,
#3857);
#3861=PRODUCT_DEFINITION('Robot back_2','Robot Head without Dog v1',#3867,
#3857);
#3862=PRODUCT_DEFINITION('Base_Plate_v2','Base_Plate_v2 v9 (1) (1)',#3868,
#3857);
#3863=PRODUCT_DEFINITION('LID','LID v1 (1) (1)',#3869,#3857);
#3864=PRODUCT_DEFINITION_FORMATION('',$,#3879);
#3865=PRODUCT_DEFINITION_FORMATION('',$,#3880);
#3866=PRODUCT_DEFINITION_FORMATION('',$,#3881);
#3867=PRODUCT_DEFINITION_FORMATION('',$,#3882);
#3868=PRODUCT_DEFINITION_FORMATION('',$,#3883);
#3869=PRODUCT_DEFINITION_FORMATION('',$,#3884);
#3870=PRODUCT_RELATED_PRODUCT_CATEGORY('Robot Head Design V1 v9',
'Robot Head Design V1 v9',(#3879));
#3871=PRODUCT_RELATED_PRODUCT_CATEGORY('Robot Head Final v1',
'Robot Head Final v1',(#3880));
#3872=PRODUCT_RELATED_PRODUCT_CATEGORY('Robot Head Lid v1 (1)',
'Robot Head Lid v1 (1)',(#3881));
#3873=PRODUCT_RELATED_PRODUCT_CATEGORY('Robot Head without Dog v1',
'Robot Head without Dog v1',(#3882));
#3874=PRODUCT_RELATED_PRODUCT_CATEGORY('Base_Plate_v2 v9 (1) (1)',
'Base_Plate_v2 v9 (1) (1)',(#3883));
#3875=PRODUCT_RELATED_PRODUCT_CATEGORY('LID v1 (1) (1)',
'LID v1 (1) (1)',(#3884));
#3876=APPLICATION_PROTOCOL_DEFINITION('international standard',
'automotive_design',2009,#3877);
#3877=APPLICATION_CONTEXT(
'Core Data for Automotive Mechanical Design Process');
#3878=PRODUCT_CONTEXT('part definition',#3877,'mechanical');
#3879=PRODUCT('Robot back','Robot Head Design V1 v9','STEP AP203',(#3878));
#3880=PRODUCT('Robot back_1','Robot Head Final v1','STEP AP203',(#3878));
#3881=PRODUCT('Robot back_1_1','Robot Head Lid v1 (1)','STEP AP203',(#3878));
#3882=PRODUCT('Robot back_2','Robot Head without Dog v1','STEP AP203',(#3878));
#3883=PRODUCT('Base_Plate_v2','Base_Plate_v2 v9 (1) (1)','STEP AP203',(#3878));
#3884=PRODUCT('LID','LID v1 (1) (1)','STEP AP203',(#3878));
#3885=PRESENTATION_STYLE_ASSIGNMENT((#3887));
#3886=PRESENTATION_STYLE_ASSIGNMENT((#3888));
#3887=SURFACE_STYLE_USAGE(.BOTH.,#3889);
#3888=SURFACE_STYLE_USAGE(.BOTH.,#3890);
#3889=SURFACE_SIDE_STYLE('',(#3891));
#3890=SURFACE_SIDE_STYLE('',(#3892));
#3891=SURFACE_STYLE_FILL_AREA(#3893);
#3892=SURFACE_STYLE_FILL_AREA(#3894);
#3893=FILL_AREA_STYLE('Steel - Satin',(#3895));
#3894=FILL_AREA_STYLE('Opaque(160,160,160)',(#3896));
#3895=FILL_AREA_STYLE_COLOUR('Steel - Satin',#3897);
#3896=FILL_AREA_STYLE_COLOUR('Opaque(160,160,160)',#3898);
#3897=COLOUR_RGB('Steel - Satin',0.627450980392157,0.627450980392157,0.627450980392157);
#3898=COLOUR_RGB('Opaque(160,160,160)',0.627450980392157,0.627450980392157,
0.627450980392157);
ENDSEC;
END-ISO-10303-21;
