ISO-10303-21;
HEADER;
/* Generated by software containing ST-Developer
 * from STEP Tools, Inc. (www.steptools.com) 
 */

FILE_DESCRIPTION(
/* description */ ('STEP AP203'),
/* implementation_level */ '2;1');

FILE_NAME(
/* name */ 'Front Protection Cap.step',
/* time_stamp */ '2025-12-10T20:20:06+01:00',
/* author */ (''),
/* organization */ (''),
/* preprocessor_version */ 'ST-DEVELOPER v20.1',
/* originating_system */ 'Autodesk Translation Framework v14.21.0.0',
/* authorisation */ '');

FILE_SCHEMA (('AUTOMOTIVE_DESIGN { 1 0 10303 214 3 1 1 }'));
ENDSEC;

DATA;
#10=MECHANICAL_DESIGN_GEOMETRIC_PRESENTATION_REPRESENTATION('',(#13),#1763);
#11=SHAPE_REPRESENTATION_RELATIONSHIP('SRR','None',#1788,#12);
#12=ADVANCED_BREP_SHAPE_REPRESENTATION('',(#14),#1760);
#13=STYLED_ITEM('',(#1820),#14);
#14=MANIFOLD_SOLID_BREP('Front Cap',#941);
#15=B_SPLINE_SURFACE_WITH_KNOTS('',3,1,((#1624,#1625),(#1626,#1627),(#1628,
#1629),(#1630,#1631),(#1632,#1633),(#1634,#1635),(#1636,#1637),(#1638,#1639),
(#1640,#1641),(#1642,#1643),(#1644,#1645),(#1646,#1647),(#1648,#1649)),
 .UNSPECIFIED.,.F.,.F.,.F.,(4,3,2,2,2,4),(2,2),(-1.49903524014468,-1.48386664783331,
-1.32712407369886,-1.13875872296266,-0.949720079967153,-0.760681436971645),
(0.,9.89999999999998),.UNSPECIFIED.);
#16=ELLIPSE('',#1030,7.07106781186548,5.);
#17=ELLIPSE('',#1033,7.07106781186546,5.);
#18=B_SPLINE_CURVE_WITH_KNOTS('',3,(#1453,#1454,#1455,#1456,#1457,#1458,
#1459,#1460,#1461,#1462,#1463,#1464,#1465,#1466,#1467,#1468),
 .UNSPECIFIED.,.F.,.F.,(4,3,3,3,3,4),(0.,0.122220494266732,0.244440988533477,
0.366226174381718,0.467566062246919,0.477373119789098),.UNSPECIFIED.);
#19=B_SPLINE_CURVE_WITH_KNOTS('',3,(#1535,#1536,#1537,#1538,#1539,#1540,
#1541,#1542,#1543,#1544,#1545,#1546),.UNSPECIFIED.,.F.,.F.,(4,2,2,2,2,4),
(0.760681436971645,0.949720079967153,1.13875872296266,1.32712407369886,
1.48386664783331,1.49903524014468),.UNSPECIFIED.);
#20=LINE('',#1431,#97);
#21=LINE('',#1435,#98);
#22=LINE('',#1439,#99);
#23=LINE('',#1443,#100);
#24=LINE('',#1447,#101);
#25=LINE('',#1449,#102);
#26=LINE('',#1451,#103);
#27=LINE('',#1472,#104);
#28=LINE('',#1476,#105);
#29=LINE('',#1480,#106);
#30=LINE('',#1481,#107);
#31=LINE('',#1488,#108);
#32=LINE('',#1494,#109);
#33=LINE('',#1500,#110);
#34=LINE('',#1503,#111);
#35=LINE('',#1512,#112);
#36=LINE('',#1514,#113);
#37=LINE('',#1515,#114);
#38=LINE('',#1521,#115);
#39=LINE('',#1524,#116);
#40=LINE('',#1527,#117);
#41=LINE('',#1547,#118);
#42=LINE('',#1553,#119);
#43=LINE('',#1554,#120);
#44=LINE('',#1557,#121);
#45=LINE('',#1558,#122);
#46=LINE('',#1562,#123);
#47=LINE('',#1565,#124);
#48=LINE('',#1569,#125);
#49=LINE('',#1573,#126);
#50=LINE('',#1574,#127);
#51=LINE('',#1577,#128);
#52=LINE('',#1580,#129);
#53=LINE('',#1583,#130);
#54=LINE('',#1585,#131);
#55=LINE('',#1586,#132);
#56=LINE('',#1589,#133);
#57=LINE('',#1592,#134);
#58=LINE('',#1600,#135);
#59=LINE('',#1604,#136);
#60=LINE('',#1605,#137);
#61=LINE('',#1607,#138);
#62=LINE('',#1608,#139);
#63=LINE('',#1611,#140);
#64=LINE('',#1617,#141);
#65=LINE('',#1620,#142);
#66=LINE('',#1622,#143);
#67=LINE('',#1623,#144);
#68=LINE('',#1650,#145);
#69=LINE('',#1654,#146);
#70=LINE('',#1658,#147);
#71=LINE('',#1664,#148);
#72=LINE('',#1668,#149);
#73=LINE('',#1670,#150);
#74=LINE('',#1674,#151);
#75=LINE('',#1678,#152);
#76=LINE('',#1679,#153);
#77=LINE('',#1682,#154);
#78=LINE('',#1684,#155);
#79=LINE('',#1688,#156);
#80=LINE('',#1699,#157);
#81=LINE('',#1703,#158);
#82=LINE('',#1704,#159);
#83=LINE('',#1707,#160);
#84=LINE('',#1714,#161);
#85=LINE('',#1716,#162);
#86=LINE('',#1718,#163);
#87=LINE('',#1721,#164);
#88=LINE('',#1724,#165);
#89=LINE('',#1726,#166);
#90=LINE('',#1728,#167);
#91=LINE('',#1729,#168);
#92=LINE('',#1731,#169);
#93=LINE('',#1732,#170);
#94=LINE('',#1736,#171);
#95=LINE('',#1739,#172);
#96=LINE('',#1745,#173);
#97=VECTOR('',#1127,3.00000000000001);
#98=VECTOR('',#1132,1.44999999999999);
#99=VECTOR('',#1135,10.);
#100=VECTOR('',#1138,10.);
#101=VECTOR('',#1141,10.);
#102=VECTOR('',#1142,10.);
#103=VECTOR('',#1143,10.);
#104=VECTOR('',#1146,10.);
#105=VECTOR('',#1149,10.);
#106=VECTOR('',#1152,10.);
#107=VECTOR('',#1153,10.);
#108=VECTOR('',#1160,3.00000000000001);
#109=VECTOR('',#1169,1.44999999999999);
#110=VECTOR('',#1174,10.);
#111=VECTOR('',#1177,10.);
#112=VECTOR('',#1186,10.);
#113=VECTOR('',#1187,10.);
#114=VECTOR('',#1188,10.);
#115=VECTOR('',#1195,10.);
#116=VECTOR('',#1198,10.);
#117=VECTOR('',#1201,10.);
#118=VECTOR('',#1210,10.);
#119=VECTOR('',#1217,10.);
#120=VECTOR('',#1218,10.);
#121=VECTOR('',#1221,10.);
#122=VECTOR('',#1222,10.);
#123=VECTOR('',#1227,10.);
#124=VECTOR('',#1230,10.);
#125=VECTOR('',#1233,10.);
#126=VECTOR('',#1236,10.);
#127=VECTOR('',#1237,10.);
#128=VECTOR('',#1240,10.);
#129=VECTOR('',#1243,10.);
#130=VECTOR('',#1246,10.);
#131=VECTOR('',#1247,10.);
#132=VECTOR('',#1248,10.);
#133=VECTOR('',#1251,10.);
#134=VECTOR('',#1254,10.);
#135=VECTOR('',#1265,10.);
#136=VECTOR('',#1268,10.);
#137=VECTOR('',#1269,10.);
#138=VECTOR('',#1270,10.);
#139=VECTOR('',#1271,10.);
#140=VECTOR('',#1274,10.);
#141=VECTOR('',#1283,10.);
#142=VECTOR('',#1286,10.);
#143=VECTOR('',#1289,10.);
#144=VECTOR('',#1290,10.);
#145=VECTOR('',#1291,10.);
#146=VECTOR('',#1296,10.);
#147=VECTOR('',#1299,10.);
#148=VECTOR('',#1304,10.);
#149=VECTOR('',#1309,10.);
#150=VECTOR('',#1310,10.);
#151=VECTOR('',#1313,10.);
#152=VECTOR('',#1318,10.);
#153=VECTOR('',#1319,10.);
#154=VECTOR('',#1322,10.);
#155=VECTOR('',#1323,10.);
#156=VECTOR('',#1326,10.);
#157=VECTOR('',#1341,10.);
#158=VECTOR('',#1348,10.);
#159=VECTOR('',#1349,10.);
#160=VECTOR('',#1352,10.);
#161=VECTOR('',#1361,10.);
#162=VECTOR('',#1364,10.);
#163=VECTOR('',#1367,10.);
#164=VECTOR('',#1370,14.5);
#165=VECTOR('',#1375,10.);
#166=VECTOR('',#1378,10.);
#167=VECTOR('',#1381,10.);
#168=VECTOR('',#1382,10.);
#169=VECTOR('',#1385,10.);
#170=VECTOR('',#1386,10.);
#171=VECTOR('',#1393,10.);
#172=VECTOR('',#1398,10.);
#173=VECTOR('',#1407,11.);
#174=CYLINDRICAL_SURFACE('',#995,3.00000000000001);
#175=CYLINDRICAL_SURFACE('',#997,1.44999999999999);
#176=CYLINDRICAL_SURFACE('',#1006,3.00000000000001);
#177=CYLINDRICAL_SURFACE('',#1011,1.44999999999999);
#178=CYLINDRICAL_SURFACE('',#1012,2.);
#179=CYLINDRICAL_SURFACE('',#1020,53.1310981282546);
#180=CYLINDRICAL_SURFACE('',#1022,2.);
#181=CYLINDRICAL_SURFACE('',#1028,53.1310684973179);
#182=CYLINDRICAL_SURFACE('',#1029,5.);
#183=CYLINDRICAL_SURFACE('',#1032,5.);
#184=CYLINDRICAL_SURFACE('',#1037,5.);
#185=CYLINDRICAL_SURFACE('',#1040,5.);
#186=CYLINDRICAL_SURFACE('',#1042,5.);
#187=CYLINDRICAL_SURFACE('',#1048,37.8343556449415);
#188=CYLINDRICAL_SURFACE('',#1052,37.8343556449416);
#189=CYLINDRICAL_SURFACE('',#1054,37.8343556449458);
#190=CYLINDRICAL_SURFACE('',#1055,37.8343556449417);
#191=CYLINDRICAL_SURFACE('',#1057,36.0858901566285);
#192=CYLINDRICAL_SURFACE('',#1073,35.5118041181305);
#193=CYLINDRICAL_SURFACE('',#1084,14.5);
#194=CYLINDRICAL_SURFACE('',#1090,10.);
#195=CYLINDRICAL_SURFACE('',#1091,10.);
#196=CYLINDRICAL_SURFACE('',#1093,5.);
#197=CYLINDRICAL_SURFACE('',#1095,5.);
#198=CYLINDRICAL_SURFACE('',#1098,11.);
#199=FACE_BOUND('',#261,.T.);
#200=FACE_BOUND('',#265,.T.);
#201=FACE_BOUND('',#266,.T.);
#202=FACE_BOUND('',#269,.T.);
#203=FACE_BOUND('',#273,.T.);
#204=FACE_BOUND('',#274,.T.);
#205=FACE_BOUND('',#275,.T.);
#206=FACE_BOUND('',#319,.T.);
#207=FACE_OUTER_BOUND('',#260,.T.);
#208=FACE_OUTER_BOUND('',#262,.T.);
#209=FACE_OUTER_BOUND('',#263,.T.);
#210=FACE_OUTER_BOUND('',#264,.T.);
#211=FACE_OUTER_BOUND('',#267,.T.);
#212=FACE_OUTER_BOUND('',#268,.T.);
#213=FACE_OUTER_BOUND('',#270,.T.);
#214=FACE_OUTER_BOUND('',#271,.T.);
#215=FACE_OUTER_BOUND('',#272,.T.);
#216=FACE_OUTER_BOUND('',#276,.T.);
#217=FACE_OUTER_BOUND('',#277,.T.);
#218=FACE_OUTER_BOUND('',#278,.T.);
#219=FACE_OUTER_BOUND('',#279,.T.);
#220=FACE_OUTER_BOUND('',#280,.T.);
#221=FACE_OUTER_BOUND('',#281,.T.);
#222=FACE_OUTER_BOUND('',#282,.T.);
#223=FACE_OUTER_BOUND('',#283,.T.);
#224=FACE_OUTER_BOUND('',#284,.T.);
#225=FACE_OUTER_BOUND('',#285,.T.);
#226=FACE_OUTER_BOUND('',#286,.T.);
#227=FACE_OUTER_BOUND('',#287,.T.);
#228=FACE_OUTER_BOUND('',#288,.T.);
#229=FACE_OUTER_BOUND('',#289,.T.);
#230=FACE_OUTER_BOUND('',#290,.T.);
#231=FACE_OUTER_BOUND('',#291,.T.);
#232=FACE_OUTER_BOUND('',#292,.T.);
#233=FACE_OUTER_BOUND('',#293,.T.);
#234=FACE_OUTER_BOUND('',#294,.T.);
#235=FACE_OUTER_BOUND('',#295,.T.);
#236=FACE_OUTER_BOUND('',#296,.T.);
#237=FACE_OUTER_BOUND('',#297,.T.);
#238=FACE_OUTER_BOUND('',#298,.T.);
#239=FACE_OUTER_BOUND('',#299,.T.);
#240=FACE_OUTER_BOUND('',#300,.T.);
#241=FACE_OUTER_BOUND('',#301,.T.);
#242=FACE_OUTER_BOUND('',#302,.T.);
#243=FACE_OUTER_BOUND('',#303,.T.);
#244=FACE_OUTER_BOUND('',#304,.T.);
#245=FACE_OUTER_BOUND('',#305,.T.);
#246=FACE_OUTER_BOUND('',#306,.T.);
#247=FACE_OUTER_BOUND('',#307,.T.);
#248=FACE_OUTER_BOUND('',#308,.T.);
#249=FACE_OUTER_BOUND('',#309,.T.);
#250=FACE_OUTER_BOUND('',#310,.T.);
#251=FACE_OUTER_BOUND('',#311,.T.);
#252=FACE_OUTER_BOUND('',#312,.T.);
#253=FACE_OUTER_BOUND('',#313,.T.);
#254=FACE_OUTER_BOUND('',#314,.T.);
#255=FACE_OUTER_BOUND('',#315,.T.);
#256=FACE_OUTER_BOUND('',#316,.T.);
#257=FACE_OUTER_BOUND('',#317,.T.);
#258=FACE_OUTER_BOUND('',#318,.T.);
#259=FACE_OUTER_BOUND('',#320,.T.);
#260=EDGE_LOOP('',(#593));
#261=EDGE_LOOP('',(#594));
#262=EDGE_LOOP('',(#595,#596,#597,#598));
#263=EDGE_LOOP('',(#599,#600,#601,#602));
#264=EDGE_LOOP('',(#603,#604,#605,#606,#607,#608,#609,#610,#611,#612,#613,
#614,#615,#616,#617));
#265=EDGE_LOOP('',(#618));
#266=EDGE_LOOP('',(#619));
#267=EDGE_LOOP('',(#620,#621,#622,#623));
#268=EDGE_LOOP('',(#624));
#269=EDGE_LOOP('',(#625));
#270=EDGE_LOOP('',(#626,#627,#628,#629));
#271=EDGE_LOOP('',(#630,#631,#632,#633));
#272=EDGE_LOOP('',(#634,#635,#636,#637,#638,#639,#640));
#273=EDGE_LOOP('',(#641));
#274=EDGE_LOOP('',(#642));
#275=EDGE_LOOP('',(#643));
#276=EDGE_LOOP('',(#644,#645,#646,#647));
#277=EDGE_LOOP('',(#648,#649,#650,#651));
#278=EDGE_LOOP('',(#652,#653,#654,#655,#656,#657));
#279=EDGE_LOOP('',(#658,#659,#660,#661));
#280=EDGE_LOOP('',(#662,#663,#664,#665));
#281=EDGE_LOOP('',(#666,#667,#668,#669));
#282=EDGE_LOOP('',(#670,#671,#672,#673));
#283=EDGE_LOOP('',(#674,#675,#676,#677,#678,#679,#680,#681));
#284=EDGE_LOOP('',(#682,#683,#684,#685));
#285=EDGE_LOOP('',(#686,#687,#688,#689));
#286=EDGE_LOOP('',(#690,#691,#692,#693));
#287=EDGE_LOOP('',(#694,#695,#696,#697,#698,#699));
#288=EDGE_LOOP('',(#700,#701,#702,#703,#704,#705,#706,#707,#708,#709,#710,
#711,#712));
#289=EDGE_LOOP('',(#713,#714,#715,#716));
#290=EDGE_LOOP('',(#717,#718,#719,#720,#721));
#291=EDGE_LOOP('',(#722,#723,#724,#725));
#292=EDGE_LOOP('',(#726,#727,#728,#729));
#293=EDGE_LOOP('',(#730,#731,#732,#733));
#294=EDGE_LOOP('',(#734,#735,#736,#737));
#295=EDGE_LOOP('',(#738,#739,#740,#741,#742));
#296=EDGE_LOOP('',(#743,#744,#745,#746,#747,#748,#749,#750));
#297=EDGE_LOOP('',(#751,#752,#753,#754));
#298=EDGE_LOOP('',(#755,#756,#757,#758,#759,#760,#761,#762,#763,#764,#765,
#766,#767));
#299=EDGE_LOOP('',(#768,#769));
#300=EDGE_LOOP('',(#770,#771));
#301=EDGE_LOOP('',(#772,#773,#774,#775,#776));
#302=EDGE_LOOP('',(#777,#778,#779,#780,#781,#782));
#303=EDGE_LOOP('',(#783,#784,#785));
#304=EDGE_LOOP('',(#786,#787,#788,#789));
#305=EDGE_LOOP('',(#790,#791,#792,#793,#794,#795,#796));
#306=EDGE_LOOP('',(#797,#798,#799,#800,#801,#802,#803));
#307=EDGE_LOOP('',(#804,#805,#806,#807,#808,#809,#810,#811,#812,#813,#814));
#308=EDGE_LOOP('',(#815,#816,#817,#818));
#309=EDGE_LOOP('',(#819,#820,#821,#822));
#310=EDGE_LOOP('',(#823,#824,#825,#826));
#311=EDGE_LOOP('',(#827,#828,#829,#830));
#312=EDGE_LOOP('',(#831,#832,#833,#834));
#313=EDGE_LOOP('',(#835,#836,#837,#838));
#314=EDGE_LOOP('',(#839,#840,#841,#842));
#315=EDGE_LOOP('',(#843,#844,#845,#846));
#316=EDGE_LOOP('',(#847,#848,#849,#850));
#317=EDGE_LOOP('',(#851,#852,#853,#854));
#318=EDGE_LOOP('',(#855));
#319=EDGE_LOOP('',(#856));
#320=EDGE_LOOP('',(#857,#858,#859,#860));
#321=CIRCLE('',#993,3.00000000000001);
#322=CIRCLE('',#994,1.44999999999999);
#323=CIRCLE('',#996,3.00000000000001);
#324=CIRCLE('',#998,1.44999999999968);
#325=CIRCLE('',#1000,5.);
#326=CIRCLE('',#1001,5.);
#327=CIRCLE('',#1002,37.8343556449417);
#328=CIRCLE('',#1003,14.5);
#329=CIRCLE('',#1004,37.8343556449416);
#330=CIRCLE('',#1005,1.44999999999999);
#331=CIRCLE('',#1007,3.00000000000001);
#332=CIRCLE('',#1008,3.00000000000001);
#333=CIRCLE('',#1010,1.44999999999999);
#334=CIRCLE('',#1013,2.);
#335=CIRCLE('',#1014,2.);
#336=CIRCLE('',#1016,53.1310981282546);
#337=CIRCLE('',#1017,53.1310684973179);
#338=CIRCLE('',#1018,2.);
#339=CIRCLE('',#1019,11.);
#340=CIRCLE('',#1021,53.1310981282546);
#341=CIRCLE('',#1023,2.);
#342=CIRCLE('',#1025,53.1310684973179);
#343=CIRCLE('',#1026,37.8343556449417);
#344=CIRCLE('',#1027,37.8343556449458);
#345=CIRCLE('',#1035,10.);
#346=CIRCLE('',#1036,5.);
#347=CIRCLE('',#1038,5.);
#348=CIRCLE('',#1041,5.);
#349=CIRCLE('',#1043,5.);
#350=CIRCLE('',#1044,5.);
#351=CIRCLE('',#1046,10.);
#352=CIRCLE('',#1047,5.);
#353=CIRCLE('',#1049,37.8343556449415);
#354=CIRCLE('',#1051,37.8343556449416);
#355=CIRCLE('',#1053,37.8343556449415);
#356=CIRCLE('',#1056,37.8343556449415);
#357=CIRCLE('',#1058,36.0858901566285);
#358=CIRCLE('',#1059,36.0858901566285);
#359=CIRCLE('',#1060,36.0858901566285);
#360=CIRCLE('',#1062,5.);
#361=CIRCLE('',#1063,10.);
#362=CIRCLE('',#1066,5.);
#363=CIRCLE('',#1067,10.);
#364=CIRCLE('',#1069,14.5);
#365=CIRCLE('',#1071,14.5);
#366=CIRCLE('',#1072,35.5118041181305);
#367=CIRCLE('',#1074,35.5118041181305);
#368=CIRCLE('',#1075,35.5118041181305);
#369=CIRCLE('',#1078,14.5);
#370=CIRCLE('',#1080,14.5);
#371=CIRCLE('',#1081,14.5);
#372=CIRCLE('',#1085,14.5);
#373=CIRCLE('',#1097,11.);
#374=VERTEX_POINT('',#1424);
#375=VERTEX_POINT('',#1426);
#376=VERTEX_POINT('',#1429);
#377=VERTEX_POINT('',#1433);
#378=VERTEX_POINT('',#1437);
#379=VERTEX_POINT('',#1438);
#380=VERTEX_POINT('',#1440);
#381=VERTEX_POINT('',#1442);
#382=VERTEX_POINT('',#1444);
#383=VERTEX_POINT('',#1446);
#384=VERTEX_POINT('',#1448);
#385=VERTEX_POINT('',#1450);
#386=VERTEX_POINT('',#1452);
#387=VERTEX_POINT('',#1469);
#388=VERTEX_POINT('',#1471);
#389=VERTEX_POINT('',#1473);
#390=VERTEX_POINT('',#1475);
#391=VERTEX_POINT('',#1477);
#392=VERTEX_POINT('',#1479);
#393=VERTEX_POINT('',#1482);
#394=VERTEX_POINT('',#1485);
#395=VERTEX_POINT('',#1487);
#396=VERTEX_POINT('',#1491);
#397=VERTEX_POINT('',#1496);
#398=VERTEX_POINT('',#1497);
#399=VERTEX_POINT('',#1499);
#400=VERTEX_POINT('',#1501);
#401=VERTEX_POINT('',#1505);
#402=VERTEX_POINT('',#1507);
#403=VERTEX_POINT('',#1509);
#404=VERTEX_POINT('',#1511);
#405=VERTEX_POINT('',#1513);
#406=VERTEX_POINT('',#1516);
#407=VERTEX_POINT('',#1519);
#408=VERTEX_POINT('',#1523);
#409=VERTEX_POINT('',#1525);
#410=VERTEX_POINT('',#1530);
#411=VERTEX_POINT('',#1532);
#412=VERTEX_POINT('',#1534);
#413=VERTEX_POINT('',#1550);
#414=VERTEX_POINT('',#1551);
#415=VERTEX_POINT('',#1556);
#416=VERTEX_POINT('',#1560);
#417=VERTEX_POINT('',#1564);
#418=VERTEX_POINT('',#1566);
#419=VERTEX_POINT('',#1568);
#420=VERTEX_POINT('',#1570);
#421=VERTEX_POINT('',#1572);
#422=VERTEX_POINT('',#1576);
#423=VERTEX_POINT('',#1578);
#424=VERTEX_POINT('',#1582);
#425=VERTEX_POINT('',#1584);
#426=VERTEX_POINT('',#1588);
#427=VERTEX_POINT('',#1590);
#428=VERTEX_POINT('',#1597);
#429=VERTEX_POINT('',#1599);
#430=VERTEX_POINT('',#1601);
#431=VERTEX_POINT('',#1603);
#432=VERTEX_POINT('',#1606);
#433=VERTEX_POINT('',#1610);
#434=VERTEX_POINT('',#1616);
#435=VERTEX_POINT('',#1618);
#436=VERTEX_POINT('',#1652);
#437=VERTEX_POINT('',#1656);
#438=VERTEX_POINT('',#1657);
#439=VERTEX_POINT('',#1659);
#440=VERTEX_POINT('',#1661);
#441=VERTEX_POINT('',#1663);
#442=VERTEX_POINT('',#1667);
#443=VERTEX_POINT('',#1669);
#444=VERTEX_POINT('',#1671);
#445=VERTEX_POINT('',#1673);
#446=VERTEX_POINT('',#1677);
#447=VERTEX_POINT('',#1681);
#448=VERTEX_POINT('',#1683);
#449=VERTEX_POINT('',#1685);
#450=VERTEX_POINT('',#1687);
#451=VERTEX_POINT('',#1693);
#452=VERTEX_POINT('',#1697);
#453=VERTEX_POINT('',#1698);
#454=VERTEX_POINT('',#1706);
#455=VERTEX_POINT('',#1710);
#456=VERTEX_POINT('',#1712);
#457=VERTEX_POINT('',#1720);
#458=VERTEX_POINT('',#1742);
#459=EDGE_CURVE('',#374,#374,#321,.T.);
#460=EDGE_CURVE('',#375,#375,#322,.T.);
#461=EDGE_CURVE('',#376,#376,#323,.T.);
#462=EDGE_CURVE('',#376,#374,#20,.T.);
#463=EDGE_CURVE('',#377,#377,#324,.T.);
#464=EDGE_CURVE('',#377,#375,#21,.T.);
#465=EDGE_CURVE('',#378,#379,#22,.T.);
#466=EDGE_CURVE('',#380,#379,#325,.T.);
#467=EDGE_CURVE('',#380,#381,#23,.T.);
#468=EDGE_CURVE('',#382,#381,#326,.T.);
#469=EDGE_CURVE('',#382,#383,#24,.T.);
#470=EDGE_CURVE('',#383,#384,#25,.T.);
#471=EDGE_CURVE('',#384,#385,#26,.T.);
#472=EDGE_CURVE('',#386,#385,#18,.T.);
#473=EDGE_CURVE('',#387,#386,#327,.T.);
#474=EDGE_CURVE('',#387,#388,#27,.T.);
#475=EDGE_CURVE('',#389,#388,#328,.T.);
#476=EDGE_CURVE('',#389,#390,#28,.T.);
#477=EDGE_CURVE('',#391,#390,#329,.T.);
#478=EDGE_CURVE('',#391,#392,#29,.T.);
#479=EDGE_CURVE('',#392,#378,#30,.T.);
#480=EDGE_CURVE('',#393,#393,#330,.T.);
#481=EDGE_CURVE('',#394,#394,#331,.T.);
#482=EDGE_CURVE('',#394,#395,#31,.T.);
#483=EDGE_CURVE('',#395,#395,#332,.T.);
#484=EDGE_CURVE('',#396,#396,#333,.T.);
#485=EDGE_CURVE('',#393,#396,#32,.T.);
#486=EDGE_CURVE('',#397,#398,#334,.T.);
#487=EDGE_CURVE('',#398,#399,#33,.T.);
#488=EDGE_CURVE('',#399,#400,#335,.T.);
#489=EDGE_CURVE('',#400,#397,#34,.T.);
#490=EDGE_CURVE('',#401,#397,#336,.T.);
#491=EDGE_CURVE('',#402,#401,#337,.T.);
#492=EDGE_CURVE('',#403,#402,#338,.T.);
#493=EDGE_CURVE('',#404,#403,#35,.T.);
#494=EDGE_CURVE('',#405,#404,#36,.T.);
#495=EDGE_CURVE('',#398,#405,#37,.T.);
#496=EDGE_CURVE('',#406,#406,#339,.T.);
#497=EDGE_CURVE('',#400,#407,#340,.T.);
#498=EDGE_CURVE('',#401,#407,#38,.T.);
#499=EDGE_CURVE('',#402,#408,#39,.T.);
#500=EDGE_CURVE('',#408,#409,#341,.T.);
#501=EDGE_CURVE('',#409,#403,#40,.T.);
#502=EDGE_CURVE('',#407,#408,#342,.T.);
#503=EDGE_CURVE('',#410,#407,#343,.T.);
#504=EDGE_CURVE('',#410,#411,#344,.T.);
#505=EDGE_CURVE('',#411,#412,#19,.T.);
#506=EDGE_CURVE('',#409,#412,#41,.T.);
#507=EDGE_CURVE('',#413,#414,#16,.F.);
#508=EDGE_CURVE('',#413,#380,#42,.T.);
#509=EDGE_CURVE('',#379,#414,#43,.T.);
#510=EDGE_CURVE('',#415,#413,#44,.T.);
#511=EDGE_CURVE('',#381,#415,#45,.T.);
#512=EDGE_CURVE('',#415,#416,#17,.T.);
#513=EDGE_CURVE('',#416,#382,#46,.T.);
#514=EDGE_CURVE('',#416,#417,#47,.T.);
#515=EDGE_CURVE('',#418,#417,#345,.T.);
#516=EDGE_CURVE('',#418,#419,#48,.T.);
#517=EDGE_CURVE('',#420,#419,#346,.T.);
#518=EDGE_CURVE('',#421,#420,#49,.T.);
#519=EDGE_CURVE('',#383,#421,#50,.T.);
#520=EDGE_CURVE('',#414,#422,#51,.T.);
#521=EDGE_CURVE('',#422,#423,#347,.T.);
#522=EDGE_CURVE('',#413,#423,#52,.T.);
#523=EDGE_CURVE('',#424,#414,#53,.T.);
#524=EDGE_CURVE('',#425,#424,#54,.T.);
#525=EDGE_CURVE('',#422,#425,#55,.T.);
#526=EDGE_CURVE('',#426,#415,#56,.T.);
#527=EDGE_CURVE('',#426,#427,#348,.T.);
#528=EDGE_CURVE('',#427,#416,#57,.T.);
#529=EDGE_CURVE('',#423,#405,#349,.T.);
#530=EDGE_CURVE('',#404,#426,#350,.T.);
#531=EDGE_CURVE('',#428,#425,#351,.T.);
#532=EDGE_CURVE('',#428,#429,#58,.T.);
#533=EDGE_CURVE('',#430,#429,#352,.T.);
#534=EDGE_CURVE('',#430,#431,#59,.T.);
#535=EDGE_CURVE('',#431,#392,#60,.T.);
#536=EDGE_CURVE('',#432,#391,#61,.T.);
#537=EDGE_CURVE('',#432,#399,#62,.T.);
#538=EDGE_CURVE('',#390,#433,#63,.T.);
#539=EDGE_CURVE('',#432,#433,#353,.T.);
#540=EDGE_CURVE('',#407,#433,#354,.T.);
#541=EDGE_CURVE('',#433,#434,#64,.T.);
#542=EDGE_CURVE('',#435,#434,#355,.T.);
#543=EDGE_CURVE('',#407,#435,#65,.T.);
#544=EDGE_CURVE('',#411,#386,#66,.T.);
#545=EDGE_CURVE('',#410,#387,#67,.T.);
#546=EDGE_CURVE('',#412,#385,#68,.T.);
#547=EDGE_CURVE('',#436,#435,#356,.T.);
#548=EDGE_CURVE('',#436,#410,#69,.T.);
#549=EDGE_CURVE('',#437,#438,#70,.T.);
#550=EDGE_CURVE('',#439,#438,#357,.T.);
#551=EDGE_CURVE('',#440,#439,#358,.T.);
#552=EDGE_CURVE('',#440,#441,#71,.T.);
#553=EDGE_CURVE('',#437,#441,#359,.T.);
#554=EDGE_CURVE('',#378,#442,#72,.T.);
#555=EDGE_CURVE('',#442,#443,#73,.T.);
#556=EDGE_CURVE('',#444,#443,#360,.T.);
#557=EDGE_CURVE('',#444,#445,#74,.T.);
#558=EDGE_CURVE('',#424,#445,#361,.T.);
#559=EDGE_CURVE('',#446,#427,#75,.T.);
#560=EDGE_CURVE('',#417,#446,#76,.T.);
#561=EDGE_CURVE('',#447,#384,#77,.T.);
#562=EDGE_CURVE('',#447,#448,#78,.T.);
#563=EDGE_CURVE('',#449,#448,#362,.T.);
#564=EDGE_CURVE('',#450,#449,#79,.T.);
#565=EDGE_CURVE('',#446,#450,#363,.T.);
#566=EDGE_CURVE('',#439,#440,#364,.T.);
#567=EDGE_CURVE('',#440,#451,#365,.T.);
#568=EDGE_CURVE('',#451,#440,#366,.T.);
#569=EDGE_CURVE('',#452,#453,#80,.T.);
#570=EDGE_CURVE('',#441,#453,#367,.T.);
#571=EDGE_CURVE('',#452,#451,#368,.T.);
#572=EDGE_CURVE('',#434,#437,#81,.T.);
#573=EDGE_CURVE('',#453,#436,#82,.T.);
#574=EDGE_CURVE('',#438,#454,#83,.T.);
#575=EDGE_CURVE('',#454,#439,#369,.T.);
#576=EDGE_CURVE('',#451,#455,#370,.T.);
#577=EDGE_CURVE('',#455,#456,#371,.T.);
#578=EDGE_CURVE('',#456,#452,#84,.T.);
#579=EDGE_CURVE('',#388,#456,#85,.T.);
#580=EDGE_CURVE('',#454,#389,#86,.T.);
#581=EDGE_CURVE('',#455,#457,#87,.T.);
#582=EDGE_CURVE('',#457,#457,#372,.T.);
#583=EDGE_CURVE('',#447,#421,#88,.T.);
#584=EDGE_CURVE('',#431,#442,#89,.T.);
#585=EDGE_CURVE('',#419,#449,#90,.T.);
#586=EDGE_CURVE('',#450,#418,#91,.T.);
#587=EDGE_CURVE('',#429,#444,#92,.T.);
#588=EDGE_CURVE('',#445,#428,#93,.T.);
#589=EDGE_CURVE('',#448,#420,#94,.T.);
#590=EDGE_CURVE('',#443,#430,#95,.T.);
#591=EDGE_CURVE('',#458,#458,#373,.T.);
#592=EDGE_CURVE('',#458,#406,#96,.T.);
#593=ORIENTED_EDGE('',*,*,#459,.F.);
#594=ORIENTED_EDGE('',*,*,#460,.F.);
#595=ORIENTED_EDGE('',*,*,#461,.F.);
#596=ORIENTED_EDGE('',*,*,#462,.T.);
#597=ORIENTED_EDGE('',*,*,#459,.T.);
#598=ORIENTED_EDGE('',*,*,#462,.F.);
#599=ORIENTED_EDGE('',*,*,#463,.F.);
#600=ORIENTED_EDGE('',*,*,#464,.T.);
#601=ORIENTED_EDGE('',*,*,#460,.T.);
#602=ORIENTED_EDGE('',*,*,#464,.F.);
#603=ORIENTED_EDGE('',*,*,#465,.T.);
#604=ORIENTED_EDGE('',*,*,#466,.F.);
#605=ORIENTED_EDGE('',*,*,#467,.T.);
#606=ORIENTED_EDGE('',*,*,#468,.F.);
#607=ORIENTED_EDGE('',*,*,#469,.T.);
#608=ORIENTED_EDGE('',*,*,#470,.T.);
#609=ORIENTED_EDGE('',*,*,#471,.T.);
#610=ORIENTED_EDGE('',*,*,#472,.F.);
#611=ORIENTED_EDGE('',*,*,#473,.F.);
#612=ORIENTED_EDGE('',*,*,#474,.T.);
#613=ORIENTED_EDGE('',*,*,#475,.F.);
#614=ORIENTED_EDGE('',*,*,#476,.T.);
#615=ORIENTED_EDGE('',*,*,#477,.F.);
#616=ORIENTED_EDGE('',*,*,#478,.T.);
#617=ORIENTED_EDGE('',*,*,#479,.T.);
#618=ORIENTED_EDGE('',*,*,#463,.T.);
#619=ORIENTED_EDGE('',*,*,#480,.T.);
#620=ORIENTED_EDGE('',*,*,#481,.F.);
#621=ORIENTED_EDGE('',*,*,#482,.T.);
#622=ORIENTED_EDGE('',*,*,#483,.T.);
#623=ORIENTED_EDGE('',*,*,#482,.F.);
#624=ORIENTED_EDGE('',*,*,#483,.F.);
#625=ORIENTED_EDGE('',*,*,#484,.F.);
#626=ORIENTED_EDGE('',*,*,#480,.F.);
#627=ORIENTED_EDGE('',*,*,#485,.T.);
#628=ORIENTED_EDGE('',*,*,#484,.T.);
#629=ORIENTED_EDGE('',*,*,#485,.F.);
#630=ORIENTED_EDGE('',*,*,#486,.T.);
#631=ORIENTED_EDGE('',*,*,#487,.T.);
#632=ORIENTED_EDGE('',*,*,#488,.T.);
#633=ORIENTED_EDGE('',*,*,#489,.T.);
#634=ORIENTED_EDGE('',*,*,#486,.F.);
#635=ORIENTED_EDGE('',*,*,#490,.F.);
#636=ORIENTED_EDGE('',*,*,#491,.F.);
#637=ORIENTED_EDGE('',*,*,#492,.F.);
#638=ORIENTED_EDGE('',*,*,#493,.F.);
#639=ORIENTED_EDGE('',*,*,#494,.F.);
#640=ORIENTED_EDGE('',*,*,#495,.F.);
#641=ORIENTED_EDGE('',*,*,#461,.T.);
#642=ORIENTED_EDGE('',*,*,#481,.T.);
#643=ORIENTED_EDGE('',*,*,#496,.T.);
#644=ORIENTED_EDGE('',*,*,#489,.F.);
#645=ORIENTED_EDGE('',*,*,#497,.T.);
#646=ORIENTED_EDGE('',*,*,#498,.F.);
#647=ORIENTED_EDGE('',*,*,#490,.T.);
#648=ORIENTED_EDGE('',*,*,#492,.T.);
#649=ORIENTED_EDGE('',*,*,#499,.T.);
#650=ORIENTED_EDGE('',*,*,#500,.T.);
#651=ORIENTED_EDGE('',*,*,#501,.T.);
#652=ORIENTED_EDGE('',*,*,#500,.F.);
#653=ORIENTED_EDGE('',*,*,#502,.F.);
#654=ORIENTED_EDGE('',*,*,#503,.F.);
#655=ORIENTED_EDGE('',*,*,#504,.T.);
#656=ORIENTED_EDGE('',*,*,#505,.T.);
#657=ORIENTED_EDGE('',*,*,#506,.F.);
#658=ORIENTED_EDGE('',*,*,#499,.F.);
#659=ORIENTED_EDGE('',*,*,#491,.T.);
#660=ORIENTED_EDGE('',*,*,#498,.T.);
#661=ORIENTED_EDGE('',*,*,#502,.T.);
#662=ORIENTED_EDGE('',*,*,#507,.F.);
#663=ORIENTED_EDGE('',*,*,#508,.T.);
#664=ORIENTED_EDGE('',*,*,#466,.T.);
#665=ORIENTED_EDGE('',*,*,#509,.T.);
#666=ORIENTED_EDGE('',*,*,#508,.F.);
#667=ORIENTED_EDGE('',*,*,#510,.F.);
#668=ORIENTED_EDGE('',*,*,#511,.F.);
#669=ORIENTED_EDGE('',*,*,#467,.F.);
#670=ORIENTED_EDGE('',*,*,#512,.T.);
#671=ORIENTED_EDGE('',*,*,#513,.T.);
#672=ORIENTED_EDGE('',*,*,#468,.T.);
#673=ORIENTED_EDGE('',*,*,#511,.T.);
#674=ORIENTED_EDGE('',*,*,#513,.F.);
#675=ORIENTED_EDGE('',*,*,#514,.T.);
#676=ORIENTED_EDGE('',*,*,#515,.F.);
#677=ORIENTED_EDGE('',*,*,#516,.T.);
#678=ORIENTED_EDGE('',*,*,#517,.F.);
#679=ORIENTED_EDGE('',*,*,#518,.F.);
#680=ORIENTED_EDGE('',*,*,#519,.F.);
#681=ORIENTED_EDGE('',*,*,#469,.F.);
#682=ORIENTED_EDGE('',*,*,#520,.T.);
#683=ORIENTED_EDGE('',*,*,#521,.T.);
#684=ORIENTED_EDGE('',*,*,#522,.F.);
#685=ORIENTED_EDGE('',*,*,#507,.T.);
#686=ORIENTED_EDGE('',*,*,#520,.F.);
#687=ORIENTED_EDGE('',*,*,#523,.F.);
#688=ORIENTED_EDGE('',*,*,#524,.F.);
#689=ORIENTED_EDGE('',*,*,#525,.F.);
#690=ORIENTED_EDGE('',*,*,#526,.F.);
#691=ORIENTED_EDGE('',*,*,#527,.T.);
#692=ORIENTED_EDGE('',*,*,#528,.T.);
#693=ORIENTED_EDGE('',*,*,#512,.F.);
#694=ORIENTED_EDGE('',*,*,#529,.T.);
#695=ORIENTED_EDGE('',*,*,#494,.T.);
#696=ORIENTED_EDGE('',*,*,#530,.T.);
#697=ORIENTED_EDGE('',*,*,#526,.T.);
#698=ORIENTED_EDGE('',*,*,#510,.T.);
#699=ORIENTED_EDGE('',*,*,#522,.T.);
#700=ORIENTED_EDGE('',*,*,#487,.F.);
#701=ORIENTED_EDGE('',*,*,#495,.T.);
#702=ORIENTED_EDGE('',*,*,#529,.F.);
#703=ORIENTED_EDGE('',*,*,#521,.F.);
#704=ORIENTED_EDGE('',*,*,#525,.T.);
#705=ORIENTED_EDGE('',*,*,#531,.F.);
#706=ORIENTED_EDGE('',*,*,#532,.T.);
#707=ORIENTED_EDGE('',*,*,#533,.F.);
#708=ORIENTED_EDGE('',*,*,#534,.T.);
#709=ORIENTED_EDGE('',*,*,#535,.T.);
#710=ORIENTED_EDGE('',*,*,#478,.F.);
#711=ORIENTED_EDGE('',*,*,#536,.F.);
#712=ORIENTED_EDGE('',*,*,#537,.T.);
#713=ORIENTED_EDGE('',*,*,#477,.T.);
#714=ORIENTED_EDGE('',*,*,#538,.T.);
#715=ORIENTED_EDGE('',*,*,#539,.F.);
#716=ORIENTED_EDGE('',*,*,#536,.T.);
#717=ORIENTED_EDGE('',*,*,#488,.F.);
#718=ORIENTED_EDGE('',*,*,#537,.F.);
#719=ORIENTED_EDGE('',*,*,#539,.T.);
#720=ORIENTED_EDGE('',*,*,#540,.F.);
#721=ORIENTED_EDGE('',*,*,#497,.F.);
#722=ORIENTED_EDGE('',*,*,#540,.T.);
#723=ORIENTED_EDGE('',*,*,#541,.T.);
#724=ORIENTED_EDGE('',*,*,#542,.F.);
#725=ORIENTED_EDGE('',*,*,#543,.F.);
#726=ORIENTED_EDGE('',*,*,#473,.T.);
#727=ORIENTED_EDGE('',*,*,#544,.F.);
#728=ORIENTED_EDGE('',*,*,#504,.F.);
#729=ORIENTED_EDGE('',*,*,#545,.T.);
#730=ORIENTED_EDGE('',*,*,#472,.T.);
#731=ORIENTED_EDGE('',*,*,#546,.F.);
#732=ORIENTED_EDGE('',*,*,#505,.F.);
#733=ORIENTED_EDGE('',*,*,#544,.T.);
#734=ORIENTED_EDGE('',*,*,#503,.T.);
#735=ORIENTED_EDGE('',*,*,#543,.T.);
#736=ORIENTED_EDGE('',*,*,#547,.F.);
#737=ORIENTED_EDGE('',*,*,#548,.T.);
#738=ORIENTED_EDGE('',*,*,#549,.T.);
#739=ORIENTED_EDGE('',*,*,#550,.F.);
#740=ORIENTED_EDGE('',*,*,#551,.F.);
#741=ORIENTED_EDGE('',*,*,#552,.T.);
#742=ORIENTED_EDGE('',*,*,#553,.F.);
#743=ORIENTED_EDGE('',*,*,#509,.F.);
#744=ORIENTED_EDGE('',*,*,#465,.F.);
#745=ORIENTED_EDGE('',*,*,#554,.T.);
#746=ORIENTED_EDGE('',*,*,#555,.T.);
#747=ORIENTED_EDGE('',*,*,#556,.F.);
#748=ORIENTED_EDGE('',*,*,#557,.T.);
#749=ORIENTED_EDGE('',*,*,#558,.F.);
#750=ORIENTED_EDGE('',*,*,#523,.T.);
#751=ORIENTED_EDGE('',*,*,#528,.F.);
#752=ORIENTED_EDGE('',*,*,#559,.F.);
#753=ORIENTED_EDGE('',*,*,#560,.F.);
#754=ORIENTED_EDGE('',*,*,#514,.F.);
#755=ORIENTED_EDGE('',*,*,#501,.F.);
#756=ORIENTED_EDGE('',*,*,#506,.T.);
#757=ORIENTED_EDGE('',*,*,#546,.T.);
#758=ORIENTED_EDGE('',*,*,#471,.F.);
#759=ORIENTED_EDGE('',*,*,#561,.F.);
#760=ORIENTED_EDGE('',*,*,#562,.T.);
#761=ORIENTED_EDGE('',*,*,#563,.F.);
#762=ORIENTED_EDGE('',*,*,#564,.F.);
#763=ORIENTED_EDGE('',*,*,#565,.F.);
#764=ORIENTED_EDGE('',*,*,#559,.T.);
#765=ORIENTED_EDGE('',*,*,#527,.F.);
#766=ORIENTED_EDGE('',*,*,#530,.F.);
#767=ORIENTED_EDGE('',*,*,#493,.T.);
#768=ORIENTED_EDGE('',*,*,#566,.T.);
#769=ORIENTED_EDGE('',*,*,#551,.T.);
#770=ORIENTED_EDGE('',*,*,#567,.T.);
#771=ORIENTED_EDGE('',*,*,#568,.T.);
#772=ORIENTED_EDGE('',*,*,#569,.T.);
#773=ORIENTED_EDGE('',*,*,#570,.F.);
#774=ORIENTED_EDGE('',*,*,#552,.F.);
#775=ORIENTED_EDGE('',*,*,#568,.F.);
#776=ORIENTED_EDGE('',*,*,#571,.F.);
#777=ORIENTED_EDGE('',*,*,#572,.T.);
#778=ORIENTED_EDGE('',*,*,#553,.T.);
#779=ORIENTED_EDGE('',*,*,#570,.T.);
#780=ORIENTED_EDGE('',*,*,#573,.T.);
#781=ORIENTED_EDGE('',*,*,#547,.T.);
#782=ORIENTED_EDGE('',*,*,#542,.T.);
#783=ORIENTED_EDGE('',*,*,#550,.T.);
#784=ORIENTED_EDGE('',*,*,#574,.T.);
#785=ORIENTED_EDGE('',*,*,#575,.T.);
#786=ORIENTED_EDGE('',*,*,#571,.T.);
#787=ORIENTED_EDGE('',*,*,#576,.T.);
#788=ORIENTED_EDGE('',*,*,#577,.T.);
#789=ORIENTED_EDGE('',*,*,#578,.T.);
#790=ORIENTED_EDGE('',*,*,#548,.F.);
#791=ORIENTED_EDGE('',*,*,#573,.F.);
#792=ORIENTED_EDGE('',*,*,#569,.F.);
#793=ORIENTED_EDGE('',*,*,#578,.F.);
#794=ORIENTED_EDGE('',*,*,#579,.F.);
#795=ORIENTED_EDGE('',*,*,#474,.F.);
#796=ORIENTED_EDGE('',*,*,#545,.F.);
#797=ORIENTED_EDGE('',*,*,#538,.F.);
#798=ORIENTED_EDGE('',*,*,#476,.F.);
#799=ORIENTED_EDGE('',*,*,#580,.F.);
#800=ORIENTED_EDGE('',*,*,#574,.F.);
#801=ORIENTED_EDGE('',*,*,#549,.F.);
#802=ORIENTED_EDGE('',*,*,#572,.F.);
#803=ORIENTED_EDGE('',*,*,#541,.F.);
#804=ORIENTED_EDGE('',*,*,#576,.F.);
#805=ORIENTED_EDGE('',*,*,#567,.F.);
#806=ORIENTED_EDGE('',*,*,#566,.F.);
#807=ORIENTED_EDGE('',*,*,#575,.F.);
#808=ORIENTED_EDGE('',*,*,#580,.T.);
#809=ORIENTED_EDGE('',*,*,#475,.T.);
#810=ORIENTED_EDGE('',*,*,#579,.T.);
#811=ORIENTED_EDGE('',*,*,#577,.F.);
#812=ORIENTED_EDGE('',*,*,#581,.T.);
#813=ORIENTED_EDGE('',*,*,#582,.F.);
#814=ORIENTED_EDGE('',*,*,#581,.F.);
#815=ORIENTED_EDGE('',*,*,#519,.T.);
#816=ORIENTED_EDGE('',*,*,#583,.F.);
#817=ORIENTED_EDGE('',*,*,#561,.T.);
#818=ORIENTED_EDGE('',*,*,#470,.F.);
#819=ORIENTED_EDGE('',*,*,#535,.F.);
#820=ORIENTED_EDGE('',*,*,#584,.T.);
#821=ORIENTED_EDGE('',*,*,#554,.F.);
#822=ORIENTED_EDGE('',*,*,#479,.F.);
#823=ORIENTED_EDGE('',*,*,#585,.F.);
#824=ORIENTED_EDGE('',*,*,#516,.F.);
#825=ORIENTED_EDGE('',*,*,#586,.F.);
#826=ORIENTED_EDGE('',*,*,#564,.T.);
#827=ORIENTED_EDGE('',*,*,#587,.F.);
#828=ORIENTED_EDGE('',*,*,#532,.F.);
#829=ORIENTED_EDGE('',*,*,#588,.F.);
#830=ORIENTED_EDGE('',*,*,#557,.F.);
#831=ORIENTED_EDGE('',*,*,#515,.T.);
#832=ORIENTED_EDGE('',*,*,#560,.T.);
#833=ORIENTED_EDGE('',*,*,#565,.T.);
#834=ORIENTED_EDGE('',*,*,#586,.T.);
#835=ORIENTED_EDGE('',*,*,#558,.T.);
#836=ORIENTED_EDGE('',*,*,#588,.T.);
#837=ORIENTED_EDGE('',*,*,#531,.T.);
#838=ORIENTED_EDGE('',*,*,#524,.T.);
#839=ORIENTED_EDGE('',*,*,#589,.F.);
#840=ORIENTED_EDGE('',*,*,#562,.F.);
#841=ORIENTED_EDGE('',*,*,#583,.T.);
#842=ORIENTED_EDGE('',*,*,#518,.T.);
#843=ORIENTED_EDGE('',*,*,#517,.T.);
#844=ORIENTED_EDGE('',*,*,#585,.T.);
#845=ORIENTED_EDGE('',*,*,#563,.T.);
#846=ORIENTED_EDGE('',*,*,#589,.T.);
#847=ORIENTED_EDGE('',*,*,#590,.F.);
#848=ORIENTED_EDGE('',*,*,#555,.F.);
#849=ORIENTED_EDGE('',*,*,#584,.F.);
#850=ORIENTED_EDGE('',*,*,#534,.F.);
#851=ORIENTED_EDGE('',*,*,#556,.T.);
#852=ORIENTED_EDGE('',*,*,#590,.T.);
#853=ORIENTED_EDGE('',*,*,#533,.T.);
#854=ORIENTED_EDGE('',*,*,#587,.T.);
#855=ORIENTED_EDGE('',*,*,#582,.T.);
#856=ORIENTED_EDGE('',*,*,#591,.F.);
#857=ORIENTED_EDGE('',*,*,#591,.T.);
#858=ORIENTED_EDGE('',*,*,#592,.T.);
#859=ORIENTED_EDGE('',*,*,#496,.F.);
#860=ORIENTED_EDGE('',*,*,#592,.F.);
#861=PLANE('',#992);
#862=PLANE('',#999);
#863=PLANE('',#1009);
#864=PLANE('',#1015);
#865=PLANE('',#1024);
#866=PLANE('',#1031);
#867=PLANE('',#1034);
#868=PLANE('',#1039);
#869=PLANE('',#1045);
#870=PLANE('',#1050);
#871=PLANE('',#1061);
#872=PLANE('',#1064);
#873=PLANE('',#1065);
#874=PLANE('',#1068);
#875=PLANE('',#1070);
#876=PLANE('',#1076);
#877=PLANE('',#1077);
#878=PLANE('',#1079);
#879=PLANE('',#1082);
#880=PLANE('',#1083);
#881=PLANE('',#1086);
#882=PLANE('',#1087);
#883=PLANE('',#1088);
#884=PLANE('',#1089);
#885=PLANE('',#1092);
#886=PLANE('',#1094);
#887=PLANE('',#1096);
#888=ADVANCED_FACE('',(#207,#199),#861,.T.);
#889=ADVANCED_FACE('',(#208),#174,.F.);
#890=ADVANCED_FACE('',(#209),#175,.F.);
#891=ADVANCED_FACE('',(#210,#200,#201),#862,.F.);
#892=ADVANCED_FACE('',(#211),#176,.F.);
#893=ADVANCED_FACE('',(#212,#202),#863,.T.);
#894=ADVANCED_FACE('',(#213),#177,.F.);
#895=ADVANCED_FACE('',(#214),#178,.T.);
#896=ADVANCED_FACE('',(#215,#203,#204,#205),#864,.T.);
#897=ADVANCED_FACE('',(#216),#179,.T.);
#898=ADVANCED_FACE('',(#217),#180,.T.);
#899=ADVANCED_FACE('',(#218),#865,.F.);
#900=ADVANCED_FACE('',(#219),#181,.T.);
#901=ADVANCED_FACE('',(#220),#182,.F.);
#902=ADVANCED_FACE('',(#221),#866,.T.);
#903=ADVANCED_FACE('',(#222),#183,.F.);
#904=ADVANCED_FACE('',(#223),#867,.T.);
#905=ADVANCED_FACE('',(#224),#184,.F.);
#906=ADVANCED_FACE('',(#225),#868,.F.);
#907=ADVANCED_FACE('',(#226),#185,.F.);
#908=ADVANCED_FACE('',(#227),#186,.T.);
#909=ADVANCED_FACE('',(#228),#869,.T.);
#910=ADVANCED_FACE('',(#229),#187,.F.);
#911=ADVANCED_FACE('',(#230),#870,.F.);
#912=ADVANCED_FACE('',(#231),#188,.T.);
#913=ADVANCED_FACE('',(#232),#189,.F.);
#914=ADVANCED_FACE('',(#233),#15,.T.);
#915=ADVANCED_FACE('',(#234),#190,.T.);
#916=ADVANCED_FACE('',(#235),#191,.F.);
#917=ADVANCED_FACE('',(#236),#871,.T.);
#918=ADVANCED_FACE('',(#237),#872,.F.);
#919=ADVANCED_FACE('',(#238),#873,.T.);
#920=ADVANCED_FACE('',(#239),#874,.F.);
#921=ADVANCED_FACE('',(#240),#875,.F.);
#922=ADVANCED_FACE('',(#241),#192,.F.);
#923=ADVANCED_FACE('',(#242),#876,.T.);
#924=ADVANCED_FACE('',(#243),#877,.F.);
#925=ADVANCED_FACE('',(#244),#878,.F.);
#926=ADVANCED_FACE('',(#245),#879,.F.);
#927=ADVANCED_FACE('',(#246),#880,.F.);
#928=ADVANCED_FACE('',(#247),#193,.F.);
#929=ADVANCED_FACE('',(#248),#881,.T.);
#930=ADVANCED_FACE('',(#249),#882,.T.);
#931=ADVANCED_FACE('',(#250),#883,.T.);
#932=ADVANCED_FACE('',(#251),#884,.T.);
#933=ADVANCED_FACE('',(#252),#194,.T.);
#934=ADVANCED_FACE('',(#253),#195,.T.);
#935=ADVANCED_FACE('',(#254),#885,.T.);
#936=ADVANCED_FACE('',(#255),#196,.T.);
#937=ADVANCED_FACE('',(#256),#886,.T.);
#938=ADVANCED_FACE('',(#257),#197,.T.);
#939=ADVANCED_FACE('',(#258,#206),#887,.F.);
#940=ADVANCED_FACE('',(#259),#198,.F.);
#941=CLOSED_SHELL('',(#888,#889,#890,#891,#892,#893,#894,#895,#896,#897,
#898,#899,#900,#901,#902,#903,#904,#905,#906,#907,#908,#909,#910,#911,#912,
#913,#914,#915,#916,#917,#918,#919,#920,#921,#922,#923,#924,#925,#926,#927,
#928,#929,#930,#931,#932,#933,#934,#935,#936,#937,#938,#939,#940));
#942=ITEM_DEFINED_TRANSFORMATION($,$,#990,#991);
#943=ITEM_DEFINED_TRANSFORMATION($,$,#989,#1099);
#944=ITEM_DEFINED_TRANSFORMATION($,$,#987,#1100);
#945=ITEM_DEFINED_TRANSFORMATION($,$,#988,#1101);
#946=ITEM_DEFINED_TRANSFORMATION($,$,#986,#1102);
#947=(
REPRESENTATION_RELATIONSHIP($,$,#1790,#1789)
REPRESENTATION_RELATIONSHIP_WITH_TRANSFORMATION(#942)
SHAPE_REPRESENTATION_RELATIONSHIP()
);
#948=(
REPRESENTATION_RELATIONSHIP($,$,#1789,#1788)
REPRESENTATION_RELATIONSHIP_WITH_TRANSFORMATION(#943)
SHAPE_REPRESENTATION_RELATIONSHIP()
);
#949=(
REPRESENTATION_RELATIONSHIP($,$,#1787,#1786)
REPRESENTATION_RELATIONSHIP_WITH_TRANSFORMATION(#944)
SHAPE_REPRESENTATION_RELATIONSHIP()
);
#950=(
REPRESENTATION_RELATIONSHIP($,$,#1788,#1786)
REPRESENTATION_RELATIONSHIP_WITH_TRANSFORMATION(#945)
SHAPE_REPRESENTATION_RELATIONSHIP()
);
#951=(
REPRESENTATION_RELATIONSHIP($,$,#1786,#1785)
REPRESENTATION_RELATIONSHIP_WITH_TRANSFORMATION(#946)
SHAPE_REPRESENTATION_RELATIONSHIP()
);
#952=CONTEXT_DEPENDENT_SHAPE_REPRESENTATION(#947,#1780);
#953=CONTEXT_DEPENDENT_SHAPE_REPRESENTATION(#948,#1781);
#954=CONTEXT_DEPENDENT_SHAPE_REPRESENTATION(#949,#1782);
#955=CONTEXT_DEPENDENT_SHAPE_REPRESENTATION(#950,#1783);
#956=CONTEXT_DEPENDENT_SHAPE_REPRESENTATION(#951,#1784);
#957=NEXT_ASSEMBLY_USAGE_OCCURRENCE('LID v1 (1) (1):1',
'LID v1 (1) (1):1','LID v1 (1) (1):1',#1796,#1797,'LID v1 (1) (1):1');
#958=NEXT_ASSEMBLY_USAGE_OCCURRENCE('Base_Plate_v2 v9 (1) (1):1',
'Base_Plate_v2 v9 (1) (1):1','Base_Plate_v2 v9 (1) (1):1',#1795,#1796,
'Base_Plate_v2 v9 (1) (1):1');
#959=NEXT_ASSEMBLY_USAGE_OCCURRENCE('Robot Head Lid v1 (1):1',
'Robot Head Lid v1 (1):1','Robot Head Lid v1 (1):1',#1793,#1794,
'Robot Head Lid v1 (1):1');
#960=NEXT_ASSEMBLY_USAGE_OCCURRENCE('Robot Head without Dog v1:1',
'Robot Head without Dog v1:1','Robot Head without Dog v1:1',#1793,#1795,
'Robot Head without Dog v1:1');
#961=NEXT_ASSEMBLY_USAGE_OCCURRENCE('Robot Head Final v1:1',
'Robot Head Final v1:1','Robot Head Final v1:1',#1792,#1793,
'Robot Head Final v1:1');
#962=DERIVED_UNIT_ELEMENT(#966,1.);
#963=DERIVED_UNIT_ELEMENT(#1765,-3.);
#964=DERIVED_UNIT_ELEMENT(#966,1.);
#965=DERIVED_UNIT_ELEMENT(#1765,-3.);
#966=(
MASS_UNIT()
NAMED_UNIT(*)
SI_UNIT(.KILO.,.GRAM.)
);
#967=DERIVED_UNIT((#962,#963));
#968=DERIVED_UNIT((#964,#965));
#969=MEASURE_REPRESENTATION_ITEM('density measure',
POSITIVE_RATIO_MEASURE(7850.),#967);
#970=MEASURE_REPRESENTATION_ITEM('density measure',
POSITIVE_RATIO_MEASURE(7850.),#968);
#971=PROPERTY_DEFINITION_REPRESENTATION(#981,#975);
#972=PROPERTY_DEFINITION_REPRESENTATION(#982,#976);
#973=PROPERTY_DEFINITION_REPRESENTATION(#983,#977);
#974=PROPERTY_DEFINITION_REPRESENTATION(#984,#978);
#975=REPRESENTATION('material name',(#979),#1759);
#976=REPRESENTATION('density',(#969),#1759);
#977=REPRESENTATION('material name',(#980),#1762);
#978=REPRESENTATION('density',(#970),#1762);
#979=DESCRIPTIVE_REPRESENTATION_ITEM('Steel','Steel');
#980=DESCRIPTIVE_REPRESENTATION_ITEM('Steel','Steel');
#981=PROPERTY_DEFINITION('material property','material name',#1794);
#982=PROPERTY_DEFINITION('material property','density of part',#1794);
#983=PROPERTY_DEFINITION('material property','material name',#1797);
#984=PROPERTY_DEFINITION('material property','density of part',#1797);
#985=AXIS2_PLACEMENT_3D('',#1416,#1103,#1104);
#986=AXIS2_PLACEMENT_3D('',#1417,#1105,#1106);
#987=AXIS2_PLACEMENT_3D('',#1418,#1107,#1108);
#988=AXIS2_PLACEMENT_3D('',#1419,#1109,#1110);
#989=AXIS2_PLACEMENT_3D('',#1420,#1111,#1112);
#990=AXIS2_PLACEMENT_3D('',#1421,#1113,#1114);
#991=AXIS2_PLACEMENT_3D('',#1422,#1115,#1116);
#992=AXIS2_PLACEMENT_3D('',#1423,#1117,#1118);
#993=AXIS2_PLACEMENT_3D('',#1425,#1119,#1120);
#994=AXIS2_PLACEMENT_3D('',#1427,#1121,#1122);
#995=AXIS2_PLACEMENT_3D('',#1428,#1123,#1124);
#996=AXIS2_PLACEMENT_3D('',#1430,#1125,#1126);
#997=AXIS2_PLACEMENT_3D('',#1432,#1128,#1129);
#998=AXIS2_PLACEMENT_3D('',#1434,#1130,#1131);
#999=AXIS2_PLACEMENT_3D('',#1436,#1133,#1134);
#1000=AXIS2_PLACEMENT_3D('',#1441,#1136,#1137);
#1001=AXIS2_PLACEMENT_3D('',#1445,#1139,#1140);
#1002=AXIS2_PLACEMENT_3D('',#1470,#1144,#1145);
#1003=AXIS2_PLACEMENT_3D('',#1474,#1147,#1148);
#1004=AXIS2_PLACEMENT_3D('',#1478,#1150,#1151);
#1005=AXIS2_PLACEMENT_3D('',#1483,#1154,#1155);
#1006=AXIS2_PLACEMENT_3D('',#1484,#1156,#1157);
#1007=AXIS2_PLACEMENT_3D('',#1486,#1158,#1159);
#1008=AXIS2_PLACEMENT_3D('',#1489,#1161,#1162);
#1009=AXIS2_PLACEMENT_3D('',#1490,#1163,#1164);
#1010=AXIS2_PLACEMENT_3D('',#1492,#1165,#1166);
#1011=AXIS2_PLACEMENT_3D('',#1493,#1167,#1168);
#1012=AXIS2_PLACEMENT_3D('',#1495,#1170,#1171);
#1013=AXIS2_PLACEMENT_3D('',#1498,#1172,#1173);
#1014=AXIS2_PLACEMENT_3D('',#1502,#1175,#1176);
#1015=AXIS2_PLACEMENT_3D('',#1504,#1178,#1179);
#1016=AXIS2_PLACEMENT_3D('',#1506,#1180,#1181);
#1017=AXIS2_PLACEMENT_3D('',#1508,#1182,#1183);
#1018=AXIS2_PLACEMENT_3D('',#1510,#1184,#1185);
#1019=AXIS2_PLACEMENT_3D('',#1517,#1189,#1190);
#1020=AXIS2_PLACEMENT_3D('',#1518,#1191,#1192);
#1021=AXIS2_PLACEMENT_3D('',#1520,#1193,#1194);
#1022=AXIS2_PLACEMENT_3D('',#1522,#1196,#1197);
#1023=AXIS2_PLACEMENT_3D('',#1526,#1199,#1200);
#1024=AXIS2_PLACEMENT_3D('',#1528,#1202,#1203);
#1025=AXIS2_PLACEMENT_3D('',#1529,#1204,#1205);
#1026=AXIS2_PLACEMENT_3D('',#1531,#1206,#1207);
#1027=AXIS2_PLACEMENT_3D('',#1533,#1208,#1209);
#1028=AXIS2_PLACEMENT_3D('',#1548,#1211,#1212);
#1029=AXIS2_PLACEMENT_3D('',#1549,#1213,#1214);
#1030=AXIS2_PLACEMENT_3D('',#1552,#1215,#1216);
#1031=AXIS2_PLACEMENT_3D('',#1555,#1219,#1220);
#1032=AXIS2_PLACEMENT_3D('',#1559,#1223,#1224);
#1033=AXIS2_PLACEMENT_3D('',#1561,#1225,#1226);
#1034=AXIS2_PLACEMENT_3D('',#1563,#1228,#1229);
#1035=AXIS2_PLACEMENT_3D('',#1567,#1231,#1232);
#1036=AXIS2_PLACEMENT_3D('',#1571,#1234,#1235);
#1037=AXIS2_PLACEMENT_3D('',#1575,#1238,#1239);
#1038=AXIS2_PLACEMENT_3D('',#1579,#1241,#1242);
#1039=AXIS2_PLACEMENT_3D('',#1581,#1244,#1245);
#1040=AXIS2_PLACEMENT_3D('',#1587,#1249,#1250);
#1041=AXIS2_PLACEMENT_3D('',#1591,#1252,#1253);
#1042=AXIS2_PLACEMENT_3D('',#1593,#1255,#1256);
#1043=AXIS2_PLACEMENT_3D('',#1594,#1257,#1258);
#1044=AXIS2_PLACEMENT_3D('',#1595,#1259,#1260);
#1045=AXIS2_PLACEMENT_3D('',#1596,#1261,#1262);
#1046=AXIS2_PLACEMENT_3D('',#1598,#1263,#1264);
#1047=AXIS2_PLACEMENT_3D('',#1602,#1266,#1267);
#1048=AXIS2_PLACEMENT_3D('',#1609,#1272,#1273);
#1049=AXIS2_PLACEMENT_3D('',#1612,#1275,#1276);
#1050=AXIS2_PLACEMENT_3D('',#1613,#1277,#1278);
#1051=AXIS2_PLACEMENT_3D('',#1614,#1279,#1280);
#1052=AXIS2_PLACEMENT_3D('',#1615,#1281,#1282);
#1053=AXIS2_PLACEMENT_3D('',#1619,#1284,#1285);
#1054=AXIS2_PLACEMENT_3D('',#1621,#1287,#1288);
#1055=AXIS2_PLACEMENT_3D('',#1651,#1292,#1293);
#1056=AXIS2_PLACEMENT_3D('',#1653,#1294,#1295);
#1057=AXIS2_PLACEMENT_3D('',#1655,#1297,#1298);
#1058=AXIS2_PLACEMENT_3D('',#1660,#1300,#1301);
#1059=AXIS2_PLACEMENT_3D('',#1662,#1302,#1303);
#1060=AXIS2_PLACEMENT_3D('',#1665,#1305,#1306);
#1061=AXIS2_PLACEMENT_3D('',#1666,#1307,#1308);
#1062=AXIS2_PLACEMENT_3D('',#1672,#1311,#1312);
#1063=AXIS2_PLACEMENT_3D('',#1675,#1314,#1315);
#1064=AXIS2_PLACEMENT_3D('',#1676,#1316,#1317);
#1065=AXIS2_PLACEMENT_3D('',#1680,#1320,#1321);
#1066=AXIS2_PLACEMENT_3D('',#1686,#1324,#1325);
#1067=AXIS2_PLACEMENT_3D('',#1689,#1327,#1328);
#1068=AXIS2_PLACEMENT_3D('',#1690,#1329,#1330);
#1069=AXIS2_PLACEMENT_3D('',#1691,#1331,#1332);
#1070=AXIS2_PLACEMENT_3D('',#1692,#1333,#1334);
#1071=AXIS2_PLACEMENT_3D('',#1694,#1335,#1336);
#1072=AXIS2_PLACEMENT_3D('',#1695,#1337,#1338);
#1073=AXIS2_PLACEMENT_3D('',#1696,#1339,#1340);
#1074=AXIS2_PLACEMENT_3D('',#1700,#1342,#1343);
#1075=AXIS2_PLACEMENT_3D('',#1701,#1344,#1345);
#1076=AXIS2_PLACEMENT_3D('',#1702,#1346,#1347);
#1077=AXIS2_PLACEMENT_3D('',#1705,#1350,#1351);
#1078=AXIS2_PLACEMENT_3D('',#1708,#1353,#1354);
#1079=AXIS2_PLACEMENT_3D('',#1709,#1355,#1356);
#1080=AXIS2_PLACEMENT_3D('',#1711,#1357,#1358);
#1081=AXIS2_PLACEMENT_3D('',#1713,#1359,#1360);
#1082=AXIS2_PLACEMENT_3D('',#1715,#1362,#1363);
#1083=AXIS2_PLACEMENT_3D('',#1717,#1365,#1366);
#1084=AXIS2_PLACEMENT_3D('',#1719,#1368,#1369);
#1085=AXIS2_PLACEMENT_3D('',#1722,#1371,#1372);
#1086=AXIS2_PLACEMENT_3D('',#1723,#1373,#1374);
#1087=AXIS2_PLACEMENT_3D('',#1725,#1376,#1377);
#1088=AXIS2_PLACEMENT_3D('',#1727,#1379,#1380);
#1089=AXIS2_PLACEMENT_3D('',#1730,#1383,#1384);
#1090=AXIS2_PLACEMENT_3D('',#1733,#1387,#1388);
#1091=AXIS2_PLACEMENT_3D('',#1734,#1389,#1390);
#1092=AXIS2_PLACEMENT_3D('',#1735,#1391,#1392);
#1093=AXIS2_PLACEMENT_3D('',#1737,#1394,#1395);
#1094=AXIS2_PLACEMENT_3D('',#1738,#1396,#1397);
#1095=AXIS2_PLACEMENT_3D('',#1740,#1399,#1400);
#1096=AXIS2_PLACEMENT_3D('',#1741,#1401,#1402);
#1097=AXIS2_PLACEMENT_3D('',#1743,#1403,#1404);
#1098=AXIS2_PLACEMENT_3D('',#1744,#1405,#1406);
#1099=AXIS2_PLACEMENT_3D('',#1746,#1408,#1409);
#1100=AXIS2_PLACEMENT_3D('',#1747,#1410,#1411);
#1101=AXIS2_PLACEMENT_3D('',#1748,#1412,#1413);
#1102=AXIS2_PLACEMENT_3D('',#1749,#1414,#1415);
#1103=DIRECTION('axis',(0.,0.,1.));
#1104=DIRECTION('refdir',(1.,0.,0.));
#1105=DIRECTION('axis',(0.,0.,1.));
#1106=DIRECTION('refdir',(1.,0.,0.));
#1107=DIRECTION('axis',(0.,0.,1.));
#1108=DIRECTION('refdir',(1.,0.,0.));
#1109=DIRECTION('axis',(0.,0.,1.));
#1110=DIRECTION('refdir',(1.,0.,0.));
#1111=DIRECTION('axis',(0.,0.,1.));
#1112=DIRECTION('refdir',(1.,0.,0.));
#1113=DIRECTION('axis',(0.,0.,1.));
#1114=DIRECTION('refdir',(1.,0.,0.));
#1115=DIRECTION('',(-2.62660267151212E-17,-4.49455152733395E-14,1.));
#1116=DIRECTION('',(1.,3.33066907387545E-16,2.62660267151362E-17));
#1117=DIRECTION('center_axis',(-0.000141983411895462,-0.999999989920355,
2.32374329375004E-25));
#1118=DIRECTION('ref_axis',(0.999999989920355,-0.000141983411895462,2.77555753358626E-17));
#1119=DIRECTION('center_axis',(0.000141983411895462,0.999999989920355,-2.32374329375004E-25));
#1120=DIRECTION('ref_axis',(0.999999989920355,-0.000141983411895462,2.77555753358626E-17));
#1121=DIRECTION('center_axis',(-0.000141983411895462,-0.999999989920355,
2.32374329375004E-25));
#1122=DIRECTION('ref_axis',(-0.999999989920355,0.000141983411895462,-2.77555754894212E-17));
#1123=DIRECTION('center_axis',(0.000141983411895493,0.999999989920355,0.));
#1124=DIRECTION('ref_axis',(0.999999989920355,-0.000141983411895493,2.77555753358626E-17));
#1125=DIRECTION('center_axis',(0.000141983411895517,0.999999989920355,6.3108872417681E-30));
#1126=DIRECTION('ref_axis',(0.999999989920355,-0.000141983411895517,2.77555753358626E-17));
#1127=DIRECTION('',(0.000141983411895493,0.999999989920355,0.));
#1128=DIRECTION('center_axis',(-0.000141983411895049,-0.999999989920355,
-4.5001039931473E-14));
#1129=DIRECTION('ref_axis',(-0.999999989920355,0.000141983411895049,-2.77555754894212E-17));
#1130=DIRECTION('center_axis',(-0.000141983411895406,-0.999999989920355,
2.32374330915748E-25));
#1131=DIRECTION('ref_axis',(0.999999989920355,-0.000141983411895406,2.77555753358626E-17));
#1132=DIRECTION('',(-0.000141983411895049,-0.999999989920355,-4.5001039931473E-14));
#1133=DIRECTION('center_axis',(-0.000141983411895752,-0.999999989920355,
-4.49455174658924E-14));
#1134=DIRECTION('ref_axis',(0.999999989920355,-0.000141983411895752,5.01593824651798E-26));
#1135=DIRECTION('',(8.70591590577812E-16,-4.49456426122453E-14,1.));
#1136=DIRECTION('center_axis',(0.000141983411895752,0.999999989920355,4.49455174658924E-14));
#1137=DIRECTION('ref_axis',(0.707106774059163,-0.00010039743339927,0.707106781186547));
#1138=DIRECTION('',(-0.999999989920355,0.000141983411895752,-1.65707012415078E-30));
#1139=DIRECTION('center_axis',(0.000141983411895752,0.999999989920355,4.49455174658924E-14));
#1140=DIRECTION('ref_axis',(-0.707106774059165,0.000100397433335708,0.707106781186545));
#1141=DIRECTION('',(-8.70591590577812E-16,4.49456426122453E-14,-1.));
#1142=DIRECTION('',(-0.999999989920355,0.000141983411895752,8.90179717670639E-16));
#1143=DIRECTION('',(1.95996891615579E-16,-4.49455468309873E-14,1.));
#1144=DIRECTION('center_axis',(-0.000141983411895577,-0.999999989920355,
-4.48473685352332E-14));
#1145=DIRECTION('ref_axis',(-0.208852544027985,2.96535970392039E-5,0.977947142729965));
#1146=DIRECTION('',(0.999999989920355,-0.000141983411895752,2.87761496739981E-15));
#1147=DIRECTION('center_axis',(0.000141983411895752,0.999999989920355,4.49455174658924E-14));
#1148=DIRECTION('ref_axis',(0.999999989920355,-0.000141983411895752,5.01593824651798E-26));
#1149=DIRECTION('',(0.999999989920355,-0.000141983411895752,2.87761496739981E-15));
#1150=DIRECTION('center_axis',(-0.000141983411896065,-0.999999989920355,
-4.495841978526E-14));
#1151=DIRECTION('ref_axis',(0.999999989920355,-0.000141983411896065,5.01453293395616E-26));
#1152=DIRECTION('',(2.2231410345416E-16,4.49454874377644E-14,-1.));
#1153=DIRECTION('',(-0.999999989920355,0.000141983411895752,8.90179717670639E-16));
#1154=DIRECTION('center_axis',(-0.000141983411895752,-0.999999989920355,
0.));
#1155=DIRECTION('ref_axis',(-0.999999989920355,0.000141983411895752,-2.77555754894196E-17));
#1156=DIRECTION('center_axis',(0.000141983411895493,0.999999989920355,0.));
#1157=DIRECTION('ref_axis',(0.999999989920355,-0.000141983411895493,2.77555753358626E-17));
#1158=DIRECTION('center_axis',(0.000141983411895517,0.999999989920355,6.3108872417681E-30));
#1159=DIRECTION('ref_axis',(0.999999989920355,-0.000141983411895517,2.77555753358626E-17));
#1160=DIRECTION('',(0.000141983411895493,0.999999989920355,0.));
#1161=DIRECTION('center_axis',(0.000141983411895462,0.999999989920355,-2.32374329375004E-25));
#1162=DIRECTION('ref_axis',(0.999999989920355,-0.000141983411895462,2.77555753358626E-17));
#1163=DIRECTION('center_axis',(-0.000141983411895462,-0.999999989920355,
2.32374329375004E-25));
#1164=DIRECTION('ref_axis',(0.999999989920355,-0.000141983411895462,2.77555753358626E-17));
#1165=DIRECTION('center_axis',(-0.000141983411895462,-0.999999989920355,
2.32374329375004E-25));
#1166=DIRECTION('ref_axis',(-0.999999989920355,0.000141983411895462,-2.77555754894196E-17));
#1167=DIRECTION('center_axis',(-0.000141983411895974,-0.999999989920355,
-4.51490696680897E-14));
#1168=DIRECTION('ref_axis',(-0.999999989920355,0.000141983411895974,-2.77555754894196E-17));
#1169=DIRECTION('',(-0.000141983411895974,-0.999999989920355,-4.51490696680897E-14));
#1170=DIRECTION('center_axis',(-0.00014198341189551,-0.999999989920355,
-4.49872801998355E-14));
#1171=DIRECTION('ref_axis',(0.938966108683728,-0.000133317613124436,0.344009634995521));
#1172=DIRECTION('center_axis',(0.000141983411895517,0.999999989920355,6.3108872417681E-30));
#1173=DIRECTION('ref_axis',(0.938966108683728,-0.000133317613108967,0.344009634995521));
#1174=DIRECTION('',(0.00014198341189551,0.999999989920355,4.49872801998355E-14));
#1175=DIRECTION('center_axis',(-0.000141983411895696,-0.999999989920355,
-4.49455114873814E-14));
#1176=DIRECTION('ref_axis',(0.938966108683728,-0.000133317613124597,0.344009634995521));
#1177=DIRECTION('',(-0.000141983411895681,-0.999999989920355,-4.47857278917713E-14));
#1178=DIRECTION('center_axis',(-0.000141983411895517,-0.999999989920355,
-6.3108872417681E-30));
#1179=DIRECTION('ref_axis',(0.999999989920355,-0.000141983411895517,0.));
#1180=DIRECTION('center_axis',(0.000141983411895517,0.999999989920355,6.30934649781258E-30));
#1181=DIRECTION('ref_axis',(0.772224215400913,-0.000109643029956123,0.635350099651248));
#1182=DIRECTION('center_axis',(0.000141983411895517,0.999999989920355,6.30934649781258E-30));
#1183=DIRECTION('ref_axis',(-0.20885254402798,2.9653597083049E-5,0.977947142729966));
#1184=DIRECTION('center_axis',(0.000141983411895517,0.999999989920355,6.3108872417681E-30));
#1185=DIRECTION('ref_axis',(-0.938966185283466,0.000133317623984859,0.344009425918284));
#1186=DIRECTION('',(9.22685343485961E-17,-1.31006014557711E-20,1.));
#1187=DIRECTION('',(-0.999999989920355,0.000141983411895517,-5.01699257760674E-26));
#1188=DIRECTION('',(-2.12292643911317E-16,3.01420342129792E-20,-1.));
#1189=DIRECTION('center_axis',(0.000141983411895752,0.999999989920355,0.));
#1190=DIRECTION('ref_axis',(0.999999989920355,-0.000141983411895752,0.));
#1191=DIRECTION('center_axis',(-0.000141983411895681,-0.999999989920355,
-4.47857278917713E-14));
#1192=DIRECTION('ref_axis',(0.772224215400913,-0.000109643029984704,0.635350099651248));
#1193=DIRECTION('center_axis',(-0.000141983411893392,-0.999999989920355,
-4.10337575113388E-14));
#1194=DIRECTION('ref_axis',(0.772224215400913,-0.000109643029980553,0.635350099651248));
#1195=DIRECTION('',(0.000141983411895681,0.999999989920355,4.47857278917713E-14));
#1196=DIRECTION('center_axis',(-0.00014198341189551,-0.999999989920355,
-4.4565577398482E-14));
#1197=DIRECTION('ref_axis',(-0.938966185283466,0.000133317623969521,0.344009425918284));
#1198=DIRECTION('',(0.000141983411895696,0.999999989920355,4.47857278917716E-14));
#1199=DIRECTION('center_axis',(-0.000141983411845935,-0.999999989920355,
-4.81675493891287E-14));
#1200=DIRECTION('ref_axis',(-0.938966185283466,0.000133317623921733,0.344009425918284));
#1201=DIRECTION('',(-0.00014198341189551,-0.999999989920355,-4.4565577398482E-14));
#1202=DIRECTION('center_axis',(-0.000141983411845935,-0.999999989920355,
-4.81675493891287E-14));
#1203=DIRECTION('ref_axis',(0.999999989920355,-0.000141983411845935,2.77555754916561E-17));
#1204=DIRECTION('center_axis',(-0.000141983411895696,-0.999999989920355,
-4.49454896100889E-14));
#1205=DIRECTION('ref_axis',(-0.20885254402798,2.96535970391321E-5,0.977947142729966));
#1206=DIRECTION('center_axis',(0.000141983411895696,0.999999989920355,4.49455194357057E-14));
#1207=DIRECTION('ref_axis',(-0.208852544027985,2.96535970391328E-5,0.977947142729965));
#1208=DIRECTION('center_axis',(-0.000141983411895696,-0.999999989920355,
-4.49455161222919E-14));
#1209=DIRECTION('ref_axis',(-0.208852544027963,2.96535970391296E-5,0.97794714272997));
#1210=DIRECTION('',(-8.58870161920506E-17,4.49455318006752E-14,-1.));
#1211=DIRECTION('center_axis',(-0.000141983411895696,-0.999999989920355,
-4.47857278917716E-14));
#1212=DIRECTION('ref_axis',(-0.20885254402798,2.96535970392883E-5,0.977947142729966));
#1213=DIRECTION('center_axis',(0.00014198341189551,0.999999989920355,4.48763833111642E-14));
#1214=DIRECTION('ref_axis',(0.707106774059163,-0.00010039743339905,0.707106781186547));
#1215=DIRECTION('center_axis',(0.707006376625795,-0.70720717149253,-3.26625596947951E-14));
#1216=DIRECTION('ref_axis',(0.70720717149253,0.707006376625795,3.08523168131362E-14));
#1217=DIRECTION('',(0.00014198341189551,0.999999989920355,4.48763833111642E-14));
#1218=DIRECTION('',(-0.00014198341189551,-0.999999989920355,-4.48763833111642E-14));
#1219=DIRECTION('center_axis',(6.37170206622006E-18,4.48763828588262E-14,
-1.));
#1220=DIRECTION('ref_axis',(0.999999989920355,-0.000141983411895752,5.01593801540639E-26));
#1221=DIRECTION('',(0.999999989920355,-0.000141983411895517,5.01699257760674E-26));
#1222=DIRECTION('',(-0.00014198341189551,-0.999999989920355,-4.48763833111642E-14));
#1223=DIRECTION('center_axis',(0.00014198341189551,0.999999989920355,4.48763833111642E-14));
#1224=DIRECTION('ref_axis',(-0.707106774059165,0.000100397433335586,0.707106781186545));
#1225=DIRECTION('center_axis',(-0.707207171492528,-0.707006376625796,-3.26532859280893E-14));
#1226=DIRECTION('ref_axis',(-0.707006376625796,0.707207171492529,3.08915691246033E-14));
#1227=DIRECTION('',(0.00014198341189551,0.999999989920355,4.48763833111642E-14));
#1228=DIRECTION('center_axis',(0.999999989920355,-0.00014198341189551,-8.76973117490481E-16));
#1229=DIRECTION('ref_axis',(-8.76973108650904E-16,1.24515635361947E-19,
-1.));
#1230=DIRECTION('',(5.73211829095366E-20,4.0371745943071E-16,-1.));
#1231=DIRECTION('center_axis',(-0.999999989920355,0.00014198341189551,8.76973117490481E-16));
#1232=DIRECTION('ref_axis',(-0.000131175568206717,-0.923879523198907,-0.382683432365096));
#1233=DIRECTION('',(0.000100397433367319,0.70710677405917,-0.70710678118654));
#1234=DIRECTION('center_axis',(-0.999999989920355,0.00014198341189551,8.76973117490481E-16));
#1235=DIRECTION('ref_axis',(-5.43346994038898E-5,-0.382683428507773,-0.923879532511288));
#1236=DIRECTION('',(-0.00014198341189551,-0.999999989920355,1.08375237762886E-21));
#1237=DIRECTION('',(0.000100397433366698,0.707106774059163,-0.707106781186547));
#1238=DIRECTION('center_axis',(0.999999989920355,-0.000141983411895493,
5.01710027560923E-26));
#1239=DIRECTION('ref_axis',(0.000100397433367304,0.707106774059146,0.707106781186564));
#1240=DIRECTION('',(0.999999989920355,-0.000141983411895493,5.01710027560923E-26));
#1241=DIRECTION('center_axis',(0.999999989920355,-0.00014198341189551,2.15932587557592E-16));
#1242=DIRECTION('ref_axis',(0.000100397433367163,0.707106774059146,0.707106781186564));
#1243=DIRECTION('',(0.999999989920355,-0.000141983411895517,5.01699257760674E-26));
#1244=DIRECTION('center_axis',(0.000141983411895493,0.999999989920355,0.));
#1245=DIRECTION('ref_axis',(0.,0.,1.));
#1246=DIRECTION('',(8.76973108650903E-16,-1.24515635361925E-19,1.));
#1247=DIRECTION('',(-0.999999989920355,0.000141983411895493,2.96002294090725E-16));
#1248=DIRECTION('',(1.7504175871323E-20,1.23283244579471E-16,-1.));
#1249=DIRECTION('center_axis',(0.999999989920355,-0.000141983411895493,
5.01710027560923E-26));
#1250=DIRECTION('ref_axis',(0.000100397433367304,0.707106774059146,0.707106781186564));
#1251=DIRECTION('',(0.999999989920355,-0.000141983411895517,5.01699257760674E-26));
#1252=DIRECTION('center_axis',(-0.999999989920355,0.00014198341189551,2.02378411728573E-16));
#1253=DIRECTION('ref_axis',(0.000100397433367459,0.707106774059146,0.707106781186564));
#1254=DIRECTION('',(0.999999989920355,-0.000141983411895493,5.01710027560923E-26));
#1255=DIRECTION('center_axis',(0.999999989920355,-0.000141983411895517,
5.01699257760674E-26));
#1256=DIRECTION('ref_axis',(-0.00010039743336732,-0.707106774059145,-0.707106781186565));
#1257=DIRECTION('center_axis',(-0.999999989920355,0.00014198341189551,-2.15932587557592E-16));
#1258=DIRECTION('ref_axis',(-0.000100397433367163,-0.707106774059145,-0.707106781186565));
#1259=DIRECTION('center_axis',(0.999999989920355,-0.00014198341189551,-2.02378411728573E-16));
#1260=DIRECTION('ref_axis',(-0.000100397433367459,-0.707106774059145,-0.707106781186565));
#1261=DIRECTION('center_axis',(0.999999989920355,-0.00014198341189551,2.15932587557592E-16));
#1262=DIRECTION('ref_axis',(2.15932585381068E-16,-3.06588455181042E-20,
-1.));
#1263=DIRECTION('center_axis',(-0.999999989920355,0.00014198341189551,-2.15932587557592E-16));
#1264=DIRECTION('ref_axis',(-0.000131175568206299,-0.923879523198909,-0.382683432365091));
#1265=DIRECTION('',(0.000100397433367517,0.707106774059164,-0.707106781186546));
#1266=DIRECTION('center_axis',(-0.999999989920355,0.00014198341189551,-2.15932587557592E-16));
#1267=DIRECTION('ref_axis',(-5.43346994028805E-5,-0.382683428507776,-0.923879532511287));
#1268=DIRECTION('',(0.000141983411894918,0.999999989920355,-1.18423789293327E-15));
#1269=DIRECTION('',(-0.000100397433367032,-0.707106774059163,0.707106781186547));
#1270=DIRECTION('',(-0.000141983411895681,-0.999999989920355,-4.47857278917713E-14));
#1271=DIRECTION('',(2.05911125752536E-16,-4.49455488421079E-14,1.));
#1272=DIRECTION('center_axis',(-0.000141983411895681,-0.999999989920355,
-4.47857278917713E-14));
#1273=DIRECTION('ref_axis',(0.867844971964598,-0.000123219591380306,0.496835072687808));
#1274=DIRECTION('',(0.000141983411895752,0.999999989920355,4.49455185496448E-14));
#1275=DIRECTION('center_axis',(-0.000141983411895696,-0.999999989920355,
-4.49455057981413E-14));
#1276=DIRECTION('ref_axis',(0.867844971964598,-0.000123219591380398,0.496835072687808));
#1277=DIRECTION('center_axis',(-0.000141983411895696,-0.999999989920355,
-4.49455114873814E-14));
#1278=DIRECTION('ref_axis',(0.999999989920355,-0.000141983411895696,2.77555754894196E-17));
#1279=DIRECTION('center_axis',(0.000141983411895696,0.999999989920355,4.49455114873814E-14));
#1280=DIRECTION('ref_axis',(0.999999989920355,-0.000141983411895696,5.01618746185279E-26));
#1281=DIRECTION('center_axis',(-0.000141983411895711,-0.999999989920355,
-4.48763833111642E-14));
#1282=DIRECTION('ref_axis',(0.999999989920355,-0.000141983411895711,5.01611997726753E-26));
#1283=DIRECTION('',(0.000141983411895752,0.999999989920355,4.49455185496448E-14));
#1284=DIRECTION('center_axis',(0.000141983411896085,0.999999989920355,4.4945514710688E-14));
#1285=DIRECTION('ref_axis',(0.208852544027982,-2.96535971271223E-5,0.977947142729966));
#1286=DIRECTION('',(0.000141983411896107,0.999999989920355,4.49455185496448E-14));
#1287=DIRECTION('center_axis',(-0.000141983411845942,-0.999999989920355,
-4.82307835803049E-14));
#1288=DIRECTION('ref_axis',(-0.208852544027963,2.96535970255256E-5,0.97794714272997));
#1289=DIRECTION('',(-0.000141983411845942,-0.999999989920355,-4.82307835803049E-14));
#1290=DIRECTION('',(-0.000141983411895752,-0.999999989920355,-4.49455185496448E-14));
#1291=DIRECTION('',(-0.000141983411845942,-0.999999989920355,-4.82307835803049E-14));
#1292=DIRECTION('center_axis',(-0.000141983411895711,-0.999999989920355,
-4.48763833111642E-14));
#1293=DIRECTION('ref_axis',(-0.208852544027985,2.96535970392035E-5,0.977947142729965));
#1294=DIRECTION('center_axis',(0.000141983411895852,0.999999989920355,4.49765521200329E-14));
#1295=DIRECTION('ref_axis',(-0.991229050759638,0.000140738084009786,0.132155019287726));
#1296=DIRECTION('',(-0.000141983411895752,-0.999999989920355,-4.49455185496448E-14));
#1297=DIRECTION('center_axis',(0.000141983411896107,0.999999989920355,4.49455185496448E-14));
#1298=DIRECTION('ref_axis',(0.297603389355978,-4.22547450814292E-5,0.954689593982448));
#1299=DIRECTION('',(-0.000141983411896107,-0.999999989920355,-4.49455185496448E-14));
#1300=DIRECTION('center_axis',(0.000141983411896085,0.999999989920355,2.94976491465549E-17));
#1301=DIRECTION('ref_axis',(0.297603389355978,-4.22547450385418E-5,0.954689593982448));
#1302=DIRECTION('center_axis',(0.000141983411895337,0.999999989920355,4.46088826763549E-14));
#1303=DIRECTION('ref_axis',(0.297603389355978,-4.22547450808786E-5,0.954689593982448));
#1304=DIRECTION('',(0.000141983411896107,0.999999989920355,4.49455185496448E-14));
#1305=DIRECTION('center_axis',(-0.000141983411895337,-0.999999989920355,
-4.46088826763549E-14));
#1306=DIRECTION('ref_axis',(0.297603389355978,-4.22547450808786E-5,0.954689593982448));
#1307=DIRECTION('center_axis',(-0.999999989920355,0.00014198341189551,8.76973117490481E-16));
#1308=DIRECTION('ref_axis',(8.76973108650904E-16,-1.24515635361947E-19,
1.));
#1309=DIRECTION('',(0.000100397433367032,0.707106774059163,-0.707106781186547));
#1310=DIRECTION('',(-0.000141983411894918,-0.999999989920355,1.18423789293327E-15));
#1311=DIRECTION('center_axis',(0.999999989920355,-0.00014198341189551,-8.76973117490481E-16));
#1312=DIRECTION('ref_axis',(-5.43346994038902E-5,-0.382683428507776,-0.923879532511287));
#1313=DIRECTION('',(-0.000100397433367517,-0.707106774059164,0.707106781186546));
#1314=DIRECTION('center_axis',(0.999999989920355,-0.00014198341189551,-8.76973117490481E-16));
#1315=DIRECTION('ref_axis',(-0.000131175568206717,-0.923879523198909,-0.382683432365091));
#1316=DIRECTION('center_axis',(0.000141983411895493,0.999999989920355,0.));
#1317=DIRECTION('ref_axis',(0.,0.,1.));
#1318=DIRECTION('',(2.0237840968867E-16,-2.87343773912136E-20,1.));
#1319=DIRECTION('',(-0.999999989920355,0.000141983411895493,2.96002294090722E-16));
#1320=DIRECTION('center_axis',(-0.999999989920355,0.00014198341189551,2.02378411728573E-16));
#1321=DIRECTION('ref_axis',(2.02378409746413E-16,-2.83276915072522E-20,
1.));
#1322=DIRECTION('',(-0.000100397433367771,-0.707106774059163,0.707106781186547));
#1323=DIRECTION('',(-0.000141983411895929,-0.999999989920355,1.08375237762886E-21));
#1324=DIRECTION('center_axis',(0.999999989920355,-0.00014198341189551,-2.02378411728573E-16));
#1325=DIRECTION('ref_axis',(-5.43346994032666E-5,-0.382683428507773,-0.923879532511288));
#1326=DIRECTION('',(0.000100397433367319,0.70710677405917,-0.70710678118654));
#1327=DIRECTION('center_axis',(0.999999989920355,-0.00014198341189551,-2.02378411728573E-16));
#1328=DIRECTION('ref_axis',(-0.000131175568206458,-0.923879523198907,-0.382683432365096));
#1329=DIRECTION('center_axis',(0.000141983411896085,0.999999989920355,4.4945514710688E-14));
#1330=DIRECTION('ref_axis',(-0.999999989920355,0.000141983411896085,-5.01594309986144E-26));
#1331=DIRECTION('center_axis',(-0.000141983411896085,-0.999999989920355,
-2.94976491465549E-17));
#1332=DIRECTION('ref_axis',(0.999999989920355,-0.000141983411896085,5.0159435886414E-26));
#1333=DIRECTION('center_axis',(0.000141983411896085,0.999999989920355,4.4945514710688E-14));
#1334=DIRECTION('ref_axis',(-0.999999989920355,0.000141983411896085,-5.01594309986144E-26));
#1335=DIRECTION('center_axis',(-0.000141983411896085,-0.999999989920355,
-2.94976491465549E-17));
#1336=DIRECTION('ref_axis',(0.999999989920355,-0.000141983411896085,5.0159435886414E-26));
#1337=DIRECTION('center_axis',(0.000141983411896946,0.999999989920355,4.4511686697233E-14));
#1338=DIRECTION('ref_axis',(-0.990005817854014,0.000140564405227301,0.141026454457495));
#1339=DIRECTION('center_axis',(0.000141983411896107,0.999999989920355,4.49455185496448E-14));
#1340=DIRECTION('ref_axis',(-0.990005817854014,0.00014056440522641,0.141026454457495));
#1341=DIRECTION('',(0.000141983411896107,0.999999989920355,4.49455185496448E-14));
#1342=DIRECTION('center_axis',(-0.000141983411896946,-0.999999989920355,
-4.4511686697233E-14));
#1343=DIRECTION('ref_axis',(-0.990005817854014,0.000140564405227301,0.141026454457495));
#1344=DIRECTION('center_axis',(0.000141983411896085,0.999999989920355,2.94976491465549E-17));
#1345=DIRECTION('ref_axis',(-0.990005817854014,0.000140564405232722,0.141026454457495));
#1346=DIRECTION('center_axis',(0.000141983411896085,0.999999989920355,4.4945514710688E-14));
#1347=DIRECTION('ref_axis',(-0.999999989920355,0.000141983411896085,-5.01594309986144E-26));
#1348=DIRECTION('',(-0.999999989920355,0.000141983411896085,-6.82747778990204E-15));
#1349=DIRECTION('',(-0.999999989920355,0.000141983411896085,-9.86237276865614E-14));
#1350=DIRECTION('center_axis',(-0.000141983411896085,-0.999999989920355,
-2.94976491465549E-17));
#1351=DIRECTION('ref_axis',(0.999999989920355,-0.000141983411896085,3.85178465713602E-32));
#1352=DIRECTION('',(-0.999999989920355,0.000141983411896085,-2.87761496739981E-15));
#1353=DIRECTION('center_axis',(-0.000141983411896085,-0.999999989920355,
-2.94976491465549E-17));
#1354=DIRECTION('ref_axis',(0.999999989920355,-0.000141983411896085,5.0159435886414E-26));
#1355=DIRECTION('center_axis',(-0.000141983411896085,-0.999999989920355,
-2.94976491465549E-17));
#1356=DIRECTION('ref_axis',(0.999999989920355,-0.000141983411896085,3.85178465713602E-32));
#1357=DIRECTION('center_axis',(-0.000141983411896085,-0.999999989920355,
-2.94976491465549E-17));
#1358=DIRECTION('ref_axis',(0.999999989920355,-0.000141983411896085,5.0159435886414E-26));
#1359=DIRECTION('center_axis',(-0.000141983411896085,-0.999999989920355,
-2.94976491465549E-17));
#1360=DIRECTION('ref_axis',(0.999999989920355,-0.000141983411896085,5.0159435886414E-26));
#1361=DIRECTION('',(-0.999999989920355,0.000141983411896085,-2.87761496739981E-15));
#1362=DIRECTION('center_axis',(-2.87761493895401E-15,4.04632759913221E-19,
1.));
#1363=DIRECTION('ref_axis',(1.,3.33066907387417E-16,2.87761493895401E-15));
#1364=DIRECTION('',(0.000141983411895752,0.999999989920355,4.49455185496448E-14));
#1365=DIRECTION('center_axis',(-2.87761493895401E-15,4.04632759913221E-19,
1.));
#1366=DIRECTION('ref_axis',(1.,3.33066907387417E-16,2.87761493895401E-15));
#1367=DIRECTION('',(-0.000141983411895752,-0.999999989920355,-4.49455185496448E-14));
#1368=DIRECTION('center_axis',(-0.000141983411895711,-0.999999989920355,
-4.48763833111642E-14));
#1369=DIRECTION('ref_axis',(0.999999989920355,-0.000141983411895711,5.01612213430907E-26));
#1370=DIRECTION('',(-0.000141983411895711,-0.999999989920355,-4.48763833111642E-14));
#1371=DIRECTION('center_axis',(0.000141983411895752,0.999999989920355,4.49455174658924E-14));
#1372=DIRECTION('ref_axis',(0.999999989920355,-0.000141983411895752,5.01593832355518E-26));
#1373=DIRECTION('center_axis',(0.000100397433367898,0.707106774059162,0.707106781186548));
#1374=DIRECTION('ref_axis',(-0.000100397433367771,-0.707106774059163,0.707106781186547));
#1375=DIRECTION('',(0.999999989920355,-0.000141983411896331,0.));
#1376=DIRECTION('center_axis',(0.000100397433367515,0.707106774059162,0.707106781186548));
#1377=DIRECTION('ref_axis',(0.000100397433367032,0.707106774059163,-0.707106781186547));
#1378=DIRECTION('',(-0.999999989920355,0.000141983411895789,0.));
#1379=DIRECTION('center_axis',(-0.000100397433367514,-0.707106774059154,
-0.707106781186555));
#1380=DIRECTION('ref_axis',(0.000100397433367319,0.70710677405917,-0.70710678118654));
#1381=DIRECTION('',(-0.999999989920355,0.000141983411895789,2.93663618812692E-37));
#1382=DIRECTION('',(0.999999989920355,-0.000141983411895493,-2.96002294090722E-16));
#1383=DIRECTION('center_axis',(-0.000100397433367515,-0.707106774059161,
-0.707106781186549));
#1384=DIRECTION('ref_axis',(-0.000100397433367517,-0.707106774059164,0.707106781186546));
#1385=DIRECTION('',(-0.999999989920355,0.000141983411895789,9.5830838542711E-21));
#1386=DIRECTION('',(0.999999989920355,-0.000141983411895493,-2.96002294090725E-16));
#1387=DIRECTION('center_axis',(0.999999989920355,-0.000141983411895493,
-2.96002294090722E-16));
#1388=DIRECTION('ref_axis',(-0.000131175568206479,-0.923879523198907,-0.382683432365096));
#1389=DIRECTION('center_axis',(-0.999999989920355,0.000141983411895493,
2.96002294090725E-16));
#1390=DIRECTION('ref_axis',(-0.000131175568206479,-0.923879523198909,-0.382683432365091));
#1391=DIRECTION('center_axis',(-1.53874860226507E-25,-1.08375236670502E-21,
-1.));
#1392=DIRECTION('ref_axis',(0.000141983411895929,0.999999989920355,-1.08375237762886E-21));
#1393=DIRECTION('',(0.999999989920355,-0.000141983411895789,-5.87356874552472E-37));
#1394=DIRECTION('center_axis',(0.999999989920355,-0.000141983411895789,
-5.87327237625396E-37));
#1395=DIRECTION('ref_axis',(-5.43346994031864E-5,-0.382683428507773,-0.923879532511288));
#1396=DIRECTION('center_axis',(-1.68142136534946E-19,-1.18423788099657E-15,
-1.));
#1397=DIRECTION('ref_axis',(-0.000141983411894918,-0.999999989920355,1.18423789293327E-15));
#1398=DIRECTION('',(0.999999989920355,-0.000141983411895789,0.));
#1399=DIRECTION('center_axis',(-0.999999989920355,0.000141983411895789,
0.));
#1400=DIRECTION('ref_axis',(-5.43346994031868E-5,-0.382683428507776,-0.923879532511287));
#1401=DIRECTION('center_axis',(-0.000141983411895517,-0.999999989920355,
-6.3108872417681E-30));
#1402=DIRECTION('ref_axis',(0.999999989920355,-0.000141983411895517,0.));
#1403=DIRECTION('center_axis',(0.000141983411895752,0.999999989920355,0.));
#1404=DIRECTION('ref_axis',(0.999999989920355,-0.000141983411895752,0.));
#1405=DIRECTION('center_axis',(-0.000141983411895419,-0.999999989920355,
0.));
#1406=DIRECTION('ref_axis',(0.999999989920355,-0.000141983411895419,0.));
#1407=DIRECTION('',(-0.000141983411895419,-0.999999989920355,0.));
#1408=DIRECTION('',(-1.54074395550979E-33,0.,1.));
#1409=DIRECTION('',(1.,-1.33597264947645E-33,1.54074395550979E-33));
#1410=DIRECTION('',(-1.02429934192031E-33,-4.49936487607504E-14,1.));
#1411=DIRECTION('',(1.,2.77555756156287E-16,1.24892705033624E-29));
#1412=DIRECTION('',(1.17542788376034E-17,-4.81334874109124E-17,1.));
#1413=DIRECTION('',(1.,-5.55111512312591E-17,-1.17542788376034E-17));
#1414=DIRECTION('',(-2.71118570279977E-49,4.81334874109053E-17,1.));
#1415=DIRECTION('',(1.,2.71050543134688E-20,-1.30466079056898E-36));
#1416=CARTESIAN_POINT('',(0.,0.,0.));
#1417=CARTESIAN_POINT('',(0.,0.,0.));
#1418=CARTESIAN_POINT('',(0.,0.,0.));
#1419=CARTESIAN_POINT('',(0.,0.,0.));
#1420=CARTESIAN_POINT('',(0.,0.,0.));
#1421=CARTESIAN_POINT('',(0.,0.,0.));
#1422=CARTESIAN_POINT('',(0.11794511774212,1896.47973957089,99.9894734575228));
#1423=CARTESIAN_POINT('Origin',(-21.4619262642865,-70.0148551459929,177.156892134179));
#1424=CARTESIAN_POINT('',(-24.4619262340476,-70.0144291957572,177.156892134179));
#1425=CARTESIAN_POINT('Origin',(-21.4619262642865,-70.0148551459929,177.156892134179));
#1426=CARTESIAN_POINT('',(-20.011926278902,-70.0150610219402,177.15689213418));
#1427=CARTESIAN_POINT('Origin',(-21.4619262642865,-70.0148551459929,177.15689213418));
#1428=CARTESIAN_POINT('Origin',(-21.464056015465,-85.0148549947982,177.156892134179));
#1429=CARTESIAN_POINT('',(-24.464055985226,-85.0144290445625,177.156892134179));
#1430=CARTESIAN_POINT('Origin',(-21.464056015465,-85.0148549947982,177.156892134179));
#1431=CARTESIAN_POINT('',(-24.4640559852261,-85.0144290445625,177.156892134179));
#1432=CARTESIAN_POINT('Origin',(-21.4583766789892,-45.0148553979897,177.156892134181));
#1433=CARTESIAN_POINT('',(-20.0105064447831,-60.0150611227365,177.15689213418));
#1434=CARTESIAN_POINT('Origin',(-21.4605064301676,-60.0148552467894,177.156892134179));
#1435=CARTESIAN_POINT('',(-20.0083766936047,-45.015061273937,177.156892134181));
#1436=CARTESIAN_POINT('Origin',(0.000272698055352872,-60.0179023214617,
148.944196766943));
#1437=CARTESIAN_POINT('',(26.9328265637734,-60.0217262973869,97.5289362366611));
#1438=CARTESIAN_POINT('',(26.9328265637735,-60.0217262973896,158.359457297225));
#1439=CARTESIAN_POINT('',(26.9328265637735,-60.0217262973876,113.986566501803));
#1440=CARTESIAN_POINT('',(21.9328266141717,-60.0210163803303,163.359457297225));
#1441=CARTESIAN_POINT('Origin',(21.9328266141717,-60.0210163803301,158.359457297225));
#1442=CARTESIAN_POINT('',(-21.932281218061,-60.0147882625944,163.359457297225));
#1443=CARTESIAN_POINT('',(-13.4660042348037,-60.0159903334986,163.359457297225));
#1444=CARTESIAN_POINT('',(-26.9322811676628,-60.0140783455347,158.359457297225));
#1445=CARTESIAN_POINT('Origin',(-21.932281218061,-60.0147882625941,158.359457297225));
#1446=CARTESIAN_POINT('',(-26.9322811676628,-60.014078345532,97.5289362366611));
#1447=CARTESIAN_POINT('',(-26.9322811676628,-60.0140783455342,146.901827032087));
#1448=CARTESIAN_POINT('',(-29.9322811374238,-60.0136523952963,97.5289362366611));
#1449=CARTESIAN_POINT('',(-13.4660042348038,-60.0159903334957,97.5289362366611));
#1450=CARTESIAN_POINT('',(-29.9322811374238,-60.0136523952992,163.359457297225));
#1451=CARTESIAN_POINT('',(-29.9322811374238,-60.013652395297,113.986566501803));
#1452=CARTESIAN_POINT('',(-29.6004383058781,-60.0136995114773,168.359457297225));
#1453=CARTESIAN_POINT('Ctrl Pts',(-29.6004383058741,-60.0136995114774,168.359457297224));
#1454=CARTESIAN_POINT('Ctrl Pts',(-29.6837129900721,-60.0136876878535,167.734855308751));
#1455=CARTESIAN_POINT('Ctrl Pts',(-29.755347920475,-60.0136775168815,167.066142459907));
#1456=CARTESIAN_POINT('Ctrl Pts',(-29.8058644247298,-60.0136703443757,166.449733764748));
#1457=CARTESIAN_POINT('Ctrl Pts',(-29.8563809289846,-60.01366317187,165.83332506959));
#1458=CARTESIAN_POINT('Ctrl Pts',(-29.8866745273271,-60.0136588706815,165.269324695581));
#1459=CARTESIAN_POINT('Ctrl Pts',(-29.9039277427688,-60.013656421011,164.823923391292));
#1460=CARTESIAN_POINT('Ctrl Pts',(-29.9211195080424,-60.0136539800655,164.380108457101));
#1461=CARTESIAN_POINT('Ctrl Pts',(-29.9277986938936,-60.0136530317319,163.995283524456));
#1462=CARTESIAN_POINT('Ctrl Pts',(-29.9303660952222,-60.0136526672035,163.740121334597));
#1463=CARTESIAN_POINT('Ctrl Pts',(-29.9325024811951,-60.0136523638721,163.527795775231));
#1464=CARTESIAN_POINT('Ctrl Pts',(-29.932270273034,-60.0136523968418,163.404827505112));
#1465=CARTESIAN_POINT('Ctrl Pts',(-29.932279760249,-60.0136523954948,163.369665571298));
#1466=CARTESIAN_POINT('Ctrl Pts',(-29.9322806783639,-60.0136523953644,163.366262813357));
#1467=CARTESIAN_POINT('Ctrl Pts',(-29.9322811374214,-60.0136523952993,163.36286005529));
#1468=CARTESIAN_POINT('Ctrl Pts',(-29.9322811374214,-60.0136523952993,163.359457297225));
#1469=CARTESIAN_POINT('',(-24.9322811878219,-60.0143623123596,182.15689213418));
#1470=CARTESIAN_POINT('Origin',(7.90207412616097,-60.0190242462006,163.359457297225));
#1471=CARTESIAN_POINT('',(-14.4826965404377,-60.0158459800557,182.15689213418));
#1472=CARTESIAN_POINT('',(-0.0268882461011193,-60.0178984650596,182.15689213418));
#1473=CARTESIAN_POINT('',(14.4832419365484,-60.0199586628709,182.15689213418));
#1474=CARTESIAN_POINT('Origin',(0.00027269805534379,-60.0179023214633,182.859457297225));
#1475=CARTESIAN_POINT('',(24.9328265839326,-60.0214423305669,182.15689213418));
#1476=CARTESIAN_POINT('',(-0.0268882461011193,-60.0178984650596,182.15689213418));
#1477=CARTESIAN_POINT('',(29.9328265335345,-60.0221522476255,163.359457297225));
#1478=CARTESIAN_POINT('Origin',(-7.90152873005021,-60.0167803967242,163.359457297225));
#1479=CARTESIAN_POINT('',(29.9328265335346,-60.0221522476226,97.5289362366611));
#1480=CARTESIAN_POINT('',(29.9328265335345,-60.0221522476248,146.901827032087));
#1481=CARTESIAN_POINT('',(14.9665496157949,-60.020027284541,97.5289362366611));
#1482=CARTESIAN_POINT('',(22.9149702235469,-60.0211558284323,177.15689213418));
#1483=CARTESIAN_POINT('Origin',(21.4649702381624,-60.0209499524851,177.15689213418));
#1484=CARTESIAN_POINT('Origin',(21.461420652865,-85.0209497004943,177.156892134179));
#1485=CARTESIAN_POINT('',(18.4614206831039,-85.0205237502586,177.156892134179));
#1486=CARTESIAN_POINT('Origin',(21.461420652865,-85.0209497004943,177.156892134179));
#1487=CARTESIAN_POINT('',(18.4635504342823,-70.0205239014532,177.156892134179));
#1488=CARTESIAN_POINT('',(18.4614206831039,-85.0205237502586,177.156892134179));
#1489=CARTESIAN_POINT('Origin',(21.4635504040434,-70.0209498516889,177.156892134179));
#1490=CARTESIAN_POINT('Origin',(21.4635504040434,-70.0209498516889,177.156892134179));
#1491=CARTESIAN_POINT('',(22.9135503894279,-70.0211557276362,177.15689213418));
#1492=CARTESIAN_POINT('Origin',(21.4635504040434,-70.0209498516889,177.15689213418));
#1493=CARTESIAN_POINT('Origin',(21.4670999893408,-45.0209501036857,177.156892134181));
#1494=CARTESIAN_POINT('',(22.9170999747253,-45.021155979633,177.156892134181));
#1495=CARTESIAN_POINT('Origin',(27.9399257242886,-10.021868784785,181.432102486775));
#1496=CARTESIAN_POINT('',(29.4559064371296,-85.0220847848722,182.724156053081));
#1497=CARTESIAN_POINT('',(29.9292769482371,-85.0221519956346,181.432102486771));
#1498=CARTESIAN_POINT('Origin',(27.9292769683965,-85.0218680288109,181.432102486771));
#1499=CARTESIAN_POINT('',(29.9399257041293,-10.0221527516086,181.432102486775));
#1500=CARTESIAN_POINT('',(29.9399257041294,-10.0221527516088,181.432102486775));
#1501=CARTESIAN_POINT('',(29.4665551930218,-10.0220855408477,182.724156053084));
#1502=CARTESIAN_POINT('Origin',(27.9399257242886,-10.0218687847848,181.432102486775));
#1503=CARTESIAN_POINT('',(29.4665551930218,-10.0220855408479,182.724156053084));
#1504=CARTESIAN_POINT('Origin',(-0.00327688724203512,-85.0179020694715,
181.859457297228));
#1505=CARTESIAN_POINT('',(-0.00329659081740416,-85.0179020666722,200.359453089285));
#1506=CARTESIAN_POINT('Origin',(-11.0998436172432,-85.0163265410495,148.400043643812));
#1507=CARTESIAN_POINT('',(-29.4624607870101,-85.0137193539857,182.724155876088));
#1508=CARTESIAN_POINT('Origin',(11.0932819353468,-85.0194775967674,148.400080670086));
#1509=CARTESIAN_POINT('',(-29.9358307227175,-85.0136521433083,181.432102989641));
#1510=CARTESIAN_POINT('Origin',(-27.9358307428805,-85.0139361101321,181.432102989641));
#1511=CARTESIAN_POINT('',(-29.9358307227175,-85.0136521433083,168.359457297224));
#1512=CARTESIAN_POINT('',(-29.9358307227175,-85.0136521433083,177.456911774883));
#1513=CARTESIAN_POINT('',(29.9292769482371,-85.0221519956346,168.359457297224));
#1514=CARTESIAN_POINT('',(-13.4695538201011,-85.0159900815078,168.359457297224));
#1515=CARTESIAN_POINT('',(29.9292769482371,-85.0221519956346,172.609461854798));
#1516=CARTESIAN_POINT('',(-11.003276776366,-85.0163402519407,182.859457297228));
#1517=CARTESIAN_POINT('Origin',(-0.00327688724204492,-85.0179020694715,
182.859457297228));
#1518=CARTESIAN_POINT('Origin',(-11.089194861351,-10.0163272970236,148.400043643816));
#1519=CARTESIAN_POINT('',(0.00736201686230942,-10.0179028240475,200.359455193259));
#1520=CARTESIAN_POINT('Origin',(-11.089194861351,-10.0163272970236,148.400043643816));
#1521=CARTESIAN_POINT('',(0.007352165074923,-10.0179028226489,200.359453089288));
#1522=CARTESIAN_POINT('Origin',(-27.9251819869883,-10.0139368661061,181.432102989644));
#1523=CARTESIAN_POINT('',(-29.4518120311179,-10.0137201099616,182.724155876092));
#1524=CARTESIAN_POINT('',(-29.4518120311179,-10.0137201099616,182.724155876092));
#1525=CARTESIAN_POINT('',(-29.9251819668291,-10.0136528992823,181.432102989644));
#1526=CARTESIAN_POINT('Origin',(-27.9251819869883,-10.013936866106,181.432102989644));
#1527=CARTESIAN_POINT('',(-29.925181966829,-10.0136528992823,181.432102989644));
#1528=CARTESIAN_POINT('Origin',(-27.4265359640203,-10.01400766557,172.756931415587));
#1529=CARTESIAN_POINT('Origin',(11.103930691239,-10.0194783527417,148.400080670089));
#1530=CARTESIAN_POINT('',(-24.9251820172273,-10.0143628163418,182.156892134182));
#1531=CARTESIAN_POINT('Origin',(7.90917329675576,-10.0190247501828,163.359457297227));
#1532=CARTESIAN_POINT('',(-29.5933391352859,-10.0137000154596,168.359457297228));
#1533=CARTESIAN_POINT('Origin',(7.90917329675576,-10.0190247501828,163.359457297227));
#1534=CARTESIAN_POINT('',(-29.9251819668291,-10.0136528992815,163.359457297227));
#1535=CARTESIAN_POINT('Ctrl Pts',(-29.5933391352818,-10.0137000154596,168.359457297227));
#1536=CARTESIAN_POINT('Ctrl Pts',(-29.6766138194798,-10.0136881918357,167.734855308754));
#1537=CARTESIAN_POINT('Ctrl Pts',(-29.7482487498827,-10.0136780208637,167.066142459909));
#1538=CARTESIAN_POINT('Ctrl Pts',(-29.8492817583923,-10.0136636758522,165.833325069592));
#1539=CARTESIAN_POINT('Ctrl Pts',(-29.8795753567348,-10.0136593746637,165.269324695583));
#1540=CARTESIAN_POINT('Ctrl Pts',(-29.9140203374501,-10.0136544840477,164.380108457103));
#1541=CARTESIAN_POINT('Ctrl Pts',(-29.9206995233013,-10.0136535357141,163.995283524458));
#1542=CARTESIAN_POINT('Ctrl Pts',(-29.9254033106028,-10.0136528678543,163.527795775233));
#1543=CARTESIAN_POINT('Ctrl Pts',(-29.9251711024417,-10.013652900824,163.404827505114));
#1544=CARTESIAN_POINT('Ctrl Pts',(-29.9251815077716,-10.0136528993466,163.366262813359));
#1545=CARTESIAN_POINT('Ctrl Pts',(-29.9251819668291,-10.0136528992815,163.362860055292));
#1546=CARTESIAN_POINT('Ctrl Pts',(-29.9251819668291,-10.0136528992815,163.359457297227));
#1547=CARTESIAN_POINT('',(-29.9251819668291,-10.0136528992831,200.359457297228));
#1548=CARTESIAN_POINT('Origin',(11.103930691239,-10.0194783527417,148.400080670089));
#1549=CARTESIAN_POINT('Origin',(21.931051821523,-72.5210162543362,158.359457297224));
#1550=CARTESIAN_POINT('',(21.9299869459337,-80.0210161787375,163.359457297224));
#1551=CARTESIAN_POINT('',(26.9306968125951,-75.0217261461951,158.359457297224));
#1552=CARTESIAN_POINT('Origin',(21.9299869459338,-80.0210161787374,158.359457297224));
#1553=CARTESIAN_POINT('',(21.931051821523,-72.5210162543364,163.359457297224));
#1554=CARTESIAN_POINT('',(26.9310517711247,-72.5217261713957,158.359457297224));
#1555=CARTESIAN_POINT('Origin',(-26.9322811676628,-60.0140783455349,163.359457297225));
#1556=CARTESIAN_POINT('',(-21.935120886299,-80.0147880610015,163.359457297224));
#1557=CARTESIAN_POINT('',(-13.4688439030416,-80.0159901319058,163.359457297224));
#1558=CARTESIAN_POINT('',(-21.9340560107097,-72.514788136599,163.359457297224));
#1559=CARTESIAN_POINT('Origin',(-21.9340560107097,-72.5147881365988,158.359457297224));
#1560=CARTESIAN_POINT('',(-26.9344109188412,-75.0140781943402,158.359457297224));
#1561=CARTESIAN_POINT('Origin',(-21.935120886299,-80.0147880610015,158.359457297224));
#1562=CARTESIAN_POINT('',(-26.9340559603115,-72.5140782195393,158.359457297224));
#1563=CARTESIAN_POINT('Origin',(-26.9358307529602,-85.0140780935441,163.359457297228));
#1564=CARTESIAN_POINT('',(-26.9344109188412,-75.0140781943402,95.4578684247983));
#1565=CARTESIAN_POINT('',(-26.9344109188412,-75.0140781943402,97.5289362366611));
#1566=CARTESIAN_POINT('',(-26.9339950590559,-72.0851460357282,88.3868006129327));
#1567=CARTESIAN_POINT('Origin',(-26.9329910847223,-65.0140782951367,95.4578684247983));
#1568=CARTESIAN_POINT('',(-26.9323773854947,-60.691747868364,76.9934023307274));
#1569=CARTESIAN_POINT('',(-26.9322253116324,-59.620680067295,75.9223345188624));
#1570=CARTESIAN_POINT('',(-26.931875398328,-57.1562139980682,75.5289362366602));
#1571=CARTESIAN_POINT('Origin',(-26.9318753983279,-57.1562139980682,80.5289362366602));
#1572=CARTESIAN_POINT('',(-26.9291575326011,-38.0140785672832,75.5289362366602));
#1573=CARTESIAN_POINT('',(-26.9315357547504,-54.7640783984516,75.5289362366602));
#1574=CARTESIAN_POINT('',(-26.9302046602639,-45.3890784929464,82.9039362366608));
#1575=CARTESIAN_POINT('Origin',(-28.4351208207812,-80.0138651688241,158.359457297224));
#1576=CARTESIAN_POINT('',(29.9306967823561,-75.0221520964308,158.359457297224));
#1577=CARTESIAN_POINT('',(-28.4344109037218,-75.0138652192224,158.359457297224));
#1578=CARTESIAN_POINT('',(29.9299868652966,-80.0221520460327,163.359457297224));
#1579=CARTESIAN_POINT('Origin',(29.9299868652967,-80.0221520460326,158.359457297224));
#1580=CARTESIAN_POINT('',(-13.4688439030416,-80.0159901319058,163.359457297224));
#1581=CARTESIAN_POINT('Origin',(-29.9344108886023,-75.0136522441045,97.5289362366611));
#1582=CARTESIAN_POINT('',(26.930696812595,-75.0217261461951,95.4578684247986));
#1583=CARTESIAN_POINT('',(26.930696812595,-75.0217261461951,97.5289362366611));
#1584=CARTESIAN_POINT('',(29.9306967823561,-75.0221520964308,95.4578684247986));
#1585=CARTESIAN_POINT('',(-0.00185705312308213,-75.0179021702677,95.4578684247986));
#1586=CARTESIAN_POINT('',(29.9306967823561,-75.0221520964308,163.359457297227));
#1587=CARTESIAN_POINT('Origin',(-28.4351208207812,-80.0138651688241,158.359457297224));
#1588=CARTESIAN_POINT('',(-29.9351208056617,-80.0136521937064,163.359457297224));
#1589=CARTESIAN_POINT('',(-13.4688439030416,-80.0159901319058,163.359457297224));
#1590=CARTESIAN_POINT('',(-29.9344108886023,-75.0136522441045,158.359457297224));
#1591=CARTESIAN_POINT('Origin',(-29.9351208056617,-80.0136521937063,158.359457297224));
#1592=CARTESIAN_POINT('',(-28.4344109037218,-75.0138652192224,158.359457297224));
#1593=CARTESIAN_POINT('Origin',(-13.4688439030416,-80.015990131906,168.359457297224));
#1594=CARTESIAN_POINT('Origin',(29.9299868652967,-80.0221520460329,168.359457297224));
#1595=CARTESIAN_POINT('Origin',(-29.9351208056617,-80.0136521937066,168.359457297224));
#1596=CARTESIAN_POINT('Origin',(29.9292769482372,-85.0221519956347,163.359457297228));
#1597=CARTESIAN_POINT('',(29.9311126421414,-72.0932199378189,88.3868006129331));
#1598=CARTESIAN_POINT('Origin',(29.932116616475,-65.0221521972273,95.4578684247986));
#1599=CARTESIAN_POINT('',(29.9327303157026,-60.6998217704546,76.9934023307274));
#1600=CARTESIAN_POINT('',(29.9306967823561,-75.0221520964308,91.3157328010676));
#1601=CARTESIAN_POINT('',(29.9332323028694,-57.1642879001588,75.5289362366602));
#1602=CARTESIAN_POINT('Origin',(29.9332323028694,-57.1642879001588,80.5289362366602));
#1603=CARTESIAN_POINT('',(29.9359501685962,-38.0221524693738,75.5289362366602));
#1604=CARTESIAN_POINT('',(29.9338204174178,-53.022152318182,75.5289362366602));
#1605=CARTESIAN_POINT('',(29.9359501685962,-38.0221524693738,75.5289362366602));
#1606=CARTESIAN_POINT('',(29.9399257041293,-10.0221527516078,163.359457297227));
#1607=CARTESIAN_POINT('',(29.9399257041293,-10.0221527516078,163.359457297227));
#1608=CARTESIAN_POINT('',(29.9399257041293,-10.0221527516078,163.359457297227));
#1609=CARTESIAN_POINT('Origin',(-7.89442955945533,-10.0167809007064,163.359457297232));
#1610=CARTESIAN_POINT('',(24.9399257545288,-10.0214428345491,182.15689213418));
#1611=CARTESIAN_POINT('',(24.9328265839326,-60.0214423305669,182.15689213418));
#1612=CARTESIAN_POINT('Origin',(-7.89442955945533,-10.0167809007064,163.359457297232));
#1613=CARTESIAN_POINT('Origin',(14.9736396712477,-10.0200277872328,181.859466412372));
#1614=CARTESIAN_POINT('Origin',(-7.89442955945543,-10.0167809007064,163.359457297227));
#1615=CARTESIAN_POINT('Origin',(-7.90152873005021,-60.0167803967242,163.359457297225));
#1616=CARTESIAN_POINT('',(24.940635671587,-5.02144288495295,182.156892134183));
#1617=CARTESIAN_POINT('',(24.9328265839326,-60.0214423305669,182.15689213418));
#1618=CARTESIAN_POINT('',(0.00808178570966591,-5.01790287585007,200.359457297232));
#1619=CARTESIAN_POINT('Origin',(-7.89371964239584,-5.01678095111022,163.359457297232));
#1620=CARTESIAN_POINT('',(0.00098261511486052,-55.0179023718678,200.359457297229));
#1621=CARTESIAN_POINT('Origin',(7.90917329675576,-10.0190247501828,163.359457297227));
#1622=CARTESIAN_POINT('',(-29.5933391352859,-10.0137000154596,168.359457297228));
#1623=CARTESIAN_POINT('',(-24.9322811878219,-60.0143623123596,182.15689213418));
#1624=CARTESIAN_POINT('Ctrl Pts',(-29.9251819668291,-10.0136528992815,163.359457297227));
#1625=CARTESIAN_POINT('Ctrl Pts',(-29.9392383246019,-109.013651901397,163.359457297222));
#1626=CARTESIAN_POINT('Ctrl Pts',(-29.9251819668291,-10.0136528992815,163.362860055292));
#1627=CARTESIAN_POINT('Ctrl Pts',(-29.9392383246019,-109.013651901397,163.362860055287));
#1628=CARTESIAN_POINT('Ctrl Pts',(-29.9251815077716,-10.0136528993466,163.366262813359));
#1629=CARTESIAN_POINT('Ctrl Pts',(-29.9392378655444,-109.013651901462,163.366262813354));
#1630=CARTESIAN_POINT('Ctrl Pts',(-29.9251805896567,-10.013652899477,163.3696655713));
#1631=CARTESIAN_POINT('Ctrl Pts',(-29.9392369474295,-109.013651901592,163.369665571295));
#1632=CARTESIAN_POINT('Ctrl Pts',(-29.9251711024417,-10.013652900824,163.404827505114));
#1633=CARTESIAN_POINT('Ctrl Pts',(-29.9392274602145,-109.013651902939,163.404827505109));
#1634=CARTESIAN_POINT('Ctrl Pts',(-29.9254033106028,-10.0136528678543,163.527795775233));
#1635=CARTESIAN_POINT('Ctrl Pts',(-29.9394596683756,-109.013651869969,163.527795775228));
#1636=CARTESIAN_POINT('Ctrl Pts',(-29.9206995233013,-10.0136535357141,163.995283524458));
#1637=CARTESIAN_POINT('Ctrl Pts',(-29.9347558810741,-109.013652537829,163.995283524453));
#1638=CARTESIAN_POINT('Ctrl Pts',(-29.9140203374501,-10.0136544840477,164.380108457103));
#1639=CARTESIAN_POINT('Ctrl Pts',(-29.9280766952229,-109.013653486163,164.380108457098));
#1640=CARTESIAN_POINT('Ctrl Pts',(-29.8795753567348,-10.0136593746637,165.269324695583));
#1641=CARTESIAN_POINT('Ctrl Pts',(-29.8936317145076,-109.013658376779,165.269324695578));
#1642=CARTESIAN_POINT('Ctrl Pts',(-29.8492817583923,-10.0136636758522,165.833325069592));
#1643=CARTESIAN_POINT('Ctrl Pts',(-29.8633381161651,-109.013662677967,165.833325069587));
#1644=CARTESIAN_POINT('Ctrl Pts',(-29.7482487498827,-10.0136780208637,167.066142459909));
#1645=CARTESIAN_POINT('Ctrl Pts',(-29.7623051076555,-109.013677022979,167.066142459904));
#1646=CARTESIAN_POINT('Ctrl Pts',(-29.6766138194798,-10.0136881918357,167.734855308754));
#1647=CARTESIAN_POINT('Ctrl Pts',(-29.6906701772526,-109.013687193951,167.734855308749));
#1648=CARTESIAN_POINT('Ctrl Pts',(-29.5933391352818,-10.0137000154596,168.359457297227));
#1649=CARTESIAN_POINT('Ctrl Pts',(-29.6073954930546,-109.013699017575,168.359457297222));
#1650=CARTESIAN_POINT('',(-29.9251819668291,-10.0136528992815,163.359457297227));
#1651=CARTESIAN_POINT('Origin',(7.90207412616097,-60.0190242462006,163.359457297225));
#1652=CARTESIAN_POINT('',(-24.9244721001678,-5.01436286674559,182.156892134182));
#1653=CARTESIAN_POINT('Origin',(7.90988321381522,-5.0190248005866,163.359457297232));
#1654=CARTESIAN_POINT('',(-24.9322811878219,-60.0143623123596,182.15689213418));
#1655=CARTESIAN_POINT('Origin',(-10.7383006034253,-55.0163775717781,162.908633475099));
#1656=CARTESIAN_POINT('',(19.792494087324,-5.0207119342268,182.15689213418));
#1657=CARTESIAN_POINT('',(19.7853949167278,-55.0207114302563,182.15689213418));
#1658=CARTESIAN_POINT('',(19.7853949167278,-55.0207114302563,182.15689213418));
#1659=CARTESIAN_POINT('',(12.1043353554638,-55.0196208471963,190.844371165861));
#1660=CARTESIAN_POINT('Origin',(-10.7383006034253,-55.016377571772,162.908633475099));
#1661=CARTESIAN_POINT('',(0.000982615114828323,-55.0179023718677,197.359457297226));
#1662=CARTESIAN_POINT('Origin',(-10.7383006034253,-55.0163775717781,162.908633475099));
#1663=CARTESIAN_POINT('',(0.0080817857096349,-5.01790287584995,197.359457297228));
#1664=CARTESIAN_POINT('',(0.000982615114828323,-55.0179023718677,197.359457297226));
#1665=CARTESIAN_POINT('Origin',(-10.7312014328305,-5.01637807576038,162.908633475101));
#1666=CARTESIAN_POINT('Origin',(26.929276978476,-85.021726045399,97.5289362366611));
#1667=CARTESIAN_POINT('',(26.9359501988352,-38.0217265191381,75.5289362366602));
#1668=CARTESIAN_POINT('',(26.9359501988352,-38.0217265191381,75.5289362366602));
#1669=CARTESIAN_POINT('',(26.9332323331084,-57.1638619499231,75.5289362366602));
#1670=CARTESIAN_POINT('',(26.9338204476567,-53.0217263679463,75.5289362366602));
#1671=CARTESIAN_POINT('',(26.9327303459415,-60.6993958202189,76.9934023307274));
#1672=CARTESIAN_POINT('Origin',(26.9332323331083,-57.1638619499231,80.5289362366602));
#1673=CARTESIAN_POINT('',(26.9311126723803,-72.0927939875832,88.3868006129331));
#1674=CARTESIAN_POINT('',(26.930696812595,-75.0217261461951,91.3157328010676));
#1675=CARTESIAN_POINT('Origin',(26.932116646714,-65.0217262469916,95.4578684247986));
#1676=CARTESIAN_POINT('Origin',(-29.9344108886023,-75.0136522441045,97.5289362366611));
#1677=CARTESIAN_POINT('',(-29.9344108886023,-75.0136522441045,95.4578684247983));
#1678=CARTESIAN_POINT('',(-29.9344108886023,-75.0136522441045,97.5289362366611));
#1679=CARTESIAN_POINT('',(-29.9344108886023,-75.0136522441045,95.4578684247983));
#1680=CARTESIAN_POINT('Origin',(-29.9358307227212,-85.0136521433084,97.5289362366611));
#1681=CARTESIAN_POINT('',(-29.9291575023621,-38.0136526170475,75.5289362366602));
#1682=CARTESIAN_POINT('',(-29.9291575023621,-38.0136526170475,75.5289362366602));
#1683=CARTESIAN_POINT('',(-29.9318753680889,-57.1557880478325,75.5289362366602));
#1684=CARTESIAN_POINT('',(-29.9291575023621,-38.0136526170475,75.5289362366602));
#1685=CARTESIAN_POINT('',(-29.9323773552558,-60.6913219181283,76.9934023307274));
#1686=CARTESIAN_POINT('Origin',(-29.931875368089,-57.1557880478325,80.5289362366602));
#1687=CARTESIAN_POINT('',(-29.933995028817,-72.0847200854925,88.3868006129327));
#1688=CARTESIAN_POINT('',(-29.9322252813935,-59.6202541170593,75.9223345188624));
#1689=CARTESIAN_POINT('Origin',(-29.9329910544833,-65.013652344901,95.4578684247983));
#1690=CARTESIAN_POINT('Origin',(0.000982615114892248,-55.0179023718671,
184.359457297227));
#1691=CARTESIAN_POINT('Origin',(0.000982615114822356,-55.017902371861,182.859457297226));
#1692=CARTESIAN_POINT('Origin',(0.000982615114892248,-55.0179023718671,
184.359457297227));
#1693=CARTESIAN_POINT('',(-11.9228022039099,-55.0162093921931,191.110115011821));
#1694=CARTESIAN_POINT('Origin',(0.000982615114822356,-55.017902371861,182.859457297226));
#1695=CARTESIAN_POINT('Origin',(10.2253214086788,-55.0193540583871,163.351353471056));
#1696=CARTESIAN_POINT('Origin',(10.2253214086788,-55.0193540583871,163.351353471056));
#1697=CARTESIAN_POINT('',(-19.8984222003231,-55.0150769864481,182.15689213418));
#1698=CARTESIAN_POINT('',(-19.89132302973,-5.01507749041866,182.15689213418));
#1699=CARTESIAN_POINT('',(-19.8984222003234,-55.0150769864482,182.15689213418));
#1700=CARTESIAN_POINT('Origin',(10.2324205792736,-5.01935456236937,163.351353471059));
#1701=CARTESIAN_POINT('Origin',(10.2253214086788,-55.019354058381,163.351353471056));
#1702=CARTESIAN_POINT('Origin',(0.00808178570969761,-5.01790287584936,184.35945729723));
#1703=CARTESIAN_POINT('',(12.4743587286483,-5.0196728804011,182.15689213418));
#1704=CARTESIAN_POINT('',(-9.94162062201005,-5.01649018313982,182.156892134181));
#1705=CARTESIAN_POINT('Origin',(0.000982615114825617,-55.0179023718589,
135.186957297228));
#1706=CARTESIAN_POINT('',(14.4839518536079,-55.0199587132686,182.15689213418));
#1707=CARTESIAN_POINT('',(-0.0261783290416803,-55.0178985154553,182.15689213418));
#1708=CARTESIAN_POINT('Origin',(0.000982615114822356,-55.017902371861,182.859457297226));
#1709=CARTESIAN_POINT('Origin',(0.000982615114825617,-55.0179023718589,
135.186957297228));
#1710=CARTESIAN_POINT('',(-14.4990172387303,-55.0158436123879,182.859457297225));
#1711=CARTESIAN_POINT('Origin',(0.000982615114822356,-55.017902371861,182.859457297226));
#1712=CARTESIAN_POINT('',(-14.4819866233782,-55.0158460304534,182.15689213418));
#1713=CARTESIAN_POINT('Origin',(0.000982615114822356,-55.017902371861,182.859457297226));
#1714=CARTESIAN_POINT('',(-0.0261783290416803,-55.0178985154553,182.15689213418));
#1715=CARTESIAN_POINT('Origin',(-0.0386697552531982,48.3006381264943,182.15689213418));
#1716=CARTESIAN_POINT('',(-14.4826965404377,-60.0158459800557,182.15689213418));
#1717=CARTESIAN_POINT('Origin',(-0.0386697552531982,48.3006381264943,182.15689213418));
#1718=CARTESIAN_POINT('',(14.4832419365484,-60.0199586628708,182.15689213418));
#1719=CARTESIAN_POINT('Origin',(0.00027269805534379,-60.0179023214633,182.859457297225));
#1720=CARTESIAN_POINT('',(-14.5024248406158,-79.0158433704775,182.859457297224));
#1721=CARTESIAN_POINT('',(-14.4997271557898,-60.0158435619908,182.859457297225));
#1722=CARTESIAN_POINT('Origin',(-0.0024249867706725,-79.01790212995,182.859457297224));
#1723=CARTESIAN_POINT('Origin',(-29.9291575023621,-38.0136526170475,75.5289362366602));
#1724=CARTESIAN_POINT('',(-29.9291575023621,-38.0136526170475,75.5289362366602));
#1725=CARTESIAN_POINT('Origin',(29.9328265335345,-60.0221522476226,97.5289362366611));
#1726=CARTESIAN_POINT('',(29.9359501685962,-38.0221524693738,75.5289362366602));
#1727=CARTESIAN_POINT('Origin',(-29.9344108886023,-75.0136522441047,91.3157328010674));
#1728=CARTESIAN_POINT('',(-29.9323773552558,-60.6913219181283,76.9934023307274));
#1729=CARTESIAN_POINT('',(-29.933995028817,-72.0847200854925,88.3868006129327));
#1730=CARTESIAN_POINT('Origin',(29.9329382455952,-59.2353556911486,75.5289362366602));
#1731=CARTESIAN_POINT('',(29.9327303157026,-60.6998217704546,76.9934023307274));
#1732=CARTESIAN_POINT('',(-0.00144119333780235,-72.0889700116557,88.3868006129331));
#1733=CARTESIAN_POINT('Origin',(-29.9329910544833,-65.013652344901,95.4578684247983));
#1734=CARTESIAN_POINT('Origin',(-0.000437219004127196,-65.0179022710641,
95.4578684247986));
#1735=CARTESIAN_POINT('Origin',(-29.9312872535406,-53.0136524658557,75.5289362366602));
#1736=CARTESIAN_POINT('',(-29.931875368089,-57.1557880478325,75.5289362366602));
#1737=CARTESIAN_POINT('Origin',(-29.931875368089,-57.1557880478325,80.5289362366602));
#1738=CARTESIAN_POINT('Origin',(29.9359501685962,-38.0221524693738,75.5289362366602));
#1739=CARTESIAN_POINT('',(29.9332323028694,-57.1642879001588,75.5289362366602));
#1740=CARTESIAN_POINT('Origin',(29.9332323028694,-57.1642879001588,80.5289362366602));
#1741=CARTESIAN_POINT('Origin',(-0.00242498677066261,-79.0179021299494,
181.859457297228));
#1742=CARTESIAN_POINT('',(-11.0024248758946,-79.0163403124185,182.859457297228));
#1743=CARTESIAN_POINT('Origin',(-0.00242498677067241,-79.0179021299494,
182.859457297228));
#1744=CARTESIAN_POINT('Origin',(-0.00242498677067241,-79.0179021299494,
182.859457297228));
#1745=CARTESIAN_POINT('',(-11.0024248758946,-79.0163403124186,182.859457297228));
#1746=CARTESIAN_POINT('',(1.73472347597681E-17,-1900.,-100.));
#1747=CARTESIAN_POINT('',(-0.132609359958487,-0.481055702443793,-231.178057685779));
#1748=CARTESIAN_POINT('',(-0.132609359958611,-0.481055702457453,-1.17849817301715));
#1749=CARTESIAN_POINT('',(0.132609209771868,0.479997926059923,1.17849817301716));
#1750=UNCERTAINTY_MEASURE_WITH_UNIT(LENGTH_MEASURE(0.01),#1764,
'DISTANCE_ACCURACY_VALUE',
'Maximum model space distance between geometric entities at asserted c
onnectivities');
#1751=UNCERTAINTY_MEASURE_WITH_UNIT(LENGTH_MEASURE(0.01),#1764,
'DISTANCE_ACCURACY_VALUE',
'Maximum model space distance between geometric entities at asserted c
onnectivities');
#1752=UNCERTAINTY_MEASURE_WITH_UNIT(LENGTH_MEASURE(0.01),#1764,
'DISTANCE_ACCURACY_VALUE',
'Maximum model space distance between geometric entities at asserted c
onnectivities');
#1753=UNCERTAINTY_MEASURE_WITH_UNIT(LENGTH_MEASURE(0.01),#1764,
'DISTANCE_ACCURACY_VALUE',
'Maximum model space distance between geometric entities at asserted c
onnectivities');
#1754=UNCERTAINTY_MEASURE_WITH_UNIT(LENGTH_MEASURE(0.01),#1764,
'DISTANCE_ACCURACY_VALUE',
'Maximum model space distance between geometric entities at asserted c
onnectivities');
#1755=UNCERTAINTY_MEASURE_WITH_UNIT(LENGTH_MEASURE(0.01),#1764,
'DISTANCE_ACCURACY_VALUE',
'Maximum model space distance between geometric entities at asserted c
onnectivities');
#1756=UNCERTAINTY_MEASURE_WITH_UNIT(LENGTH_MEASURE(0.01),#1764,
'DISTANCE_ACCURACY_VALUE',
'Maximum model space distance between geometric entities at asserted c
onnectivities');
#1757=(
GEOMETRIC_REPRESENTATION_CONTEXT(3)
GLOBAL_UNCERTAINTY_ASSIGNED_CONTEXT((#1750))
GLOBAL_UNIT_ASSIGNED_CONTEXT((#1764,#1766,#1767))
REPRESENTATION_CONTEXT('','3D')
);
#1758=(
GEOMETRIC_REPRESENTATION_CONTEXT(3)
GLOBAL_UNCERTAINTY_ASSIGNED_CONTEXT((#1751))
GLOBAL_UNIT_ASSIGNED_CONTEXT((#1764,#1766,#1767))
REPRESENTATION_CONTEXT('','3D')
);
#1759=(
GEOMETRIC_REPRESENTATION_CONTEXT(3)
GLOBAL_UNCERTAINTY_ASSIGNED_CONTEXT((#1752))
GLOBAL_UNIT_ASSIGNED_CONTEXT((#1764,#1766,#1767))
REPRESENTATION_CONTEXT('','3D')
);
#1760=(
GEOMETRIC_REPRESENTATION_CONTEXT(3)
GLOBAL_UNCERTAINTY_ASSIGNED_CONTEXT((#1753))
GLOBAL_UNIT_ASSIGNED_CONTEXT((#1764,#1766,#1767))
REPRESENTATION_CONTEXT('','3D')
);
#1761=(
GEOMETRIC_REPRESENTATION_CONTEXT(3)
GLOBAL_UNCERTAINTY_ASSIGNED_CONTEXT((#1754))
GLOBAL_UNIT_ASSIGNED_CONTEXT((#1764,#1766,#1767))
REPRESENTATION_CONTEXT('','3D')
);
#1762=(
GEOMETRIC_REPRESENTATION_CONTEXT(3)
GLOBAL_UNCERTAINTY_ASSIGNED_CONTEXT((#1755))
GLOBAL_UNIT_ASSIGNED_CONTEXT((#1764,#1766,#1767))
REPRESENTATION_CONTEXT('','3D')
);
#1763=(
GEOMETRIC_REPRESENTATION_CONTEXT(3)
GLOBAL_UNCERTAINTY_ASSIGNED_CONTEXT((#1756))
GLOBAL_UNIT_ASSIGNED_CONTEXT((#1764,#1766,#1767))
REPRESENTATION_CONTEXT('','3D')
);
#1764=(
LENGTH_UNIT()
NAMED_UNIT(*)
SI_UNIT(.MILLI.,.METRE.)
);
#1765=(
LENGTH_UNIT()
NAMED_UNIT(*)
SI_UNIT($,.METRE.)
);
#1766=(
NAMED_UNIT(*)
PLANE_ANGLE_UNIT()
SI_UNIT($,.RADIAN.)
);
#1767=(
NAMED_UNIT(*)
SI_UNIT($,.STERADIAN.)
SOLID_ANGLE_UNIT()
);
#1768=SHAPE_DEFINITION_REPRESENTATION(#1774,#1785);
#1769=SHAPE_DEFINITION_REPRESENTATION(#1775,#1786);
#1770=SHAPE_DEFINITION_REPRESENTATION(#1776,#1787);
#1771=SHAPE_DEFINITION_REPRESENTATION(#1777,#1788);
#1772=SHAPE_DEFINITION_REPRESENTATION(#1778,#1789);
#1773=SHAPE_DEFINITION_REPRESENTATION(#1779,#1790);
#1774=PRODUCT_DEFINITION_SHAPE('',$,#1792);
#1775=PRODUCT_DEFINITION_SHAPE('',$,#1793);
#1776=PRODUCT_DEFINITION_SHAPE('',$,#1794);
#1777=PRODUCT_DEFINITION_SHAPE('',$,#1795);
#1778=PRODUCT_DEFINITION_SHAPE('',$,#1796);
#1779=PRODUCT_DEFINITION_SHAPE('',$,#1797);
#1780=PRODUCT_DEFINITION_SHAPE($,$,#957);
#1781=PRODUCT_DEFINITION_SHAPE($,$,#958);
#1782=PRODUCT_DEFINITION_SHAPE($,$,#959);
#1783=PRODUCT_DEFINITION_SHAPE($,$,#960);
#1784=PRODUCT_DEFINITION_SHAPE($,$,#961);
#1785=SHAPE_REPRESENTATION('',(#985,#1102),#1757);
#1786=SHAPE_REPRESENTATION('',(#986,#1100,#1101),#1758);
#1787=SHAPE_REPRESENTATION('',(#987),#1759);
#1788=SHAPE_REPRESENTATION('',(#988,#1099),#1760);
#1789=SHAPE_REPRESENTATION('',(#989,#991),#1761);
#1790=SHAPE_REPRESENTATION('',(#990),#1762);
#1791=PRODUCT_DEFINITION_CONTEXT('part definition',#1811,'design');
#1792=PRODUCT_DEFINITION('Robot back','Robot Head Design V1 v9',#1798,#1791);
#1793=PRODUCT_DEFINITION('Robot back_1','Robot Head Final v1',#1799,#1791);
#1794=PRODUCT_DEFINITION('Robot back_1_1','Robot Head Lid v1 (1)',#1800,
#1791);
#1795=PRODUCT_DEFINITION('Robot back_2','Robot Head without Dog v1',#1801,
#1791);
#1796=PRODUCT_DEFINITION('Base_Plate_v2','Base_Plate_v2 v9 (1) (1)',#1802,
#1791);
#1797=PRODUCT_DEFINITION('LID','LID v1 (1) (1)',#1803,#1791);
#1798=PRODUCT_DEFINITION_FORMATION('',$,#1813);
#1799=PRODUCT_DEFINITION_FORMATION('',$,#1814);
#1800=PRODUCT_DEFINITION_FORMATION('',$,#1815);
#1801=PRODUCT_DEFINITION_FORMATION('',$,#1816);
#1802=PRODUCT_DEFINITION_FORMATION('',$,#1817);
#1803=PRODUCT_DEFINITION_FORMATION('',$,#1818);
#1804=PRODUCT_RELATED_PRODUCT_CATEGORY('Robot Head Design V1 v9',
'Robot Head Design V1 v9',(#1813));
#1805=PRODUCT_RELATED_PRODUCT_CATEGORY('Robot Head Final v1',
'Robot Head Final v1',(#1814));
#1806=PRODUCT_RELATED_PRODUCT_CATEGORY('Robot Head Lid v1 (1)',
'Robot Head Lid v1 (1)',(#1815));
#1807=PRODUCT_RELATED_PRODUCT_CATEGORY('Robot Head without Dog v1',
'Robot Head without Dog v1',(#1816));
#1808=PRODUCT_RELATED_PRODUCT_CATEGORY('Base_Plate_v2 v9 (1) (1)',
'Base_Plate_v2 v9 (1) (1)',(#1817));
#1809=PRODUCT_RELATED_PRODUCT_CATEGORY('LID v1 (1) (1)',
'LID v1 (1) (1)',(#1818));
#1810=APPLICATION_PROTOCOL_DEFINITION('international standard',
'automotive_design',2009,#1811);
#1811=APPLICATION_CONTEXT(
'Core Data for Automotive Mechanical Design Process');
#1812=PRODUCT_CONTEXT('part definition',#1811,'mechanical');
#1813=PRODUCT('Robot back','Robot Head Design V1 v9','STEP AP203',(#1812));
#1814=PRODUCT('Robot back_1','Robot Head Final v1','STEP AP203',(#1812));
#1815=PRODUCT('Robot back_1_1','Robot Head Lid v1 (1)','STEP AP203',(#1812));
#1816=PRODUCT('Robot back_2','Robot Head without Dog v1','STEP AP203',(#1812));
#1817=PRODUCT('Base_Plate_v2','Base_Plate_v2 v9 (1) (1)','STEP AP203',(#1812));
#1818=PRODUCT('LID','LID v1 (1) (1)','STEP AP203',(#1812));
#1819=PRESENTATION_STYLE_ASSIGNMENT((#1821));
#1820=PRESENTATION_STYLE_ASSIGNMENT((#1822));
#1821=SURFACE_STYLE_USAGE(.BOTH.,#1823);
#1822=SURFACE_STYLE_USAGE(.BOTH.,#1824);
#1823=SURFACE_SIDE_STYLE('',(#1825));
#1824=SURFACE_SIDE_STYLE('',(#1826));
#1825=SURFACE_STYLE_FILL_AREA(#1827);
#1826=SURFACE_STYLE_FILL_AREA(#1828);
#1827=FILL_AREA_STYLE('Steel - Satin',(#1829));
#1828=FILL_AREA_STYLE('Opaque(160,160,160)',(#1830));
#1829=FILL_AREA_STYLE_COLOUR('Steel - Satin',#1831);
#1830=FILL_AREA_STYLE_COLOUR('Opaque(160,160,160)',#1832);
#1831=COLOUR_RGB('Steel - Satin',0.627450980392157,0.627450980392157,0.627450980392157);
#1832=COLOUR_RGB('Opaque(160,160,160)',0.627450980392157,0.627450980392157,
0.627450980392157);
ENDSEC;
END-ISO-10303-21;
